# cb.cb_institutions.required_documents_ai 스냅샷 (DB 현재 상태, 서류 1개 = 1행). confidence/note는 배치 실행 중에만 존재해 DB에 없다. 재생성: python scripts/dump_required_documents.py
serv_id,serv_nm,source,generated_at,doc_no,document,url,url_type,n_docs,provision_type,n_basfrm,apply_method_head
WLF00000024,아이돌봄서비스,basfrm,2026-07-28T13:23:55.594458+00:00,1,사회보장급여 신청서,https://bokjiro.go.kr/ssis-tbu/CmmFileUtil/getDownload.do?atcflId=20260325UUWBM1356560182126744&atcflSn=1,form_download,5,기타,3,"신청기관연락처목록: 거주지 읍/면/동 주민센터, 읍면동 주민센터 또는 복지로 웹사이트(PC/모바일앱)에서 ‘서비스 신청’ 조사기관연락처목록: 담당 시/군/구청 또는 읍면동 주민센터에서 조사 및 심사 결정기관연락처목록"
WLF00000024,아이돌봄서비스,basfrm,2026-07-28T13:23:55.594458+00:00,2,신분증,,,5,기타,3,"신청기관연락처목록: 거주지 읍/면/동 주민센터, 읍면동 주민센터 또는 복지로 웹사이트(PC/모바일앱)에서 ‘서비스 신청’ 조사기관연락처목록: 담당 시/군/구청 또는 읍면동 주민센터에서 조사 및 심사 결정기관연락처목록"
WLF00000024,아이돌봄서비스,basfrm,2026-07-28T13:23:55.594458+00:00,3,주민등록등본,https://www.gov.kr/mw/AA020InfoCappView.do?CappBizCD=13100000015,certificate_issuance,5,기타,3,"신청기관연락처목록: 거주지 읍/면/동 주민센터, 읍면동 주민센터 또는 복지로 웹사이트(PC/모바일앱)에서 ‘서비스 신청’ 조사기관연락처목록: 담당 시/군/구청 또는 읍면동 주민센터에서 조사 및 심사 결정기관연락처목록"
WLF00000024,아이돌봄서비스,basfrm,2026-07-28T13:23:55.594458+00:00,4,소득금액증명원,https://www.hometax.go.kr,certificate_issuance,5,기타,3,"신청기관연락처목록: 거주지 읍/면/동 주민센터, 읍면동 주민센터 또는 복지로 웹사이트(PC/모바일앱)에서 ‘서비스 신청’ 조사기관연락처목록: 담당 시/군/구청 또는 읍면동 주민센터에서 조사 및 심사 결정기관연락처목록"
WLF00000024,아이돌봄서비스,basfrm,2026-07-28T13:23:55.594458+00:00,5,장애인등록증,https://www.gov.kr,certificate_issuance,5,기타,3,"신청기관연락처목록: 거주지 읍/면/동 주민센터, 읍면동 주민센터 또는 복지로 웹사이트(PC/모바일앱)에서 ‘서비스 신청’ 조사기관연락처목록: 담당 시/군/구청 또는 읍면동 주민센터에서 조사 및 심사 결정기관연락처목록"
WLF00000025,장애인일자리지원,basfrm,2026-07-28T13:23:55.594458+00:00,1,장애인일자리사업 참여신청서,https://bokjiro.go.kr/ssis-tbu/CmmFileUtil/getDownload.do?atcflId=2455GOWF12GOWF122455&atcflSn=1,form_download,5,현금지급,3,"신청기관연락처목록: 거주지 읍/면/동 주민센터, 시군구에서 ‘서비스 신청’ 조사기관연락처목록: 담당 시/군/구청 또는 시군구에서 조사 및 심사 결정기관연락처목록: 담당 시/군/구청 또는 시군구에서 보장 결정 지급기관"
WLF00000025,장애인일자리지원,basfrm,2026-07-28T13:23:55.594458+00:00,2,개인정보 수집·이용 동의서,,,5,현금지급,3,"신청기관연락처목록: 거주지 읍/면/동 주민센터, 시군구에서 ‘서비스 신청’ 조사기관연락처목록: 담당 시/군/구청 또는 시군구에서 조사 및 심사 결정기관연락처목록: 담당 시/군/구청 또는 시군구에서 보장 결정 지급기관"
WLF00000025,장애인일자리지원,basfrm,2026-07-28T13:23:55.594458+00:00,3,신분증,,,5,현금지급,3,"신청기관연락처목록: 거주지 읍/면/동 주민센터, 시군구에서 ‘서비스 신청’ 조사기관연락처목록: 담당 시/군/구청 또는 시군구에서 조사 및 심사 결정기관연락처목록: 담당 시/군/구청 또는 시군구에서 보장 결정 지급기관"
WLF00000025,장애인일자리지원,basfrm,2026-07-28T13:23:55.594458+00:00,4,장애인등록증,https://www.gov.kr,certificate_issuance,5,현금지급,3,"신청기관연락처목록: 거주지 읍/면/동 주민센터, 시군구에서 ‘서비스 신청’ 조사기관연락처목록: 담당 시/군/구청 또는 시군구에서 조사 및 심사 결정기관연락처목록: 담당 시/군/구청 또는 시군구에서 보장 결정 지급기관"
WLF00000025,장애인일자리지원,basfrm,2026-07-28T13:23:55.594458+00:00,5,소득금액증명원,https://www.hometax.go.kr,certificate_issuance,5,현금지급,3,"신청기관연락처목록: 거주지 읍/면/동 주민센터, 시군구에서 ‘서비스 신청’ 조사기관연락처목록: 담당 시/군/구청 또는 시군구에서 조사 및 심사 결정기관연락처목록: 담당 시/군/구청 또는 시군구에서 보장 결정 지급기관"
WLF00000026,장애인자립자금대여,basfrm,2026-07-28T13:23:55.594458+00:00,1,사회보장급여 신청서,https://bokjiro.go.kr/ssis-tbu/CmmFileUtil/getDownload.do?atcflId=20250220UUWBM1352490124684810&atcflSn=1,form_download,6,현금대여(융자),4,"신청기관연락처목록: 거주지 읍/면/동 주민센터, 주소지 읍·면·동 주민센터 또는 복지로 웹사이트(PC/모바일앱)에서 ‘서비스 신청’ 신청기관연락처목록: 거주지 읍/면/동 주민센터, 복지로 홈페이지(www.bokjir"
WLF00000026,장애인자립자금대여,basfrm,2026-07-28T13:23:55.594458+00:00,2,개인정보 수집·이용 동의서,,,6,현금대여(융자),4,"신청기관연락처목록: 거주지 읍/면/동 주민센터, 주소지 읍·면·동 주민센터 또는 복지로 웹사이트(PC/모바일앱)에서 ‘서비스 신청’ 신청기관연락처목록: 거주지 읍/면/동 주민센터, 복지로 홈페이지(www.bokjir"
WLF00000026,장애인자립자금대여,basfrm,2026-07-28T13:23:55.594458+00:00,3,소득ㆍ재산 신고서,https://bokjiro.go.kr/ssis-tbu/CmmFileUtil/getDownload.do?atcflId=20250221UUWBM1335450124927044&atcflSn=1,form_download,6,현금대여(융자),4,"신청기관연락처목록: 거주지 읍/면/동 주민센터, 주소지 읍·면·동 주민센터 또는 복지로 웹사이트(PC/모바일앱)에서 ‘서비스 신청’ 신청기관연락처목록: 거주지 읍/면/동 주민센터, 복지로 홈페이지(www.bokjir"
WLF00000026,장애인자립자금대여,basfrm,2026-07-28T13:23:55.594458+00:00,4,신분증,,,6,현금대여(융자),4,"신청기관연락처목록: 거주지 읍/면/동 주민센터, 주소지 읍·면·동 주민센터 또는 복지로 웹사이트(PC/모바일앱)에서 ‘서비스 신청’ 신청기관연락처목록: 거주지 읍/면/동 주민센터, 복지로 홈페이지(www.bokjir"
WLF00000026,장애인자립자금대여,basfrm,2026-07-28T13:23:55.594458+00:00,5,장애인등록증,https://www.gov.kr,certificate_issuance,6,현금대여(융자),4,"신청기관연락처목록: 거주지 읍/면/동 주민센터, 주소지 읍·면·동 주민센터 또는 복지로 웹사이트(PC/모바일앱)에서 ‘서비스 신청’ 신청기관연락처목록: 거주지 읍/면/동 주민센터, 복지로 홈페이지(www.bokjir"
WLF00000026,장애인자립자금대여,basfrm,2026-07-28T13:23:55.594458+00:00,6,소득금액증명원,https://www.hometax.go.kr,certificate_issuance,6,현금대여(융자),4,"신청기관연락처목록: 거주지 읍/면/동 주민센터, 주소지 읍·면·동 주민센터 또는 복지로 웹사이트(PC/모바일앱)에서 ‘서비스 신청’ 신청기관연락처목록: 거주지 읍/면/동 주민센터, 복지로 홈페이지(www.bokjir"
WLF00000041,어선원 및 어선 재해보상보험,basfrm,2026-07-28T13:29:47.132375+00:00,1,어선보험 가입 청약서,https://bokjiro.go.kr/ssis-tbu/CmmFileUtil/getDownload.do?atcflId=1316GOWF16GOWF161316&atcflSn=1,form_download,2,현금지급,3,"신청기관연락처목록: 거주지 읍/면/동 주민센터, 수협중앙회 또는 회원조합에서 ‘서비스 신청’ 조사기관연락처목록: 담당 시/군/구청 또는 수협중앙회 또는 회원조합에서 조사 및 심사 결정기관연락처목록: 담당 시/군/구청"
WLF00000041,어선원 및 어선 재해보상보험,basfrm,2026-07-28T13:29:47.132375+00:00,2,어선원보험 가입 신고서,https://bokjiro.go.kr/ssis-tbu/CmmFileUtil/getDownload.do?atcflId=1315GOWF16GOWF161315&atcflSn=1,form_download,2,현금지급,3,"신청기관연락처목록: 거주지 읍/면/동 주민센터, 수협중앙회 또는 회원조합에서 ‘서비스 신청’ 조사기관연락처목록: 담당 시/군/구청 또는 수협중앙회 또는 회원조합에서 조사 및 심사 결정기관연락처목록: 담당 시/군/구청"
WLF00000043,보상금,basfrm,2026-07-28T13:29:47.132375+00:00,1,예금계좌 지정 등 신청서,https://bokjiro.go.kr/ssis-tbu/CmmFileUtil/getDownload.do?atcflId=20240304UUWBM1414500073187790&atcflSn=1,form_download,2,현금지급,3,"신청기관연락처목록: 거주지 읍/면/동 주민센터, 보훈(지)청에서 ‘서비스 신청’ 조사기관연락처목록: 담당 시/군/구청 또는 보훈(지)청에서 조사 및 심사 결정기관연락처목록: 담당 시/군/구청 또는 보훈(지)청에서 보"
WLF00000043,보상금,basfrm,2026-07-28T13:29:47.132375+00:00,2,신분증,,,2,현금지급,3,"신청기관연락처목록: 거주지 읍/면/동 주민센터, 보훈(지)청에서 ‘서비스 신청’ 조사기관연락처목록: 담당 시/군/구청 또는 보훈(지)청에서 조사 및 심사 결정기관연락처목록: 담당 시/군/구청 또는 보훈(지)청에서 보"
WLF00000044,생활안정자금(융자),basfrm,2026-07-28T13:29:47.132375+00:00,1,생활안정자금 융자 신청서,https://bokjiro.go.kr/ssis-tbu/CmmFileUtil/getDownload.do?atcflId=20260413UUWBM1532120185897707&atcflSn=1,form_download,4,현금대여(융자),2,"신청기관연락처목록: 거주지 읍/면/동 주민센터, 근로복지공단에서 ‘서비스 신청’ 조사기관연락처목록: 담당 시/군/구청 또는 근로복지공단에서 조사 및 심사 결정기관연락처목록: 담당 시/군/구청 또는 근로복지공단에서 보"
WLF00000044,생활안정자금(융자),basfrm,2026-07-28T13:29:47.132375+00:00,2,신분증,,,4,현금대여(융자),2,"신청기관연락처목록: 거주지 읍/면/동 주민센터, 근로복지공단에서 ‘서비스 신청’ 조사기관연락처목록: 담당 시/군/구청 또는 근로복지공단에서 조사 및 심사 결정기관연락처목록: 담당 시/군/구청 또는 근로복지공단에서 보"
WLF00000044,생활안정자금(융자),basfrm,2026-07-28T13:29:47.132375+00:00,3,소득금액증명원,https://www.hometax.go.kr,certificate_issuance,4,현금대여(융자),2,"신청기관연락처목록: 거주지 읍/면/동 주민센터, 근로복지공단에서 ‘서비스 신청’ 조사기관연락처목록: 담당 시/군/구청 또는 근로복지공단에서 조사 및 심사 결정기관연락처목록: 담당 시/군/구청 또는 근로복지공단에서 보"
WLF00000044,생활안정자금(융자),basfrm,2026-07-28T13:29:47.132375+00:00,4,고용보험 근로내용 확인신고서,,,4,현금대여(융자),2,"신청기관연락처목록: 거주지 읍/면/동 주민센터, 근로복지공단에서 ‘서비스 신청’ 조사기관연락처목록: 담당 시/군/구청 또는 근로복지공단에서 조사 및 심사 결정기관연락처목록: 담당 시/군/구청 또는 근로복지공단에서 보"
WLF00000050,무공영예수당,basfrm,2026-07-28T13:29:47.132375+00:00,1,예금계좌 지정 신청서,https://bokjiro.go.kr/ssis-tbu/CmmFileUtil/getDownload.do?atcflId=20240304UUWBM1413430073187531&atcflSn=1,form_download,3,현금지급,2,"신청기관연락처목록: 거주지 읍/면/동 주민센터, 보훈(지)청에서 ‘서비스 신청’ 조사기관연락처목록: 담당 시/군/구청 또는 보훈(지)청에서 조사 및 심사 결정기관연락처목록: 담당 시/군/구청 또는 보훈(지)청에서 보"
WLF00000050,무공영예수당,basfrm,2026-07-28T13:29:47.132375+00:00,2,신분증,,,3,현금지급,2,"신청기관연락처목록: 거주지 읍/면/동 주민센터, 보훈(지)청에서 ‘서비스 신청’ 조사기관연락처목록: 담당 시/군/구청 또는 보훈(지)청에서 조사 및 심사 결정기관연락처목록: 담당 시/군/구청 또는 보훈(지)청에서 보"
WLF00000050,무공영예수당,basfrm,2026-07-28T13:29:47.132375+00:00,3,무공훈장 증명서,,,3,현금지급,2,"신청기관연락처목록: 거주지 읍/면/동 주민센터, 보훈(지)청에서 ‘서비스 신청’ 조사기관연락처목록: 담당 시/군/구청 또는 보훈(지)청에서 조사 및 심사 결정기관연락처목록: 담당 시/군/구청 또는 보훈(지)청에서 보"
WLF00000051,고엽제환자2세수당,basfrm,2026-07-28T13:29:47.132375+00:00,1,(국가) 예금계좌 지정 등 신청서,https://bokjiro.go.kr/ssis-tbu/CmmFileUtil/getDownload.do?atcflId=20240304UUWBM1413430073187531&atcflSn=1,form_download,4,현금지급,2,"신청기관연락처목록: 거주지 읍/면/동 주민센터, 보훈(지)청에서 ‘서비스 신청’ 조사기관연락처목록: 담당 시/군/구청 또는 보훈(지)청에서 조사 및 심사 결정기관연락처목록: 담당 시/군/구청 또는 보훈(지)청에서 보"
WLF00000051,고엽제환자2세수당,basfrm,2026-07-28T13:29:47.132375+00:00,2,신분증,,,4,현금지급,2,"신청기관연락처목록: 거주지 읍/면/동 주민센터, 보훈(지)청에서 ‘서비스 신청’ 조사기관연락처목록: 담당 시/군/구청 또는 보훈(지)청에서 조사 및 심사 결정기관연락처목록: 담당 시/군/구청 또는 보훈(지)청에서 보"
WLF00000051,고엽제환자2세수당,basfrm,2026-07-28T13:29:47.132375+00:00,3,가족관계증명서,https://efamily.scourt.go.kr,certificate_issuance,4,현금지급,2,"신청기관연락처목록: 거주지 읍/면/동 주민센터, 보훈(지)청에서 ‘서비스 신청’ 조사기관연락처목록: 담당 시/군/구청 또는 보훈(지)청에서 조사 및 심사 결정기관연락처목록: 담당 시/군/구청 또는 보훈(지)청에서 보"
WLF00000051,고엽제환자2세수당,basfrm,2026-07-28T13:29:47.132375+00:00,4,장애인등록증,https://www.gov.kr,certificate_issuance,4,현금지급,2,"신청기관연락처목록: 거주지 읍/면/동 주민센터, 보훈(지)청에서 ‘서비스 신청’ 조사기관연락처목록: 담당 시/군/구청 또는 보훈(지)청에서 조사 및 심사 결정기관연락처목록: 담당 시/군/구청 또는 보훈(지)청에서 보"
WLF00000053,풍수해·지진재해보험료 지원,basfrm,2026-07-28T13:29:47.132375+00:00,1,풍수해·지진재해보험 단체가입 동의서,,,2,감면,1,"신청기관연락처목록: 거주지 읍/면/동 주민센터, 풍수해·지진재해보험2(경제취약계층 또는 세입자동산 가입자) 상품은 가까운 행정복지센터 내 풍수해·지진재해보험 담당자를 통해 가입에서 ‘서비스 신청’ 신청기관연락처목록:"
WLF00000053,풍수해·지진재해보험료 지원,basfrm,2026-07-28T13:29:47.132375+00:00,2,신분증,,,2,감면,1,"신청기관연락처목록: 거주지 읍/면/동 주민센터, 풍수해·지진재해보험2(경제취약계층 또는 세입자동산 가입자) 상품은 가까운 행정복지센터 내 풍수해·지진재해보험 담당자를 통해 가입에서 ‘서비스 신청’ 신청기관연락처목록:"
WLF00000054,국가보훈대상자 보훈장학금,basfrm,2026-07-28T13:29:47.132375+00:00,1,보훈장학신청서,https://bokjiro.go.kr/ssis-tbu/CmmFileUtil/getDownload.do?atcflId=0355GOWF11GOWF110355&atcflSn=1,form_download,4,현금지급,2,"신청기관연락처목록: 거주지 읍/면/동 주민센터, 재학중인 학교소재지를 관할하는 보훈지청에서 ‘서비스 신청’ 조사기관연락처목록: 담당 시/군/구청 또는 재학중인 학교소재지를 관할하는 보훈지청에서 조사 및 심사 결정기관"
WLF00000054,국가보훈대상자 보훈장학금,basfrm,2026-07-28T13:29:47.132375+00:00,2,신분증,,,4,현금지급,2,"신청기관연락처목록: 거주지 읍/면/동 주민센터, 재학중인 학교소재지를 관할하는 보훈지청에서 ‘서비스 신청’ 조사기관연락처목록: 담당 시/군/구청 또는 재학중인 학교소재지를 관할하는 보훈지청에서 조사 및 심사 결정기관"
WLF00000054,국가보훈대상자 보훈장학금,basfrm,2026-07-28T13:29:47.132375+00:00,3,재학증명서,,,4,현금지급,2,"신청기관연락처목록: 거주지 읍/면/동 주민센터, 재학중인 학교소재지를 관할하는 보훈지청에서 ‘서비스 신청’ 조사기관연락처목록: 담당 시/군/구청 또는 재학중인 학교소재지를 관할하는 보훈지청에서 조사 및 심사 결정기관"
WLF00000054,국가보훈대상자 보훈장학금,basfrm,2026-07-28T13:29:47.132375+00:00,4,성적증명서,,,4,현금지급,2,"신청기관연락처목록: 거주지 읍/면/동 주민센터, 재학중인 학교소재지를 관할하는 보훈지청에서 ‘서비스 신청’ 조사기관연락처목록: 담당 시/군/구청 또는 재학중인 학교소재지를 관할하는 보훈지청에서 조사 및 심사 결정기관"
WLF00000055,통합문화이용권,basfrm,2026-07-28T13:29:47.132375+00:00,1,문화이용권 신청서,,,2,전자바우처(바우처),3,"신청기관연락처목록: 거주지 읍/면/동 주민센터, 문화누리카드 누리집(mnuri.kr) 및 모바일 앱(본인 인증 후 신청)에서 ‘서비스 신청’ 신청기관연락처목록: 거주지 읍/면/동 주민센터, 행정복지센터 방문에서 ‘서"
WLF00000055,통합문화이용권,basfrm,2026-07-28T13:29:47.132375+00:00,2,신분증,,,2,전자바우처(바우처),3,"신청기관연락처목록: 거주지 읍/면/동 주민센터, 문화누리카드 누리집(mnuri.kr) 및 모바일 앱(본인 인증 후 신청)에서 ‘서비스 신청’ 신청기관연락처목록: 거주지 읍/면/동 주민센터, 행정복지센터 방문에서 ‘서"
WLF00000061,의료급여임신.출산진료비지원,basfrm,2026-07-28T13:29:47.132375+00:00,1,의료급여 임신·출산 진료비 지원 신청서,https://bokjiro.go.kr/ssis-tbu/CmmFileUtil/getDownload.do?atcflId=2484GOWF12GOWF122484&atcflSn=1,form_download,4,현금지급,2,"신청기관연락처목록: 거주지 읍/면/동 주민센터, 시군구 또는 복지로 웹사이트(PC/모바일앱)에서 ‘서비스 신청’ 조사기관연락처목록: 담당 시/군/구청 또는 시군구에서 조사 및 심사 결정기관연락처목록: 담당 시/군/구"
WLF00000061,의료급여임신.출산진료비지원,basfrm,2026-07-28T13:29:47.132375+00:00,2,신분증,,,4,현금지급,2,"신청기관연락처목록: 거주지 읍/면/동 주민센터, 시군구 또는 복지로 웹사이트(PC/모바일앱)에서 ‘서비스 신청’ 조사기관연락처목록: 담당 시/군/구청 또는 시군구에서 조사 및 심사 결정기관연락처목록: 담당 시/군/구"
WLF00000061,의료급여임신.출산진료비지원,basfrm,2026-07-28T13:29:47.132375+00:00,3,주민등록등본,https://www.gov.kr/mw/AA020InfoCappView.do?CappBizCD=13100000015,certificate_issuance,4,현금지급,2,"신청기관연락처목록: 거주지 읍/면/동 주민센터, 시군구 또는 복지로 웹사이트(PC/모바일앱)에서 ‘서비스 신청’ 조사기관연락처목록: 담당 시/군/구청 또는 시군구에서 조사 및 심사 결정기관연락처목록: 담당 시/군/구"
WLF00000061,의료급여임신.출산진료비지원,basfrm,2026-07-28T13:29:47.132375+00:00,4,수급자증명서,https://www.gov.kr/mw/AA020InfoCappView.do?CappBizCD=14600000280,certificate_issuance,4,현금지급,2,"신청기관연락처목록: 거주지 읍/면/동 주민센터, 시군구 또는 복지로 웹사이트(PC/모바일앱)에서 ‘서비스 신청’ 조사기관연락처목록: 담당 시/군/구청 또는 시군구에서 조사 및 심사 결정기관연락처목록: 담당 시/군/구"
WLF00000062,기존주택등 매입임대주택 지원사업,basfrm,2026-07-28T13:29:47.132375+00:00,1,매입임대주택 공급신청서,https://bokjiro.go.kr/ssis-tbu/CmmFileUtil/getDownload.do?atcflId=2441GOWF12GOWF122441&atcflSn=1,form_download,5,현물지급,2,"신청기관연락처목록: 거주지 읍/면/동 주민센터, 읍면동에서 ‘서비스 신청’ 조사기관연락처목록: 담당 시/군/구청 또는 시군구에서 조사 및 심사 결정기관연락처목록: 담당 시/군/구청 또는 시군구에서 보장 결정 지급기관"
WLF00000062,기존주택등 매입임대주택 지원사업,basfrm,2026-07-28T13:29:47.132375+00:00,2,신분증,,,5,현물지급,2,"신청기관연락처목록: 거주지 읍/면/동 주민센터, 읍면동에서 ‘서비스 신청’ 조사기관연락처목록: 담당 시/군/구청 또는 시군구에서 조사 및 심사 결정기관연락처목록: 담당 시/군/구청 또는 시군구에서 보장 결정 지급기관"
WLF00000062,기존주택등 매입임대주택 지원사업,basfrm,2026-07-28T13:29:47.132375+00:00,3,주민등록등본,https://www.gov.kr/mw/AA020InfoCappView.do?CappBizCD=13100000015,certificate_issuance,5,현물지급,2,"신청기관연락처목록: 거주지 읍/면/동 주민센터, 읍면동에서 ‘서비스 신청’ 조사기관연락처목록: 담당 시/군/구청 또는 시군구에서 조사 및 심사 결정기관연락처목록: 담당 시/군/구청 또는 시군구에서 보장 결정 지급기관"
WLF00000062,기존주택등 매입임대주택 지원사업,basfrm,2026-07-28T13:29:47.132375+00:00,4,장애인등록증,https://www.gov.kr,certificate_issuance,5,현물지급,2,"신청기관연락처목록: 거주지 읍/면/동 주민센터, 읍면동에서 ‘서비스 신청’ 조사기관연락처목록: 담당 시/군/구청 또는 시군구에서 조사 및 심사 결정기관연락처목록: 담당 시/군/구청 또는 시군구에서 보장 결정 지급기관"
WLF00000062,기존주택등 매입임대주택 지원사업,basfrm,2026-07-28T13:29:47.132375+00:00,5,수급자증명서,https://www.gov.kr/mw/AA020InfoCappView.do?CappBizCD=14600000280,certificate_issuance,5,현물지급,2,"신청기관연락처목록: 거주지 읍/면/동 주민센터, 읍면동에서 ‘서비스 신청’ 조사기관연락처목록: 담당 시/군/구청 또는 시군구에서 조사 및 심사 결정기관연락처목록: 담당 시/군/구청 또는 시군구에서 보장 결정 지급기관"
WLF00000063,(북한이탈주민)교육비 지원,basfrm,2026-07-28T13:29:47.132375+00:00,1,교육지원 신청서,https://bokjiro.go.kr/ssis-tbu/CmmFileUtil/getDownload.do?atcflId=5478GOWF15GOWF155478&atcflSn=1,form_download,3,현금지급,2,"신청기관연락처목록: 거주지 읍/면/동 주민센터, 남북하나재단에서 ‘서비스 신청’ 조사기관연락처목록: 담당 시/군/구청 또는 남북하나재단에서 조사 및 심사 결정기관연락처목록: 담당 시/군/구청 또는 남북하나재단에서 보"
WLF00000063,(북한이탈주민)교육비 지원,basfrm,2026-07-28T13:29:47.132375+00:00,2,교육지원 보조금 지급신청서,https://bokjiro.go.kr/ssis-tbu/CmmFileUtil/getDownload.do?atcflId=5479GOWF15GOWF155479&atcflSn=1,form_download,3,현금지급,2,"신청기관연락처목록: 거주지 읍/면/동 주민센터, 남북하나재단에서 ‘서비스 신청’ 조사기관연락처목록: 담당 시/군/구청 또는 남북하나재단에서 조사 및 심사 결정기관연락처목록: 담당 시/군/구청 또는 남북하나재단에서 보"
WLF00000063,(북한이탈주민)교육비 지원,basfrm,2026-07-28T13:29:47.132375+00:00,3,신분증,,,3,현금지급,2,"신청기관연락처목록: 거주지 읍/면/동 주민센터, 남북하나재단에서 ‘서비스 신청’ 조사기관연락처목록: 담당 시/군/구청 또는 남북하나재단에서 조사 및 심사 결정기관연락처목록: 담당 시/군/구청 또는 남북하나재단에서 보"
WLF00000064,발달장애인 부모상담지원사업,basfrm,2026-07-28T13:29:47.132375+00:00,1,개인정보 수집·이용 동의서,,,5,전자바우처(바우처),7,"신청기관연락처목록: 거주지 읍/면/동 주민센터, 주민등록상 주소지 관할 읍/면/동 주민센터 또는 복지로 웹사이트(PC/모바일앱)에서 ‘서비스 신청’ 조사기관연락처목록: 담당 시/군/구청 또는 시/군/구에서 조사 및 "
WLF00000064,발달장애인 부모상담지원사업,basfrm,2026-07-28T13:29:47.132375+00:00,2,사회보장급여 신청서,https://bokjiro.go.kr/ssis-tbu/CmmFileUtil/getDownload.do?atcflId=0991GOWF16GOWF160991&atcflSn=1,form_download,5,전자바우처(바우처),7,"신청기관연락처목록: 거주지 읍/면/동 주민센터, 주민등록상 주소지 관할 읍/면/동 주민센터 또는 복지로 웹사이트(PC/모바일앱)에서 ‘서비스 신청’ 조사기관연락처목록: 담당 시/군/구청 또는 시/군/구에서 조사 및 "
WLF00000064,발달장애인 부모상담지원사업,basfrm,2026-07-28T13:29:47.132375+00:00,3,진단서,,,5,전자바우처(바우처),7,"신청기관연락처목록: 거주지 읍/면/동 주민센터, 주민등록상 주소지 관할 읍/면/동 주민센터 또는 복지로 웹사이트(PC/모바일앱)에서 ‘서비스 신청’ 조사기관연락처목록: 담당 시/군/구청 또는 시/군/구에서 조사 및 "
WLF00000064,발달장애인 부모상담지원사업,basfrm,2026-07-28T13:29:47.132375+00:00,4,장애인등록증,https://www.gov.kr,certificate_issuance,5,전자바우처(바우처),7,"신청기관연락처목록: 거주지 읍/면/동 주민센터, 주민등록상 주소지 관할 읍/면/동 주민센터 또는 복지로 웹사이트(PC/모바일앱)에서 ‘서비스 신청’ 조사기관연락처목록: 담당 시/군/구청 또는 시/군/구에서 조사 및 "
WLF00000064,발달장애인 부모상담지원사업,basfrm,2026-07-28T13:29:47.132375+00:00,5,신분증,,,5,전자바우처(바우처),7,"신청기관연락처목록: 거주지 읍/면/동 주민센터, 주민등록상 주소지 관할 읍/면/동 주민센터 또는 복지로 웹사이트(PC/모바일앱)에서 ‘서비스 신청’ 조사기관연락처목록: 담당 시/군/구청 또는 시/군/구에서 조사 및 "
WLF00000065,발달장애인 공공후견지원 사업,basfrm,2026-07-28T13:29:47.132375+00:00,1,개인정보 제공 동의서,,,7,현금지급,11,"신청기관연락처목록: 거주지 읍/면/동 주민센터, 시.군.구에서 ‘서비스 신청’ 조사기관연락처목록: 담당 시/군/구청 또는 시.군.구에서 조사 및 심사 결정기관연락처목록: 담당 시/군/구청 또는 시.군.구에서 보장 결"
WLF00000065,발달장애인 공공후견지원 사업,basfrm,2026-07-28T13:29:47.132375+00:00,2,공공후견지원사업 이용 신청서,https://bokjiro.go.kr/ssis-tbu/CmmFileUtil/getDownload.do?atcflId=1476GOWF16GOWF161476&atcflSn=1,form_download,7,현금지급,11,"신청기관연락처목록: 거주지 읍/면/동 주민센터, 시.군.구에서 ‘서비스 신청’ 조사기관연락처목록: 담당 시/군/구청 또는 시.군.구에서 조사 및 심사 결정기관연락처목록: 담당 시/군/구청 또는 시.군.구에서 보장 결"
WLF00000065,발달장애인 공공후견지원 사업,basfrm,2026-07-28T13:29:47.132375+00:00,3,후견심판청구 동의서(이해관계인용),,,7,현금지급,11,"신청기관연락처목록: 거주지 읍/면/동 주민센터, 시.군.구에서 ‘서비스 신청’ 조사기관연락처목록: 담당 시/군/구청 또는 시.군.구에서 조사 및 심사 결정기관연락처목록: 담당 시/군/구청 또는 시.군.구에서 보장 결"
WLF00000065,발달장애인 공공후견지원 사업,basfrm,2026-07-28T13:29:47.132375+00:00,4,후견심판청구 동의서(사건본인용),,,7,현금지급,11,"신청기관연락처목록: 거주지 읍/면/동 주민센터, 시.군.구에서 ‘서비스 신청’ 조사기관연락처목록: 담당 시/군/구청 또는 시.군.구에서 조사 및 심사 결정기관연락처목록: 담당 시/군/구청 또는 시.군.구에서 보장 결"
WLF00000065,발달장애인 공공후견지원 사업,basfrm,2026-07-28T13:29:47.132375+00:00,5,후견심판청구에 대한 본인의 의향 확인서,https://bokjiro.go.kr/ssis-tbu/CmmFileUtil/getDownload.do?atcflId=1481GOWF16GOWF161481&atcflSn=1,form_download,7,현금지급,11,"신청기관연락처목록: 거주지 읍/면/동 주민센터, 시.군.구에서 ‘서비스 신청’ 조사기관연락처목록: 담당 시/군/구청 또는 시.군.구에서 조사 및 심사 결정기관연락처목록: 담당 시/군/구청 또는 시.군.구에서 보장 결"
WLF00000065,발달장애인 공공후견지원 사업,basfrm,2026-07-28T13:29:47.132375+00:00,6,장애인등록증,https://www.gov.kr,certificate_issuance,7,현금지급,11,"신청기관연락처목록: 거주지 읍/면/동 주민센터, 시.군.구에서 ‘서비스 신청’ 조사기관연락처목록: 담당 시/군/구청 또는 시.군.구에서 조사 및 심사 결정기관연락처목록: 담당 시/군/구청 또는 시.군.구에서 보장 결"
WLF00000065,발달장애인 공공후견지원 사업,basfrm,2026-07-28T13:29:47.132375+00:00,7,신분증,,,7,현금지급,11,"신청기관연락처목록: 거주지 읍/면/동 주민센터, 시.군.구에서 ‘서비스 신청’ 조사기관연락처목록: 담당 시/군/구청 또는 시.군.구에서 조사 및 심사 결정기관연락처목록: 담당 시/군/구청 또는 시.군.구에서 보장 결"
WLF00000069,보훈원 양로지원,basfrm,2026-07-28T13:29:47.132375+00:00,1,보훈원 입소신청서,https://bokjiro.go.kr/ssis-tbu/CmmFileUtil/getDownload.do?atcflId=20260428UUWBM1434250188546927&atcflSn=1,form_download,5,시설입소,2,"신청기관연락처목록: 거주지 읍/면/동 주민센터, 한국보훈복지의료공단 보훈원에서 ‘서비스 신청’ 조사기관연락처목록: 담당 시/군/구청 또는 한국보훈복지의료공단 보훈원에서 조사 및 심사 결정기관연락처목록: 담당 시/군/"
WLF00000069,보훈원 양로지원,basfrm,2026-07-28T13:29:47.132375+00:00,2,개인정보 수집·이용 동의서,,,5,시설입소,2,"신청기관연락처목록: 거주지 읍/면/동 주민센터, 한국보훈복지의료공단 보훈원에서 ‘서비스 신청’ 조사기관연락처목록: 담당 시/군/구청 또는 한국보훈복지의료공단 보훈원에서 조사 및 심사 결정기관연락처목록: 담당 시/군/"
WLF00000069,보훈원 양로지원,basfrm,2026-07-28T13:29:47.132375+00:00,3,신분증,,,5,시설입소,2,"신청기관연락처목록: 거주지 읍/면/동 주민센터, 한국보훈복지의료공단 보훈원에서 ‘서비스 신청’ 조사기관연락처목록: 담당 시/군/구청 또는 한국보훈복지의료공단 보훈원에서 조사 및 심사 결정기관연락처목록: 담당 시/군/"
WLF00000069,보훈원 양로지원,basfrm,2026-07-28T13:29:47.132375+00:00,4,주민등록등본,https://www.gov.kr/mw/AA020InfoCappView.do?CappBizCD=13100000015,certificate_issuance,5,시설입소,2,"신청기관연락처목록: 거주지 읍/면/동 주민센터, 한국보훈복지의료공단 보훈원에서 ‘서비스 신청’ 조사기관연락처목록: 담당 시/군/구청 또는 한국보훈복지의료공단 보훈원에서 조사 및 심사 결정기관연락처목록: 담당 시/군/"
WLF00000069,보훈원 양로지원,basfrm,2026-07-28T13:29:47.132375+00:00,5,장애인등록증,https://www.gov.kr,certificate_issuance,5,시설입소,2,"신청기관연락처목록: 거주지 읍/면/동 주민센터, 한국보훈복지의료공단 보훈원에서 ‘서비스 신청’ 조사기관연락처목록: 담당 시/군/구청 또는 한국보훈복지의료공단 보훈원에서 조사 및 심사 결정기관연락처목록: 담당 시/군/"
WLF00000071,여성경제활동 촉진지원(여성새로일하기지원센터 사업),basfrm,2026-07-28T13:29:47.132375+00:00,1,구직신청서,https://bokjiro.go.kr/ssis-tbu/CmmFileUtil/getDownload.do?atcflId=1293GOWF16GOWF161293&atcflSn=1,form_download,2,프로그램/서비스(서비스),2,"신청기관연락처목록: 거주지 읍/면/동 주민센터, 여성새로일하기센터에서 ‘서비스 신청’ 조사기관연락처목록: 담당 시/군/구청 또는 여성새로일하기센터에서 조사 및 심사 결정기관연락처목록: 담당 시/군/구청 또는 여성새로"
WLF00000071,여성경제활동 촉진지원(여성새로일하기지원센터 사업),basfrm,2026-07-28T13:29:47.132375+00:00,2,신분증,,,2,프로그램/서비스(서비스),2,"신청기관연락처목록: 거주지 읍/면/동 주민센터, 여성새로일하기센터에서 ‘서비스 신청’ 조사기관연락처목록: 담당 시/군/구청 또는 여성새로일하기센터에서 조사 및 심사 결정기관연락처목록: 담당 시/군/구청 또는 여성새로"
WLF00000075,여성기업종합지원센터운영,basfrm,2026-07-28T13:29:47.132375+00:00,1,BI 입주기업 신청서류,https://bokjiro.go.kr/ssis-tbu/CmmFileUtil/getDownload.do?atcflId=5600GOWF15GOWF155600&atcflSn=1,form_download,2,시설입소,1,"신청기관연락처목록: 거주지 읍/면/동 주민센터, (재)여성기업종합지원센터에서 ‘서비스 신청’ 조사기관연락처목록: 담당 시/군/구청 또는 (재)여성기업종합지원센터에서 조사 및 심사 결정기관연락처목록: 담당 시/군/구청"
WLF00000075,여성기업종합지원센터운영,basfrm,2026-07-28T13:29:47.132375+00:00,2,신분증,,,2,시설입소,1,"신청기관연락처목록: 거주지 읍/면/동 주민센터, (재)여성기업종합지원센터에서 ‘서비스 신청’ 조사기관연락처목록: 담당 시/군/구청 또는 (재)여성기업종합지원센터에서 조사 및 심사 결정기관연락처목록: 담당 시/군/구청"
WLF00000076,스포츠강좌이용권,basfrm,2026-07-28T13:29:47.132375+00:00,1,스포츠강좌이용권 신청서,https://bokjiro.go.kr/ssis-tbu/CmmFileUtil/getDownload.do?atcflId=5581GOWF15GOWF155581&atcflSn=1,form_download,4,전자바우처(바우처),2,"신청기관연락처목록: 거주지 읍/면/동 주민센터, 지방자치단체(시군구청, 주민센터, 방문), 국민체육진흥공단(인터넷)에서 ‘서비스 신청’ 조사기관연락처목록: 담당 시/군/구청 또는 지방자치단체에서 조사 및 심사 결정기"
WLF00000076,스포츠강좌이용권,basfrm,2026-07-28T13:29:47.132375+00:00,2,신분증,,,4,전자바우처(바우처),2,"신청기관연락처목록: 거주지 읍/면/동 주민센터, 지방자치단체(시군구청, 주민센터, 방문), 국민체육진흥공단(인터넷)에서 ‘서비스 신청’ 조사기관연락처목록: 담당 시/군/구청 또는 지방자치단체에서 조사 및 심사 결정기"
WLF00000076,스포츠강좌이용권,basfrm,2026-07-28T13:29:47.132375+00:00,3,주민등록등본,https://www.gov.kr/mw/AA020InfoCappView.do?CappBizCD=13100000015,certificate_issuance,4,전자바우처(바우처),2,"신청기관연락처목록: 거주지 읍/면/동 주민센터, 지방자치단체(시군구청, 주민센터, 방문), 국민체육진흥공단(인터넷)에서 ‘서비스 신청’ 조사기관연락처목록: 담당 시/군/구청 또는 지방자치단체에서 조사 및 심사 결정기"
WLF00000076,스포츠강좌이용권,basfrm,2026-07-28T13:29:47.132375+00:00,4,수급자증명서,https://www.gov.kr/mw/AA020InfoCappView.do?CappBizCD=14600000280,certificate_issuance,4,전자바우처(바우처),2,"신청기관연락처목록: 거주지 읍/면/동 주민센터, 지방자치단체(시군구청, 주민센터, 방문), 국민체육진흥공단(인터넷)에서 ‘서비스 신청’ 조사기관연락처목록: 담당 시/군/구청 또는 지방자치단체에서 조사 및 심사 결정기"
WLF00000078,청소년특별지원,basfrm,2026-07-28T13:29:47.132375+00:00,1,사회보장급여 신청서,https://bokjiro.go.kr/ssis-tbu/CmmFileUtil/getDownload.do?atcflId=20260325UUWBM1356560182126744&atcflSn=1,form_download,5,"현금지급, 현물지급",3,"신청기관연락처목록: 거주지 읍/면/동 주민센터, 읍면동 행정복지센터 또는 복지로 웹사이트(PC/모바일앱)에서 ‘서비스 신청’ 조사기관연락처목록: 담당 시/군/구청 또는 시군구에서 조사 및 심사 결정기관연락처목록: 담"
WLF00000078,청소년특별지원,basfrm,2026-07-28T13:29:47.132375+00:00,2,특별지원 사전 검토서,https://bokjiro.go.kr/ssis-tbu/CmmFileUtil/getDownload.do?atcflId=20260325UUWBM1348590182124005&atcflSn=1,form_download,5,"현금지급, 현물지급",3,"신청기관연락처목록: 거주지 읍/면/동 주민센터, 읍면동 행정복지센터 또는 복지로 웹사이트(PC/모바일앱)에서 ‘서비스 신청’ 조사기관연락처목록: 담당 시/군/구청 또는 시군구에서 조사 및 심사 결정기관연락처목록: 담"
WLF00000078,청소년특별지원,basfrm,2026-07-28T13:29:47.132375+00:00,3,신분증,,,5,"현금지급, 현물지급",3,"신청기관연락처목록: 거주지 읍/면/동 주민센터, 읍면동 행정복지센터 또는 복지로 웹사이트(PC/모바일앱)에서 ‘서비스 신청’ 조사기관연락처목록: 담당 시/군/구청 또는 시군구에서 조사 및 심사 결정기관연락처목록: 담"
WLF00000078,청소년특별지원,basfrm,2026-07-28T13:29:47.132375+00:00,4,주민등록등본,https://www.gov.kr/mw/AA020InfoCappView.do?CappBizCD=13100000015,certificate_issuance,5,"현금지급, 현물지급",3,"신청기관연락처목록: 거주지 읍/면/동 주민센터, 읍면동 행정복지센터 또는 복지로 웹사이트(PC/모바일앱)에서 ‘서비스 신청’ 조사기관연락처목록: 담당 시/군/구청 또는 시군구에서 조사 및 심사 결정기관연락처목록: 담"
WLF00000078,청소년특별지원,basfrm,2026-07-28T13:29:47.132375+00:00,5,소득금액증명원,https://www.hometax.go.kr,certificate_issuance,5,"현금지급, 현물지급",3,"신청기관연락처목록: 거주지 읍/면/동 주민센터, 읍면동 행정복지센터 또는 복지로 웹사이트(PC/모바일앱)에서 ‘서비스 신청’ 조사기관연락처목록: 담당 시/군/구청 또는 시군구에서 조사 및 심사 결정기관연락처목록: 담"
WLF00000087,"지방세 비과세감면(주민세, 취득세, 자동차세, 재산세, 지역자원시설세 등)",basfrm,2026-07-28T13:29:47.132375+00:00,1,지방세 감면 신청서,https://bokjiro.go.kr/ssis-tbu/CmmFileUtil/getDownload.do?atcflId=5481GOWF15GOWF155481&atcflSn=1,form_download,4,기타,3,"신청기관연락처목록: 거주지 읍/면/동 주민센터, 시군구 세무부서로 비과세 및 감면 신청에서 ‘서비스 신청’ 조사기관연락처목록: 담당 시/군/구청 또는 시군구 에서 조사 및 심사 결정기관연락처목록: 담당 시/군/구청 "
WLF00000087,"지방세 비과세감면(주민세, 취득세, 자동차세, 재산세, 지역자원시설세 등)",basfrm,2026-07-28T13:29:47.132375+00:00,2,신분증,,,4,기타,3,"신청기관연락처목록: 거주지 읍/면/동 주민센터, 시군구 세무부서로 비과세 및 감면 신청에서 ‘서비스 신청’ 조사기관연락처목록: 담당 시/군/구청 또는 시군구 에서 조사 및 심사 결정기관연락처목록: 담당 시/군/구청 "
WLF00000087,"지방세 비과세감면(주민세, 취득세, 자동차세, 재산세, 지역자원시설세 등)",basfrm,2026-07-28T13:29:47.132375+00:00,3,수급자증명서,https://www.gov.kr/mw/AA020InfoCappView.do?CappBizCD=14600000280,certificate_issuance,4,기타,3,"신청기관연락처목록: 거주지 읍/면/동 주민센터, 시군구 세무부서로 비과세 및 감면 신청에서 ‘서비스 신청’ 조사기관연락처목록: 담당 시/군/구청 또는 시군구 에서 조사 및 심사 결정기관연락처목록: 담당 시/군/구청 "
WLF00000087,"지방세 비과세감면(주민세, 취득세, 자동차세, 재산세, 지역자원시설세 등)",basfrm,2026-07-28T13:29:47.132375+00:00,4,장애인등록증,https://www.gov.kr,certificate_issuance,4,기타,3,"신청기관연락처목록: 거주지 읍/면/동 주민센터, 시군구 세무부서로 비과세 및 감면 신청에서 ‘서비스 신청’ 조사기관연락처목록: 담당 시/군/구청 또는 시군구 에서 조사 및 심사 결정기관연락처목록: 담당 시/군/구청 "
WLF00000093,버팀목대출보증,basfrm,2026-07-28T13:29:47.132375+00:00,1,신용보증신청서,https://bokjiro.go.kr/ssis-tbu/CmmFileUtil/getDownload.do?atcflId=2589GOWF12GOWF122589&atcflSn=1,form_download,4,기타,2,"신청기관연락처목록: 거주지 읍/면/동 주민센터, 위탁금융기관에서 ‘서비스 신청’ 조사기관연락처목록: 담당 시/군/구청 또는 위탁금융기관에서 조사 및 심사 결정기관연락처목록: 담당 시/군/구청 또는 한국주택금융공사에서"
WLF00000093,버팀목대출보증,basfrm,2026-07-28T13:29:47.132375+00:00,2,신분증,,,4,기타,2,"신청기관연락처목록: 거주지 읍/면/동 주민센터, 위탁금융기관에서 ‘서비스 신청’ 조사기관연락처목록: 담당 시/군/구청 또는 위탁금융기관에서 조사 및 심사 결정기관연락처목록: 담당 시/군/구청 또는 한국주택금융공사에서"
WLF00000093,버팀목대출보증,basfrm,2026-07-28T13:29:47.132375+00:00,3,임대차계약서 사본,,,4,기타,2,"신청기관연락처목록: 거주지 읍/면/동 주민센터, 위탁금융기관에서 ‘서비스 신청’ 조사기관연락처목록: 담당 시/군/구청 또는 위탁금융기관에서 조사 및 심사 결정기관연락처목록: 담당 시/군/구청 또는 한국주택금융공사에서"
WLF00000093,버팀목대출보증,basfrm,2026-07-28T13:29:47.132375+00:00,4,주민등록등본,https://www.gov.kr/mw/AA020InfoCappView.do?CappBizCD=13100000015,certificate_issuance,4,기타,2,"신청기관연락처목록: 거주지 읍/면/동 주민센터, 위탁금융기관에서 ‘서비스 신청’ 조사기관연락처목록: 담당 시/군/구청 또는 위탁금융기관에서 조사 및 심사 결정기관연락처목록: 담당 시/군/구청 또는 한국주택금융공사에서"
WLF00000095,사회보험사각지대해소 사업(두루누리 사회보험료 지원사업),basfrm,2026-07-28T13:29:47.132375+00:00,1,"국민연금, 고용보험 보험료 지원신청서",https://bokjiro.go.kr/ssis-tbu/CmmFileUtil/getDownload.do?atcflId=5598GOWF15GOWF155598&atcflSn=1,form_download,3,감면,2,"신청기관연락처목록: 거주지 읍/면/동 주민센터, 근로복지공단 및 국민연금공단 각 지사에서 ‘서비스 신청’ 조사기관연락처목록: 담당 시/군/구청 또는 근로복지공단 및 국민연금공단 각 지사에서 조사 및 심사 결정기관연락"
WLF00000095,사회보험사각지대해소 사업(두루누리 사회보험료 지원사업),basfrm,2026-07-28T13:29:47.132375+00:00,2,예술인 고용보험 보험료 지원신청서,https://bokjiro.go.kr/ssis-tbu/CmmFileUtil/getDownload.do?atcflId=5599GOWF15GOWF155599&atcflSn=1,form_download,3,감면,2,"신청기관연락처목록: 거주지 읍/면/동 주민센터, 근로복지공단 및 국민연금공단 각 지사에서 ‘서비스 신청’ 조사기관연락처목록: 담당 시/군/구청 또는 근로복지공단 및 국민연금공단 각 지사에서 조사 및 심사 결정기관연락"
WLF00000095,사회보험사각지대해소 사업(두루누리 사회보험료 지원사업),basfrm,2026-07-28T13:29:47.132375+00:00,3,신분증,,,3,감면,2,"신청기관연락처목록: 거주지 읍/면/동 주민센터, 근로복지공단 및 국민연금공단 각 지사에서 ‘서비스 신청’ 조사기관연락처목록: 담당 시/군/구청 또는 근로복지공단 및 국민연금공단 각 지사에서 조사 및 심사 결정기관연락"
WLF00000096,제대군인전직지원금,basfrm,2026-07-28T13:29:47.132375+00:00,1,전직지원금 지급신청서,https://bokjiro.go.kr/ssis-tbu/CmmFileUtil/getDownload.do?atcflId=1364GOWF16GOWF161364&atcflSn=1,form_download,2,현금지급,3,"신청기관연락처목록: 거주지 읍/면/동 주민센터, 제대군인지원센터에서 ‘서비스 신청’ 조사기관연락처목록: 담당 시/군/구청 또는 제대군인지원센터에서 조사 및 심사 결정기관연락처목록: 담당 시/군/구청 또는 제대군인지원"
WLF00000096,제대군인전직지원금,basfrm,2026-07-28T13:29:47.132375+00:00,2,신분증,,,2,현금지급,3,"신청기관연락처목록: 거주지 읍/면/동 주민센터, 제대군인지원센터에서 ‘서비스 신청’ 조사기관연락처목록: 담당 시/군/구청 또는 제대군인지원센터에서 조사 및 심사 결정기관연락처목록: 담당 시/군/구청 또는 제대군인지원"
WLF00000097,국가유공자등생활조정수당,basfrm,2026-07-28T13:29:47.132375+00:00,1,생활조정수당 지급 신청서,https://bokjiro.go.kr/ssis-tbu/CmmFileUtil/getDownload.do?atcflId=20250508UUWBM1416110136311157&atcflSn=1,form_download,3,현금지급,2,"신청기관연락처목록: 거주지 읍/면/동 주민센터, 관할 보훈(지)청에서 ‘서비스 신청’ 조사기관연락처목록: 담당 시/군/구청 또는 관할 보훈(지)청에서 조사 및 심사 결정기관연락처목록: 담당 시/군/구청 또는 관할 보"
WLF00000097,국가유공자등생활조정수당,basfrm,2026-07-28T13:29:47.132375+00:00,2,신분증,,,3,현금지급,2,"신청기관연락처목록: 거주지 읍/면/동 주민센터, 관할 보훈(지)청에서 ‘서비스 신청’ 조사기관연락처목록: 담당 시/군/구청 또는 관할 보훈(지)청에서 조사 및 심사 결정기관연락처목록: 담당 시/군/구청 또는 관할 보"
WLF00000097,국가유공자등생활조정수당,basfrm,2026-07-28T13:29:47.132375+00:00,3,소득금액증명원,https://www.hometax.go.kr,certificate_issuance,3,현금지급,2,"신청기관연락처목록: 거주지 읍/면/동 주민센터, 관할 보훈(지)청에서 ‘서비스 신청’ 조사기관연락처목록: 담당 시/군/구청 또는 관할 보훈(지)청에서 조사 및 심사 결정기관연락처목록: 담당 시/군/구청 또는 관할 보"
WLF00000098,국가유공자재가복지지원,basfrm,2026-07-28T13:29:47.132375+00:00,1,보훈재가복지서비스 지원신청서,https://bokjiro.go.kr/ssis-tbu/CmmFileUtil/getDownload.do?atcflId=2975GOWF13GOWF132975&atcflSn=1,form_download,6,프로그램/서비스(서비스),4,"신청기관연락처목록: 거주지 읍/면/동 주민센터, 보훈(지)청에서 ‘서비스 신청’ 조사기관연락처목록: 담당 시/군/구청 또는 보훈(지)청에서 조사 및 심사 결정기관연락처목록: 담당 시/군/구청 또는 보훈(지)청에서 보"
WLF00000098,국가유공자재가복지지원,basfrm,2026-07-28T13:29:47.132375+00:00,2,소득재산신고서,https://bokjiro.go.kr/ssis-tbu/CmmFileUtil/getDownload.do?atcflId=2976GOWF13GOWF132976&atcflSn=1,form_download,6,프로그램/서비스(서비스),4,"신청기관연락처목록: 거주지 읍/면/동 주민센터, 보훈(지)청에서 ‘서비스 신청’ 조사기관연락처목록: 담당 시/군/구청 또는 보훈(지)청에서 조사 및 심사 결정기관연락처목록: 담당 시/군/구청 또는 보훈(지)청에서 보"
WLF00000098,국가유공자재가복지지원,basfrm,2026-07-28T13:29:47.132375+00:00,3,개인정보 수집·이용 동의서,,,6,프로그램/서비스(서비스),4,"신청기관연락처목록: 거주지 읍/면/동 주민센터, 보훈(지)청에서 ‘서비스 신청’ 조사기관연락처목록: 담당 시/군/구청 또는 보훈(지)청에서 조사 및 심사 결정기관연락처목록: 담당 시/군/구청 또는 보훈(지)청에서 보"
WLF00000098,국가유공자재가복지지원,basfrm,2026-07-28T13:29:47.132375+00:00,4,신분증,,,6,프로그램/서비스(서비스),4,"신청기관연락처목록: 거주지 읍/면/동 주민센터, 보훈(지)청에서 ‘서비스 신청’ 조사기관연락처목록: 담당 시/군/구청 또는 보훈(지)청에서 조사 및 심사 결정기관연락처목록: 담당 시/군/구청 또는 보훈(지)청에서 보"
WLF00000098,국가유공자재가복지지원,basfrm,2026-07-28T13:29:47.132375+00:00,5,주민등록등본,https://www.gov.kr/mw/AA020InfoCappView.do?CappBizCD=13100000015,certificate_issuance,6,프로그램/서비스(서비스),4,"신청기관연락처목록: 거주지 읍/면/동 주민센터, 보훈(지)청에서 ‘서비스 신청’ 조사기관연락처목록: 담당 시/군/구청 또는 보훈(지)청에서 조사 및 심사 결정기관연락처목록: 담당 시/군/구청 또는 보훈(지)청에서 보"
WLF00000098,국가유공자재가복지지원,basfrm,2026-07-28T13:29:47.132375+00:00,6,소득금액증명원,https://www.hometax.go.kr,certificate_issuance,6,프로그램/서비스(서비스),4,"신청기관연락처목록: 거주지 읍/면/동 주민센터, 보훈(지)청에서 ‘서비스 신청’ 조사기관연락처목록: 담당 시/군/구청 또는 보훈(지)청에서 조사 및 심사 결정기관연락처목록: 담당 시/군/구청 또는 보훈(지)청에서 보"
WLF00000103,노인장기요양보험 복지용구 급여,basfrm,2026-07-28T13:29:47.132375+00:00,1,복지용구 급여확인서,https://bokjiro.go.kr/ssis-tbu/CmmFileUtil/getDownload.do?atcflId=5582GOWF15GOWF155582&atcflSn=1,form_download,2,"현물지급, 기타",3,"신청기관연락처목록: 거주지 읍/면/동 주민센터, 복지용구사업소에서 ‘서비스 신청’ 조사기관연락처목록: 담당 시/군/구청 또는 국민건강보험공단에서 조사 및 심사 결정기관연락처목록: 담당 시/군/구청 또는 국민건강보험공"
WLF00000103,노인장기요양보험 복지용구 급여,basfrm,2026-07-28T13:29:47.132375+00:00,2,신분증,,,2,"현물지급, 기타",3,"신청기관연락처목록: 거주지 읍/면/동 주민센터, 복지용구사업소에서 ‘서비스 신청’ 조사기관연락처목록: 담당 시/군/구청 또는 국민건강보험공단에서 조사 및 심사 결정기관연락처목록: 담당 시/군/구청 또는 국민건강보험공"
WLF00000104,시각·청각장애인용 TV 보급사업,basfrm,2026-07-28T13:29:47.132375+00:00,1,시각·청각장애인용 TV 신청서,https://bokjiro.go.kr/ssis-tbu/CmmFileUtil/getDownload.do?atcflId=20260522UUWBM1452170193175529&atcflSn=1,form_download,4,현물지급,1,"신청기관연락처목록: 거주지 읍/면/동 주민센터, 주소지 관할 주민센터에서 ‘서비스 신청’ 조사기관연락처목록: 담당 시/군/구청 또는 시청자미디어재단에서 조사 및 심사 결정기관연락처목록: 담당 시/군/구청 또는 시청자"
WLF00000104,시각·청각장애인용 TV 보급사업,basfrm,2026-07-28T13:29:47.132375+00:00,2,신분증,,,4,현물지급,1,"신청기관연락처목록: 거주지 읍/면/동 주민센터, 주소지 관할 주민센터에서 ‘서비스 신청’ 조사기관연락처목록: 담당 시/군/구청 또는 시청자미디어재단에서 조사 및 심사 결정기관연락처목록: 담당 시/군/구청 또는 시청자"
WLF00000104,시각·청각장애인용 TV 보급사업,basfrm,2026-07-28T13:29:47.132375+00:00,3,장애인등록증,https://www.gov.kr,certificate_issuance,4,현물지급,1,"신청기관연락처목록: 거주지 읍/면/동 주민센터, 주소지 관할 주민센터에서 ‘서비스 신청’ 조사기관연락처목록: 담당 시/군/구청 또는 시청자미디어재단에서 조사 및 심사 결정기관연락처목록: 담당 시/군/구청 또는 시청자"
WLF00000104,시각·청각장애인용 TV 보급사업,basfrm,2026-07-28T13:29:47.132375+00:00,4,수급자증명서,https://www.gov.kr/mw/AA020InfoCappView.do?CappBizCD=14600000280,certificate_issuance,4,현물지급,1,"신청기관연락처목록: 거주지 읍/면/동 주민센터, 주소지 관할 주민센터에서 ‘서비스 신청’ 조사기관연락처목록: 담당 시/군/구청 또는 시청자미디어재단에서 조사 및 심사 결정기관연락처목록: 담당 시/군/구청 또는 시청자"
WLF00000661,"국가유공자 위문(호국보훈위문금, 사망위로금, 보훈예우수당, 참전유공자 배우자 복지수당)",basfrm,2026-07-28T13:34:47.114419+00:00,1,보훈관련 신청서,https://www.bokjiro.go.kr/ssis-tbu/CmmFileUtil/siteQnaInfoDownload.do?atcflId=20260612UUWBM1327180196701434&atcflSn=1,form_download,3,현금지급,2,"1. 위문금1) 신청방법: 거주지 관할 동주민센터 신청2) 지급시기: 호국보훈의 달(6월) 및 명절(추석)2. 사망위로금1) 사망일 현재 노원구 거주 국가유공자 및 수권유족 사망시, 1년 이내에 관할 동주민센터로 신"
WLF00000661,"국가유공자 위문(호국보훈위문금, 사망위로금, 보훈예우수당, 참전유공자 배우자 복지수당)",basfrm,2026-07-28T13:34:47.114419+00:00,2,신분증,,,3,현금지급,2,"1. 위문금1) 신청방법: 거주지 관할 동주민센터 신청2) 지급시기: 호국보훈의 달(6월) 및 명절(추석)2. 사망위로금1) 사망일 현재 노원구 거주 국가유공자 및 수권유족 사망시, 1년 이내에 관할 동주민센터로 신"
WLF00000661,"국가유공자 위문(호국보훈위문금, 사망위로금, 보훈예우수당, 참전유공자 배우자 복지수당)",basfrm,2026-07-28T13:34:47.114419+00:00,3,주민등록등본,https://www.gov.kr/mw/AA020InfoCappView.do?CappBizCD=13100000015,certificate_issuance,3,현금지급,2,"1. 위문금1) 신청방법: 거주지 관할 동주민센터 신청2) 지급시기: 호국보훈의 달(6월) 및 명절(추석)2. 사망위로금1) 사망일 현재 노원구 거주 국가유공자 및 수권유족 사망시, 1년 이내에 관할 동주민센터로 신"
WLF00000666,저소득 중증장애인가구 유료방송 이용요금 지원,basfrm,2026-07-28T13:34:47.114419+00:00,1,저소득 중증장애인 유료방송신청서,https://www.bokjiro.go.kr/ssis-tbu/CmmFileUtil/siteQnaInfoDownload.do?atcflId=6809GOWF14GOWF146809&atcflSn=1,form_download,5,감면,1,신청 및 접수 : 거주지 동주민센터대상자 결정 : 은평구 장애인복지과방송 시청을 위한 STB(Set Top Box) 무료설치 : 지역케이블방송사
WLF00000666,저소득 중증장애인가구 유료방송 이용요금 지원,basfrm,2026-07-28T13:34:47.114419+00:00,2,개인정보 수집·이용 동의서,,,5,감면,1,신청 및 접수 : 거주지 동주민센터대상자 결정 : 은평구 장애인복지과방송 시청을 위한 STB(Set Top Box) 무료설치 : 지역케이블방송사
WLF00000666,저소득 중증장애인가구 유료방송 이용요금 지원,basfrm,2026-07-28T13:34:47.114419+00:00,3,신분증,,,5,감면,1,신청 및 접수 : 거주지 동주민센터대상자 결정 : 은평구 장애인복지과방송 시청을 위한 STB(Set Top Box) 무료설치 : 지역케이블방송사
WLF00000666,저소득 중증장애인가구 유료방송 이용요금 지원,basfrm,2026-07-28T13:34:47.114419+00:00,4,장애인등록증,https://www.gov.kr,certificate_issuance,5,감면,1,신청 및 접수 : 거주지 동주민센터대상자 결정 : 은평구 장애인복지과방송 시청을 위한 STB(Set Top Box) 무료설치 : 지역케이블방송사
WLF00000666,저소득 중증장애인가구 유료방송 이용요금 지원,basfrm,2026-07-28T13:34:47.114419+00:00,5,수급자증명서,https://www.gov.kr/mw/AA020InfoCappView.do?CappBizCD=14600000280,certificate_issuance,5,감면,1,신청 및 접수 : 거주지 동주민센터대상자 결정 : 은평구 장애인복지과방송 시청을 위한 STB(Set Top Box) 무료설치 : 지역케이블방송사
WLF00000691,서울특별시 서대문구 국가보훈대상자 예우 및 지원에 관한 조례,basfrm,2026-07-28T13:34:47.114419+00:00,1,보훈예우수당 지급신청서,https://www.bokjiro.go.kr/ssis-tbu/CmmFileUtil/siteQnaInfoDownload.do?atcflId=20230728UUWBM0956230044546734&atcflSn=1,form_download,4,현금지급,2,거주지 동주민센터에 신청
WLF00000691,서울특별시 서대문구 국가보훈대상자 예우 및 지원에 관한 조례,basfrm,2026-07-28T13:34:47.114419+00:00,2,국가유공자증,,,4,현금지급,2,거주지 동주민센터에 신청
WLF00000691,서울특별시 서대문구 국가보훈대상자 예우 및 지원에 관한 조례,basfrm,2026-07-28T13:34:47.114419+00:00,3,유족증,,,4,현금지급,2,거주지 동주민센터에 신청
WLF00000691,서울특별시 서대문구 국가보훈대상자 예우 및 지원에 관한 조례,basfrm,2026-07-28T13:34:47.114419+00:00,4,신분증,,,4,현금지급,2,거주지 동주민센터에 신청
WLF00000782,(북한이탈주민)사회보장 지원(수급권자 범위의 특례),basfrm,2026-07-28T13:34:47.114419+00:00,1,금융정보 등 제공 동의서,,,4,현금지급,2,"신청기관연락처목록: 거주지 읍/면/동 주민센터, 읍면동 에서 ‘서비스 신청’ 조사기관연락처목록: 담당 시/군/구청 또는 시군구에서 조사 및 심사 결정기관연락처목록: 담당 시/군/구청 또는 시군구에서 보장 결정 이의신"
WLF00000782,(북한이탈주민)사회보장 지원(수급권자 범위의 특례),basfrm,2026-07-28T13:34:47.114419+00:00,2,사회보장급여 신청서,https://bokjiro.go.kr/ssis-tbu/CmmFileUtil/getDownload.do?atcflId=0991GOWF16GOWF160991&atcflSn=1,form_download,4,현금지급,2,"신청기관연락처목록: 거주지 읍/면/동 주민센터, 읍면동 에서 ‘서비스 신청’ 조사기관연락처목록: 담당 시/군/구청 또는 시군구에서 조사 및 심사 결정기관연락처목록: 담당 시/군/구청 또는 시군구에서 보장 결정 이의신"
WLF00000782,(북한이탈주민)사회보장 지원(수급권자 범위의 특례),basfrm,2026-07-28T13:34:47.114419+00:00,3,신분증,,,4,현금지급,2,"신청기관연락처목록: 거주지 읍/면/동 주민센터, 읍면동 에서 ‘서비스 신청’ 조사기관연락처목록: 담당 시/군/구청 또는 시군구에서 조사 및 심사 결정기관연락처목록: 담당 시/군/구청 또는 시군구에서 보장 결정 이의신"
WLF00000782,(북한이탈주민)사회보장 지원(수급권자 범위의 특례),basfrm,2026-07-28T13:34:47.114419+00:00,4,주민등록등본,https://www.gov.kr/mw/AA020InfoCappView.do?CappBizCD=13100000015,certificate_issuance,4,현금지급,2,"신청기관연락처목록: 거주지 읍/면/동 주민센터, 읍면동 에서 ‘서비스 신청’ 조사기관연락처목록: 담당 시/군/구청 또는 시군구에서 조사 및 심사 결정기관연락처목록: 담당 시/군/구청 또는 시군구에서 보장 결정 이의신"
WLF00000815,(북한이탈주민)주택알선 지원,basfrm,2026-07-28T13:34:47.114419+00:00,1,주거 희망지역 신청서,https://bokjiro.go.kr/ssis-tbu/CmmFileUtil/getDownload.do?atcflId=5670GOWF15GOWF155670&atcflSn=1,form_download,2,현물지급,1,"신청기관연락처목록: 거주지 읍/면/동 주민센터, 북한이탈주민정착지원사무소(하나원)에서 ‘서비스 신청’ 조사기관연락처목록: 담당 시/군/구청 또는 북한이탈주민정착지원사무소(하나원)에서 조사 및 심사 결정기관연락처목록:"
WLF00000815,(북한이탈주민)주택알선 지원,basfrm,2026-07-28T13:34:47.114419+00:00,2,신분증,,,2,현물지급,1,"신청기관연락처목록: 거주지 읍/면/동 주민센터, 북한이탈주민정착지원사무소(하나원)에서 ‘서비스 신청’ 조사기관연락처목록: 담당 시/군/구청 또는 북한이탈주민정착지원사무소(하나원)에서 조사 및 심사 결정기관연락처목록:"
WLF00000819,국가유공자 위문금 지급,basfrm,2026-07-28T13:34:47.114419+00:00,1,보훈수당 신청서,https://www.bokjiro.go.kr/ssis-tbu/CmmFileUtil/siteQnaInfoDownload.do?atcflId=20240703UUWBM1636490092426713&atcflSn=1,form_download,3,현금지급,2,"1. 구청 복지정책과, 거주지 동주민센터 신청 2. 보훈단체 추천"
WLF00000819,국가유공자 위문금 지급,basfrm,2026-07-28T13:34:47.114419+00:00,2,신분증,,,3,현금지급,2,"1. 구청 복지정책과, 거주지 동주민센터 신청 2. 보훈단체 추천"
WLF00000819,국가유공자 위문금 지급,basfrm,2026-07-28T13:34:47.114419+00:00,3,주민등록등본,https://www.gov.kr/mw/AA020InfoCappView.do?CappBizCD=13100000015,certificate_issuance,3,현금지급,2,"1. 구청 복지정책과, 거주지 동주민센터 신청 2. 보훈단체 추천"
WLF00000821,송파구 국가보훈대상자에 대한 보훈수당 지원,basfrm,2026-07-28T13:34:47.114419+00:00,1,보훈수당 신청서,https://www.bokjiro.go.kr/ssis-tbu/CmmFileUtil/siteQnaInfoDownload.do?atcflId=20240703UUWBM1636490092426713&atcflSn=1,form_download,3,현금지급,2,동 주민센터에서 신청
WLF00000821,송파구 국가보훈대상자에 대한 보훈수당 지원,basfrm,2026-07-28T13:34:47.114419+00:00,2,신분증,,,3,현금지급,2,동 주민센터에서 신청
WLF00000821,송파구 국가보훈대상자에 대한 보훈수당 지원,basfrm,2026-07-28T13:34:47.114419+00:00,3,주민등록등본,https://www.gov.kr/mw/AA020InfoCappView.do?CappBizCD=13100000015,certificate_issuance,3,현금지급,2,동 주민센터에서 신청
WLF00000837,다문화가족 지원사업,basfrm,2026-07-28T13:34:47.114419+00:00,1,다문화가족지원센터 회원등록 신청서,https://bokjiro.go.kr/ssis-tbu/CmmFileUtil/getDownload.do?atcflId=5661GOWF15GOWF155661&atcflSn=1,form_download,2,프로그램/서비스(서비스),1,"신청기관연락처목록: 거주지 읍/면/동 주민센터, 시군구에서 ‘서비스 신청’ 조사기관연락처목록: 담당 시/군/구청 또는 시군구에서 조사 및 심사 결정기관연락처목록: 담당 시/군/구청 또는 시군구에서 보장 결정 이의신청"
WLF00000837,다문화가족 지원사업,basfrm,2026-07-28T13:34:47.114419+00:00,2,신분증,,,2,프로그램/서비스(서비스),1,"신청기관연락처목록: 거주지 읍/면/동 주민센터, 시군구에서 ‘서비스 신청’ 조사기관연락처목록: 담당 시/군/구청 또는 시군구에서 조사 및 심사 결정기관연락처목록: 담당 시/군/구청 또는 시군구에서 보장 결정 이의신청"
WLF00000843,저소득층 여성청소년 생리용품 지원사업,basfrm,2026-07-28T13:34:47.114419+00:00,1,생리대 지원 신청서,https://www.bokjiro.go.kr/ssis-tbu/CmmFileUtil/siteQnaInfoDownload.do?atcflId=20220711TTWAT0607070000740821&atcflSn=1,form_download,3,전자바우처(바우처),2,"신청방법 : 읍, 면, 동주민센터 방문 신청 또는 복지로 온라인 신청신청인 : 청소년 대상자 본인 또는 부모(※부모의 사정으로 지원 신청이 어렵거나 주양육자가 부모가 아닌 경우 청소년의 양육을 주로 담당하는 자(친족"
WLF00000843,저소득층 여성청소년 생리용품 지원사업,basfrm,2026-07-28T13:34:47.114419+00:00,2,신분증,,,3,전자바우처(바우처),2,"신청방법 : 읍, 면, 동주민센터 방문 신청 또는 복지로 온라인 신청신청인 : 청소년 대상자 본인 또는 부모(※부모의 사정으로 지원 신청이 어렵거나 주양육자가 부모가 아닌 경우 청소년의 양육을 주로 담당하는 자(친족"
WLF00000843,저소득층 여성청소년 생리용품 지원사업,basfrm,2026-07-28T13:34:47.114419+00:00,3,주민등록등본,https://www.gov.kr/mw/AA020InfoCappView.do?CappBizCD=13100000015,certificate_issuance,3,전자바우처(바우처),2,"신청방법 : 읍, 면, 동주민센터 방문 신청 또는 복지로 온라인 신청신청인 : 청소년 대상자 본인 또는 부모(※부모의 사정으로 지원 신청이 어렵거나 주양육자가 부모가 아닌 경우 청소년의 양육을 주로 담당하는 자(친족"
WLF00000847,소상공인 고용보험 가입지원,basfrm,2026-07-28T13:34:47.114419+00:00,1,서울시 자영업자 고용보험료 지원 신청서,https://www.bokjiro.go.kr/ssis-tbu/CmmFileUtil/siteQnaInfoDownload.do?atcflId=20240528UUWBM1105150087000735&atcflSn=1,form_download,2,현금지급,1,"신청 접수(온라인, 방문) → 대상자 확정(월별) → 납부한 보험료 환급(월별)"
WLF00000847,소상공인 고용보험 가입지원,basfrm,2026-07-28T13:34:47.114419+00:00,2,신분증,,,2,현금지급,1,"신청 접수(온라인, 방문) → 대상자 확정(월별) → 납부한 보험료 환급(월별)"
WLF00000864,희귀질환자 의료비 지원사업,basfrm,2026-07-28T13:34:47.114419+00:00,1,희귀질환자 의료비 지원 신청서,https://bokjiro.go.kr/ssis-tbu/CmmFileUtil/getDownload.do?atcflId=20260325UUWBM1040350182087754&atcflSn=1,form_download,6,"현금지급, 감면",5,"신청기관연락처목록: 거주지 읍/면/동 주민센터, 보건소에서 ‘서비스 신청’ 신청기관연락처목록: 거주지 읍/면/동 주민센터, 희귀질환 헬프라인(https://helpline.kdca.go.kr) 누리집에서 ‘서비스 신"
WLF00000864,희귀질환자 의료비 지원사업,basfrm,2026-07-28T13:34:47.114419+00:00,2,금융정보 등 제공 동의서,,,6,"현금지급, 감면",5,"신청기관연락처목록: 거주지 읍/면/동 주민센터, 보건소에서 ‘서비스 신청’ 신청기관연락처목록: 거주지 읍/면/동 주민센터, 희귀질환 헬프라인(https://helpline.kdca.go.kr) 누리집에서 ‘서비스 신"
WLF00000864,희귀질환자 의료비 지원사업,basfrm,2026-07-28T13:34:47.114419+00:00,3,희귀질환자 의료비 지원사업 등록 개인정보 처리 동의서,,,6,"현금지급, 감면",5,"신청기관연락처목록: 거주지 읍/면/동 주민센터, 보건소에서 ‘서비스 신청’ 신청기관연락처목록: 거주지 읍/면/동 주민센터, 희귀질환 헬프라인(https://helpline.kdca.go.kr) 누리집에서 ‘서비스 신"
WLF00000864,희귀질환자 의료비 지원사업,basfrm,2026-07-28T13:34:47.114419+00:00,4,소득재산정보 제공 동의서,,,6,"현금지급, 감면",5,"신청기관연락처목록: 거주지 읍/면/동 주민센터, 보건소에서 ‘서비스 신청’ 신청기관연락처목록: 거주지 읍/면/동 주민센터, 희귀질환 헬프라인(https://helpline.kdca.go.kr) 누리집에서 ‘서비스 신"
WLF00000864,희귀질환자 의료비 지원사업,basfrm,2026-07-28T13:34:47.114419+00:00,5,신분증,,,6,"현금지급, 감면",5,"신청기관연락처목록: 거주지 읍/면/동 주민센터, 보건소에서 ‘서비스 신청’ 신청기관연락처목록: 거주지 읍/면/동 주민센터, 희귀질환 헬프라인(https://helpline.kdca.go.kr) 누리집에서 ‘서비스 신"
WLF00000864,희귀질환자 의료비 지원사업,basfrm,2026-07-28T13:34:47.114419+00:00,6,진단서,,,6,"현금지급, 감면",5,"신청기관연락처목록: 거주지 읍/면/동 주민센터, 보건소에서 ‘서비스 신청’ 신청기관연락처목록: 거주지 읍/면/동 주민센터, 희귀질환 헬프라인(https://helpline.kdca.go.kr) 누리집에서 ‘서비스 신"
WLF00000922,여성기업 판로지원,basfrm,2026-07-28T13:34:47.114419+00:00,1,여성기업 확인제도 신청서,https://bokjiro.go.kr/ssis-tbu/CmmFileUtil/getDownload.do?atcflId=5612GOWF15GOWF155612&atcflSn=1,form_download,1,프로그램/서비스(서비스),1,"신청기관연락처목록: 거주지 읍/면/동 주민센터, 한국여성경제인협회, (재)여성기업종합지원센터에서 ‘서비스 신청’ 조사기관연락처목록: 담당 시/군/구청 또는 한국여성경제인협회, (재)여성기업종합지원센터에서 조사 및 심"
WLF00000955,종로구 둘째아 이상 출산장려 건강보험 가입 지원사업,basfrm,2026-07-28T13:39:22.126501+00:00,1,출산통합처리신청서,https://www.bokjiro.go.kr/ssis-tbu/CmmFileUtil/siteQnaInfoDownload.do?atcflId=20230724UUWBM1452520044003030&atcflSn=1,form_download,3,프로그램/서비스(서비스),2,ㅇ 부 또는 모가 신생아의 출생일부터 1년 이내 거주지 동주민센터 방문 신청ㅇ 지원대상자는 1년 이내 동장에게 신청서를 제출 * 신생아의 출생일 현재 신청인의 구 거주기간이 10개월미만일 경우에는 신청서 제출기한을 
WLF00000955,종로구 둘째아 이상 출산장려 건강보험 가입 지원사업,basfrm,2026-07-28T13:39:22.126501+00:00,2,신분증,,,3,프로그램/서비스(서비스),2,ㅇ 부 또는 모가 신생아의 출생일부터 1년 이내 거주지 동주민센터 방문 신청ㅇ 지원대상자는 1년 이내 동장에게 신청서를 제출 * 신생아의 출생일 현재 신청인의 구 거주기간이 10개월미만일 경우에는 신청서 제출기한을 
WLF00000955,종로구 둘째아 이상 출산장려 건강보험 가입 지원사업,basfrm,2026-07-28T13:39:22.126501+00:00,3,주민등록등본,https://www.gov.kr/mw/AA020InfoCappView.do?CappBizCD=13100000015,certificate_issuance,3,프로그램/서비스(서비스),2,ㅇ 부 또는 모가 신생아의 출생일부터 1년 이내 거주지 동주민센터 방문 신청ㅇ 지원대상자는 1년 이내 동장에게 신청서를 제출 * 신생아의 출생일 현재 신청인의 구 거주기간이 10개월미만일 경우에는 신청서 제출기한을 
WLF00000969,유아학비 지원(3~5세 누리과정 지원),basfrm,2026-07-28T13:39:22.126501+00:00,1,사회보장급여 신청서,https://bokjiro.go.kr/ssis-tbu/CmmFileUtil/getDownload.do?atcflId=20260223UUWBM0851160176888078&atcflSn=1,form_download,3,전자바우처(바우처),2,"신청기관연락처목록: 거주지 읍/면/동 주민센터, 주민센터 또는 복지로 웹사이트(PC/모바일앱)에서 ‘서비스 신청’ 사후관리기관목록: 담당 시/군/구청 또는 교육청에서 서비스 제공 이후 대상자의 상황 관리 사후관리기관"
WLF00000969,유아학비 지원(3~5세 누리과정 지원),basfrm,2026-07-28T13:39:22.126501+00:00,2,신분증,,,3,전자바우처(바우처),2,"신청기관연락처목록: 거주지 읍/면/동 주민센터, 주민센터 또는 복지로 웹사이트(PC/모바일앱)에서 ‘서비스 신청’ 사후관리기관목록: 담당 시/군/구청 또는 교육청에서 서비스 제공 이후 대상자의 상황 관리 사후관리기관"
WLF00000969,유아학비 지원(3~5세 누리과정 지원),basfrm,2026-07-28T13:39:22.126501+00:00,3,취학유예 통지서,,,3,전자바우처(바우처),2,"신청기관연락처목록: 거주지 읍/면/동 주민센터, 주민센터 또는 복지로 웹사이트(PC/모바일앱)에서 ‘서비스 신청’ 사후관리기관목록: 담당 시/군/구청 또는 교육청에서 서비스 제공 이후 대상자의 상황 관리 사후관리기관"
WLF00000978,저소득계층 대학생 교통비 지원,basfrm,2026-07-28T13:39:22.126501+00:00,1,저소득계층 대학생 교통비 지원 신청서,https://www.bokjiro.go.kr/ssis-tbu/CmmFileUtil/siteQnaInfoDownload.do?atcflId=20250527UUWBM1745240139627237&atcflSn=1,form_download,4,현금지급,2,대상자의 주소지 관할 동주민센터 방문신청
WLF00000978,저소득계층 대학생 교통비 지원,basfrm,2026-07-28T13:39:22.126501+00:00,2,신분증,,,4,현금지급,2,대상자의 주소지 관할 동주민센터 방문신청
WLF00000978,저소득계층 대학생 교통비 지원,basfrm,2026-07-28T13:39:22.126501+00:00,3,주민등록등본,https://www.gov.kr/mw/AA020InfoCappView.do?CappBizCD=13100000015,certificate_issuance,4,현금지급,2,대상자의 주소지 관할 동주민센터 방문신청
WLF00000978,저소득계층 대학생 교통비 지원,basfrm,2026-07-28T13:39:22.126501+00:00,4,수급자증명서,https://www.gov.kr/mw/AA020InfoCappView.do?CappBizCD=14600000280,certificate_issuance,4,현금지급,2,대상자의 주소지 관할 동주민센터 방문신청
WLF00000979,국가보훈대상자 보훈예우수당 지급,basfrm,2026-07-28T13:39:22.126501+00:00,1,보훈예우수당 신청서,https://www.bokjiro.go.kr/ssis-tbu/CmmFileUtil/siteQnaInfoDownload.do?atcflId=20230518UUWBM1121010035196041&atcflSn=1,form_download,2,현금지급,2,거주 동주민센터 또는 구청 복지정책과에 신청
WLF00000979,국가보훈대상자 보훈예우수당 지급,basfrm,2026-07-28T13:39:22.126501+00:00,2,신분증,,,2,현금지급,2,거주 동주민센터 또는 구청 복지정책과에 신청
WLF00000980,장애인가정 출산지원금 지급,basfrm,2026-07-28T13:39:22.126501+00:00,1,장애인가정 출산지원금 신청서,,,4,현금지급,2,대상자(장애인 가정의 부 또는 모)가 동 주민센터에 신청
WLF00000980,장애인가정 출산지원금 지급,basfrm,2026-07-28T13:39:22.126501+00:00,2,신분증,,,4,현금지급,2,대상자(장애인 가정의 부 또는 모)가 동 주민센터에 신청
WLF00000980,장애인가정 출산지원금 지급,basfrm,2026-07-28T13:39:22.126501+00:00,3,주민등록등본,https://www.gov.kr/mw/AA020InfoCappView.do?CappBizCD=13100000015,certificate_issuance,4,현금지급,2,대상자(장애인 가정의 부 또는 모)가 동 주민센터에 신청
WLF00000980,장애인가정 출산지원금 지급,basfrm,2026-07-28T13:39:22.126501+00:00,4,장애인등록증,https://www.gov.kr,certificate_issuance,4,현금지급,2,대상자(장애인 가정의 부 또는 모)가 동 주민센터에 신청
WLF00001059,간호수당,basfrm,2026-07-28T13:39:22.126501+00:00,1,예금계좌 지정 신청서,https://bokjiro.go.kr/ssis-tbu/CmmFileUtil/getDownload.do?atcflId=20240304UUWBM1413430073187531&atcflSn=1,form_download,2,현금지급,3,"신청기관연락처목록: 거주지 읍/면/동 주민센터, 보훈(지)청에서 ‘서비스 신청’ 조사기관연락처목록: 담당 시/군/구청 또는 보훈(지)청에서 조사 및 심사 결정기관연락처목록: 담당 시/군/구청 또는 보훈(지)청에서 보"
WLF00001059,간호수당,basfrm,2026-07-28T13:39:22.126501+00:00,2,신분증,,,2,현금지급,3,"신청기관연락처목록: 거주지 읍/면/동 주민센터, 보훈(지)청에서 ‘서비스 신청’ 조사기관연락처목록: 담당 시/군/구청 또는 보훈(지)청에서 조사 및 심사 결정기관연락처목록: 담당 시/군/구청 또는 보훈(지)청에서 보"
WLF00001062,정보통신보조기기 보급,basfrm,2026-07-28T13:39:22.126501+00:00,1,정보통신보조기기 신청서,https://bokjiro.go.kr/ssis-tbu/CmmFileUtil/getDownload.do?atcflId=5496GOWF15GOWF155496&atcflSn=1,form_download,3,현물지급,2,"신청기관연락처목록: 거주지 읍/면/동 주민센터, 17개 광역시·도(일부는 시군구)에서 ‘서비스 신청’ 조사기관연락처목록: 담당 시/군/구청 또는 17개 광역시·도에서 조사 및 심사 결정기관연락처목록: 담당 시/군/구"
WLF00001062,정보통신보조기기 보급,basfrm,2026-07-28T13:39:22.126501+00:00,2,신분증,,,3,현물지급,2,"신청기관연락처목록: 거주지 읍/면/동 주민센터, 17개 광역시·도(일부는 시군구)에서 ‘서비스 신청’ 조사기관연락처목록: 담당 시/군/구청 또는 17개 광역시·도에서 조사 및 심사 결정기관연락처목록: 담당 시/군/구"
WLF00001062,정보통신보조기기 보급,basfrm,2026-07-28T13:39:22.126501+00:00,3,장애인등록증,https://www.gov.kr,certificate_issuance,3,현물지급,2,"신청기관연락처목록: 거주지 읍/면/동 주민센터, 17개 광역시·도(일부는 시군구)에서 ‘서비스 신청’ 조사기관연락처목록: 담당 시/군/구청 또는 17개 광역시·도에서 조사 및 심사 결정기관연락처목록: 담당 시/군/구"
WLF00001064,6.25자녀수당,basfrm,2026-07-28T13:39:22.126501+00:00,1,6ㆍ25전몰군경자녀수당 수급자 지정서,https://bokjiro.go.kr/ssis-tbu/CmmFileUtil/getDownload.do?atcflId=20230216UUWBM0941200021938285&atcflSn=1,form_download,4,현금지급,3,"신청기관연락처목록: 거주지 읍/면/동 주민센터, 보훈(지)청에서 ‘서비스 신청’ 조사기관연락처목록: 담당 시/군/구청 또는 보훈(지)청에서 조사 및 심사 결정기관연락처목록: 담당 시/군/구청 또는 보훈(지)청에서 보"
WLF00001064,6.25자녀수당,basfrm,2026-07-28T13:39:22.126501+00:00,2,6ㆍ25전몰군경자녀수당 분할 지급 신청서,https://bokjiro.go.kr/ssis-tbu/CmmFileUtil/getDownload.do?atcflId=20230216UUWBM0941580021938447&atcflSn=1,form_download,4,현금지급,3,"신청기관연락처목록: 거주지 읍/면/동 주민센터, 보훈(지)청에서 ‘서비스 신청’ 조사기관연락처목록: 담당 시/군/구청 또는 보훈(지)청에서 조사 및 심사 결정기관연락처목록: 담당 시/군/구청 또는 보훈(지)청에서 보"
WLF00001064,6.25자녀수당,basfrm,2026-07-28T13:39:22.126501+00:00,3,신분증,,,4,현금지급,3,"신청기관연락처목록: 거주지 읍/면/동 주민센터, 보훈(지)청에서 ‘서비스 신청’ 조사기관연락처목록: 담당 시/군/구청 또는 보훈(지)청에서 조사 및 심사 결정기관연락처목록: 담당 시/군/구청 또는 보훈(지)청에서 보"
WLF00001064,6.25자녀수당,basfrm,2026-07-28T13:39:22.126501+00:00,4,가족관계증명서,https://efamily.scourt.go.kr,certificate_issuance,4,현금지급,3,"신청기관연락처목록: 거주지 읍/면/동 주민센터, 보훈(지)청에서 ‘서비스 신청’ 조사기관연락처목록: 담당 시/군/구청 또는 보훈(지)청에서 조사 및 심사 결정기관연락처목록: 담당 시/군/구청 또는 보훈(지)청에서 보"
WLF00001065,고엽제후유의증수당,basfrm,2026-07-28T13:39:22.126501+00:00,1,예금계좌 지정 신청서,https://bokjiro.go.kr/ssis-tbu/CmmFileUtil/getDownload.do?atcflId=20240304UUWBM1413430073187531&atcflSn=1,form_download,3,현금지급,2,"신청기관연락처목록: 거주지 읍/면/동 주민센터, 보훈(지)청에서 ‘서비스 신청’ 조사기관연락처목록: 담당 시/군/구청 또는 보훈(지)청에서 조사 및 심사 결정기관연락처목록: 담당 시/군/구청 또는 보훈(지)청에서 보"
WLF00001065,고엽제후유의증수당,basfrm,2026-07-28T13:39:22.126501+00:00,2,신분증,,,3,현금지급,2,"신청기관연락처목록: 거주지 읍/면/동 주민센터, 보훈(지)청에서 ‘서비스 신청’ 조사기관연락처목록: 담당 시/군/구청 또는 보훈(지)청에서 조사 및 심사 결정기관연락처목록: 담당 시/군/구청 또는 보훈(지)청에서 보"
WLF00001065,고엽제후유의증수당,basfrm,2026-07-28T13:39:22.126501+00:00,3,고엽제후유의증 관련 진단서,,,3,현금지급,2,"신청기관연락처목록: 거주지 읍/면/동 주민센터, 보훈(지)청에서 ‘서비스 신청’ 조사기관연락처목록: 담당 시/군/구청 또는 보훈(지)청에서 조사 및 심사 결정기관연락처목록: 담당 시/군/구청 또는 보훈(지)청에서 보"
WLF00001066,참전명예수당,basfrm,2026-07-28T13:39:22.126501+00:00,1,참전명예수당 예금계좌 지정 등 신청서,https://bokjiro.go.kr/ssis-tbu/CmmFileUtil/getDownload.do?atcflId=20240306UUWBM0924300073746131&atcflSn=1,form_download,2,현금지급,2,"신청기관연락처목록: 거주지 읍/면/동 주민센터, 보훈(지)청에서 ‘서비스 신청’ 조사기관연락처목록: 담당 시/군/구청 또는 보훈(지)청에서 조사 및 심사 결정기관연락처목록: 담당 시/군/구청 또는 보훈(지)청에서 보"
WLF00001066,참전명예수당,basfrm,2026-07-28T13:39:22.126501+00:00,2,신분증,,,2,현금지급,2,"신청기관연락처목록: 거주지 읍/면/동 주민센터, 보훈(지)청에서 ‘서비스 신청’ 조사기관연락처목록: 담당 시/군/구청 또는 보훈(지)청에서 조사 및 심사 결정기관연락처목록: 담당 시/군/구청 또는 보훈(지)청에서 보"
WLF00001068,한부모가족 아동양육비 지원,basfrm,2026-07-28T13:39:22.126501+00:00,1,사회보장급여 신청서,https://bokjiro.go.kr/ssis-tbu/CmmFileUtil/getDownload.do?atcflId=20230104UUWBM1008450015644756&atcflSn=1,form_download,6,현금지급,5,"신청기관연락처목록: 거주지 읍/면/동 주민센터, 읍면동 또는 복지로 웹사이트(PC/모바일앱)에서 ‘서비스 신청’ 조사기관연락처목록: 담당 시/군/구청 또는 시군구에서 조사 및 심사 결정기관연락처목록: 담당 시/군/구"
WLF00001068,한부모가족 아동양육비 지원,basfrm,2026-07-28T13:39:22.126501+00:00,2,소득·재산 신고서,https://bokjiro.go.kr/ssis-tbu/CmmFileUtil/getDownload.do?atcflId=1035GOWF16GOWF161035&atcflSn=1,form_download,6,현금지급,5,"신청기관연락처목록: 거주지 읍/면/동 주민센터, 읍면동 또는 복지로 웹사이트(PC/모바일앱)에서 ‘서비스 신청’ 조사기관연락처목록: 담당 시/군/구청 또는 시군구에서 조사 및 심사 결정기관연락처목록: 담당 시/군/구"
WLF00001068,한부모가족 아동양육비 지원,basfrm,2026-07-28T13:39:22.126501+00:00,3,금융정보 등 제공 동의서,,,6,현금지급,5,"신청기관연락처목록: 거주지 읍/면/동 주민센터, 읍면동 또는 복지로 웹사이트(PC/모바일앱)에서 ‘서비스 신청’ 조사기관연락처목록: 담당 시/군/구청 또는 시군구에서 조사 및 심사 결정기관연락처목록: 담당 시/군/구"
WLF00001068,한부모가족 아동양육비 지원,basfrm,2026-07-28T13:39:22.126501+00:00,4,신분증,,,6,현금지급,5,"신청기관연락처목록: 거주지 읍/면/동 주민센터, 읍면동 또는 복지로 웹사이트(PC/모바일앱)에서 ‘서비스 신청’ 조사기관연락처목록: 담당 시/군/구청 또는 시군구에서 조사 및 심사 결정기관연락처목록: 담당 시/군/구"
WLF00001068,한부모가족 아동양육비 지원,basfrm,2026-07-28T13:39:22.126501+00:00,5,한부모가족증명서,https://www.gov.kr/mw/AA020InfoCappView.do?CappBizCD=10601000001,certificate_issuance,6,현금지급,5,"신청기관연락처목록: 거주지 읍/면/동 주민센터, 읍면동 또는 복지로 웹사이트(PC/모바일앱)에서 ‘서비스 신청’ 조사기관연락처목록: 담당 시/군/구청 또는 시군구에서 조사 및 심사 결정기관연락처목록: 담당 시/군/구"
WLF00001068,한부모가족 아동양육비 지원,basfrm,2026-07-28T13:39:22.126501+00:00,6,주민등록등본,https://www.gov.kr/mw/AA020InfoCappView.do?CappBizCD=13100000015,certificate_issuance,6,현금지급,5,"신청기관연락처목록: 거주지 읍/면/동 주민센터, 읍면동 또는 복지로 웹사이트(PC/모바일앱)에서 ‘서비스 신청’ 조사기관연락처목록: 담당 시/군/구청 또는 시군구에서 조사 및 심사 결정기관연락처목록: 담당 시/군/구"
WLF00001079,주거안정 월세대출 보증,basfrm,2026-07-28T13:39:22.126501+00:00,1,신용보증신청서,https://bokjiro.go.kr/ssis-tbu/CmmFileUtil/getDownload.do?atcflId=2589GOWF12GOWF122589&atcflSn=1,form_download,4,기타,2,"신청기관연락처목록: 거주지 읍/면/동 주민센터, 위탁금융기관에서 ‘서비스 신청’ 조사기관연락처목록: 담당 시/군/구청 또는 위탁금융기관에서 조사 및 심사 결정기관연락처목록: 담당 시/군/구청 또는 한국주택금융공사에서"
WLF00001079,주거안정 월세대출 보증,basfrm,2026-07-28T13:39:22.126501+00:00,2,신분증,,,4,기타,2,"신청기관연락처목록: 거주지 읍/면/동 주민센터, 위탁금융기관에서 ‘서비스 신청’ 조사기관연락처목록: 담당 시/군/구청 또는 위탁금융기관에서 조사 및 심사 결정기관연락처목록: 담당 시/군/구청 또는 한국주택금융공사에서"
WLF00001079,주거안정 월세대출 보증,basfrm,2026-07-28T13:39:22.126501+00:00,3,임대차계약서 사본,,,4,기타,2,"신청기관연락처목록: 거주지 읍/면/동 주민센터, 위탁금융기관에서 ‘서비스 신청’ 조사기관연락처목록: 담당 시/군/구청 또는 위탁금융기관에서 조사 및 심사 결정기관연락처목록: 담당 시/군/구청 또는 한국주택금융공사에서"
WLF00001079,주거안정 월세대출 보증,basfrm,2026-07-28T13:39:22.126501+00:00,4,주민등록등본,https://www.gov.kr/mw/AA020InfoCappView.do?CappBizCD=13100000015,certificate_issuance,4,기타,2,"신청기관연락처목록: 거주지 읍/면/동 주민센터, 위탁금융기관에서 ‘서비스 신청’ 조사기관연락처목록: 담당 시/군/구청 또는 위탁금융기관에서 조사 및 심사 결정기관연락처목록: 담당 시/군/구청 또는 한국주택금융공사에서"
WLF00001093,독거노인·장애인 응급안전안심서비스,basfrm,2026-07-28T13:39:22.126501+00:00,1,독거노인 장애인 응급안전안심서비스 신청서,https://bokjiro.go.kr/ssis-tbu/CmmFileUtil/getDownload.do?atcflId=20260309UUWBM1641090179442753&atcflSn=1,form_download,4,현물지급,2,"신청기관연락처목록: 거주지 읍/면/동 주민센터, 시군구 수행기관에서 ‘서비스 신청’ 신청기관연락처목록: 거주지 읍/면/동 주민센터, 읍면동주민센터에서 ‘서비스 신청’ 조사기관연락처목록: 담당 시/군/구청 또는 시군구"
WLF00001093,독거노인·장애인 응급안전안심서비스,basfrm,2026-07-28T13:39:22.126501+00:00,2,신분증,,,4,현물지급,2,"신청기관연락처목록: 거주지 읍/면/동 주민센터, 시군구 수행기관에서 ‘서비스 신청’ 신청기관연락처목록: 거주지 읍/면/동 주민센터, 읍면동주민센터에서 ‘서비스 신청’ 조사기관연락처목록: 담당 시/군/구청 또는 시군구"
WLF00001093,독거노인·장애인 응급안전안심서비스,basfrm,2026-07-28T13:39:22.126501+00:00,3,주민등록등본,https://www.gov.kr/mw/AA020InfoCappView.do?CappBizCD=13100000015,certificate_issuance,4,현물지급,2,"신청기관연락처목록: 거주지 읍/면/동 주민센터, 시군구 수행기관에서 ‘서비스 신청’ 신청기관연락처목록: 거주지 읍/면/동 주민센터, 읍면동주민센터에서 ‘서비스 신청’ 조사기관연락처목록: 담당 시/군/구청 또는 시군구"
WLF00001093,독거노인·장애인 응급안전안심서비스,basfrm,2026-07-28T13:39:22.126501+00:00,4,장애인등록증,https://www.gov.kr,certificate_issuance,4,현물지급,2,"신청기관연락처목록: 거주지 읍/면/동 주민센터, 시군구 수행기관에서 ‘서비스 신청’ 신청기관연락처목록: 거주지 읍/면/동 주민센터, 읍면동주민센터에서 ‘서비스 신청’ 조사기관연락처목록: 담당 시/군/구청 또는 시군구"
WLF00001103,초중고 교육비 지원사업(고교학비 지원),basfrm,2026-07-28T13:39:22.126501+00:00,1,사회보장급여 신청서,https://bokjiro.go.kr/ssis-tbu/CmmFileUtil/getDownload.do?atcflId=5457GOWF14GOWF145457&atcflSn=1,form_download,6,"현물지급, 실물바우처, 감면",4,"신청기관연락처목록: 거주지 읍/면/동 주민센터, 읍면동 또는 복지로 웹사이트(PC/모바일앱)에서 ‘서비스 신청’ 조사기관연락처목록: 담당 시/군/구청 또는 시군구에서 조사 및 심사 결정기관연락처목록: 담당 시/군/구"
WLF00001103,초중고 교육비 지원사업(고교학비 지원),basfrm,2026-07-28T13:39:22.126501+00:00,2,소득·재산 신고서,https://bokjiro.go.kr/ssis-tbu/CmmFileUtil/getDownload.do?atcflId=5458GOWF14GOWF145458&atcflSn=1,form_download,6,"현물지급, 실물바우처, 감면",4,"신청기관연락처목록: 거주지 읍/면/동 주민센터, 읍면동 또는 복지로 웹사이트(PC/모바일앱)에서 ‘서비스 신청’ 조사기관연락처목록: 담당 시/군/구청 또는 시군구에서 조사 및 심사 결정기관연락처목록: 담당 시/군/구"
WLF00001103,초중고 교육비 지원사업(고교학비 지원),basfrm,2026-07-28T13:39:22.126501+00:00,3,금융정보 등 제공 동의서,,,6,"현물지급, 실물바우처, 감면",4,"신청기관연락처목록: 거주지 읍/면/동 주민센터, 읍면동 또는 복지로 웹사이트(PC/모바일앱)에서 ‘서비스 신청’ 조사기관연락처목록: 담당 시/군/구청 또는 시군구에서 조사 및 심사 결정기관연락처목록: 담당 시/군/구"
WLF00001103,초중고 교육비 지원사업(고교학비 지원),basfrm,2026-07-28T13:39:22.126501+00:00,4,신분증,,,6,"현물지급, 실물바우처, 감면",4,"신청기관연락처목록: 거주지 읍/면/동 주민센터, 읍면동 또는 복지로 웹사이트(PC/모바일앱)에서 ‘서비스 신청’ 조사기관연락처목록: 담당 시/군/구청 또는 시군구에서 조사 및 심사 결정기관연락처목록: 담당 시/군/구"
WLF00001103,초중고 교육비 지원사업(고교학비 지원),basfrm,2026-07-28T13:39:22.126501+00:00,5,주민등록등본,https://www.gov.kr/mw/AA020InfoCappView.do?CappBizCD=13100000015,certificate_issuance,6,"현물지급, 실물바우처, 감면",4,"신청기관연락처목록: 거주지 읍/면/동 주민센터, 읍면동 또는 복지로 웹사이트(PC/모바일앱)에서 ‘서비스 신청’ 조사기관연락처목록: 담당 시/군/구청 또는 시군구에서 조사 및 심사 결정기관연락처목록: 담당 시/군/구"
WLF00001103,초중고 교육비 지원사업(고교학비 지원),basfrm,2026-07-28T13:39:22.126501+00:00,6,수급자증명서,https://www.gov.kr/mw/AA020InfoCappView.do?CappBizCD=14600000280,certificate_issuance,6,"현물지급, 실물바우처, 감면",4,"신청기관연락처목록: 거주지 읍/면/동 주민센터, 읍면동 또는 복지로 웹사이트(PC/모바일앱)에서 ‘서비스 신청’ 조사기관연락처목록: 담당 시/군/구청 또는 시군구에서 조사 및 심사 결정기관연락처목록: 담당 시/군/구"
WLF00001106,일본군'위안부' 피해자 생활안정지원사업,basfrm,2026-07-28T14:52:33.826706+00:00,1,대상자 등록신청서,https://bokjiro.go.kr/ssis-tbu/CmmFileUtil/getDownload.do?atcflId=5269GOWF15GOWF155269&atcflSn=1,form_download,2,현금지급,2,"신청기관연락처목록: 거주지 읍/면/동 주민센터, 주민센터, 재외공관에서 ‘서비스 신청’ 조사기관연락처목록: 담당 시/군/구청 또는 성평등가족부에서 조사 및 심사 결정기관연락처목록: 담당 시/군/구청 또는 성평등가족부"
WLF00001106,일본군'위안부' 피해자 생활안정지원사업,basfrm,2026-07-28T14:52:33.826706+00:00,2,신분증,,,2,현금지급,2,"신청기관연락처목록: 거주지 읍/면/동 주민센터, 주민센터, 재외공관에서 ‘서비스 신청’ 조사기관연락처목록: 담당 시/군/구청 또는 성평등가족부에서 조사 및 심사 결정기관연락처목록: 담당 시/군/구청 또는 성평등가족부"
WLF00001117,장애인문화·예술 지원,basfrm,2026-07-28T13:45:50.135552+00:00,1,지원신청서,https://bokjiro.go.kr/ssis-tbu/CmmFileUtil/getDownload.do?atcflId=5601GOWF15GOWF155601&atcflSn=1,form_download,2,프로그램/서비스(서비스),6,"신청기관연락처목록: 거주지 읍/면/동 주민센터, 한국장애인문화예술원에서 ‘서비스 신청’ 조사기관연락처목록: 담당 시/군/구청 또는 한국장애인문화예술원에서 조사 및 심사 결정기관연락처목록: 담당 시/군/구청 또는 한국"
WLF00001117,장애인문화·예술 지원,basfrm,2026-07-28T13:45:50.135552+00:00,2,신분증,,,2,프로그램/서비스(서비스),6,"신청기관연락처목록: 거주지 읍/면/동 주민센터, 한국장애인문화예술원에서 ‘서비스 신청’ 조사기관연락처목록: 담당 시/군/구청 또는 한국장애인문화예술원에서 조사 및 심사 결정기관연락처목록: 담당 시/군/구청 또는 한국"
WLF00001119,차상위본인부담경감대상자지원,basfrm,2026-07-28T13:45:50.135552+00:00,1,소득·재산 신고서,https://bokjiro.go.kr/ssis-tbu/CmmFileUtil/getDownload.do?atcflId=1035GOWF16GOWF161035&atcflSn=1,form_download,4,현물지급,3,"신청기관연락처목록: 거주지 읍/면/동 주민센터, 읍면동에서 ‘서비스 신청’ 조사기관연락처목록: 담당 시/군/구청 또는 시군구에서 조사 및 심사 결정기관연락처목록: 담당 시/군/구청 또는 국민건강보험공단에서 보장 결정"
WLF00001119,차상위본인부담경감대상자지원,basfrm,2026-07-28T13:45:50.135552+00:00,2,사회보장급여 신청서,https://bokjiro.go.kr/ssis-tbu/CmmFileUtil/getDownload.do?atcflId=0991GOWF16GOWF160991&atcflSn=1,form_download,4,현물지급,3,"신청기관연락처목록: 거주지 읍/면/동 주민센터, 읍면동에서 ‘서비스 신청’ 조사기관연락처목록: 담당 시/군/구청 또는 시군구에서 조사 및 심사 결정기관연락처목록: 담당 시/군/구청 또는 국민건강보험공단에서 보장 결정"
WLF00001119,차상위본인부담경감대상자지원,basfrm,2026-07-28T13:45:50.135552+00:00,3,신분증,,,4,현물지급,3,"신청기관연락처목록: 거주지 읍/면/동 주민센터, 읍면동에서 ‘서비스 신청’ 조사기관연락처목록: 담당 시/군/구청 또는 시군구에서 조사 및 심사 결정기관연락처목록: 담당 시/군/구청 또는 국민건강보험공단에서 보장 결정"
WLF00001119,차상위본인부담경감대상자지원,basfrm,2026-07-28T13:45:50.135552+00:00,4,소득금액증명원,https://www.hometax.go.kr,certificate_issuance,4,현물지급,3,"신청기관연락처목록: 거주지 읍/면/동 주민센터, 읍면동에서 ‘서비스 신청’ 조사기관연락처목록: 담당 시/군/구청 또는 시군구에서 조사 및 심사 결정기관연락처목록: 담당 시/군/구청 또는 국민건강보험공단에서 보장 결정"
WLF00001122,국가유공자 등 LPG차량 세금인상분 지원,basfrm,2026-07-28T13:45:50.135552+00:00,1,복지카드 발급신청서,https://bokjiro.go.kr/ssis-tbu/CmmFileUtil/getDownload.do?atcflId=1470GOWF16GOWF161470&atcflSn=1,form_download,3,실물바우처,2,"신청기관연락처목록: 거주지 읍/면/동 주민센터, 보훈지(방)청에서 ‘서비스 신청’ 조사기관연락처목록: 담당 시/군/구청 또는 보훈지(방)청에서 조사 및 심사 결정기관연락처목록: 담당 시/군/구청 또는 보훈지(방)청에"
WLF00001122,국가유공자 등 LPG차량 세금인상분 지원,basfrm,2026-07-28T13:45:50.135552+00:00,2,신분증,,,3,실물바우처,2,"신청기관연락처목록: 거주지 읍/면/동 주민센터, 보훈지(방)청에서 ‘서비스 신청’ 조사기관연락처목록: 담당 시/군/구청 또는 보훈지(방)청에서 조사 및 심사 결정기관연락처목록: 담당 시/군/구청 또는 보훈지(방)청에"
WLF00001122,국가유공자 등 LPG차량 세금인상분 지원,basfrm,2026-07-28T13:45:50.135552+00:00,3,주민등록등본,https://www.gov.kr/mw/AA020InfoCappView.do?CappBizCD=13100000015,certificate_issuance,3,실물바우처,2,"신청기관연락처목록: 거주지 읍/면/동 주민센터, 보훈지(방)청에서 ‘서비스 신청’ 조사기관연락처목록: 담당 시/군/구청 또는 보훈지(방)청에서 조사 및 심사 결정기관연락처목록: 담당 시/군/구청 또는 보훈지(방)청에"
WLF00001127,영주귀국정착금,basfrm,2026-07-28T13:45:50.135552+00:00,1,영주귀국정착금 신청서,https://bokjiro.go.kr/ssis-tbu/CmmFileUtil/getDownload.do?atcflId=5613GOWF15GOWF155613&atcflSn=1,form_download,3,현금지급,2,"신청기관연락처목록: 거주지 읍/면/동 주민센터, 관할 보훈(지)청에서 ‘서비스 신청’ 조사기관연락처목록: 담당 시/군/구청 또는 관할 보훈(지)청에서 조사 및 심사 결정기관연락처목록: 담당 시/군/구청 또는 국가보훈"
WLF00001127,영주귀국정착금,basfrm,2026-07-28T13:45:50.135552+00:00,2,신분증,,,3,현금지급,2,"신청기관연락처목록: 거주지 읍/면/동 주민센터, 관할 보훈(지)청에서 ‘서비스 신청’ 조사기관연락처목록: 담당 시/군/구청 또는 관할 보훈(지)청에서 조사 및 심사 결정기관연락처목록: 담당 시/군/구청 또는 국가보훈"
WLF00001127,영주귀국정착금,basfrm,2026-07-28T13:45:50.135552+00:00,3,주민등록등본,https://www.gov.kr/mw/AA020InfoCappView.do?CappBizCD=13100000015,certificate_issuance,3,현금지급,2,"신청기관연락처목록: 거주지 읍/면/동 주민센터, 관할 보훈(지)청에서 ‘서비스 신청’ 조사기관연락처목록: 담당 시/군/구청 또는 관할 보훈(지)청에서 조사 및 심사 결정기관연락처목록: 담당 시/군/구청 또는 국가보훈"
WLF00001128,저소득층에너지효율개선,basfrm,2026-07-28T14:52:33.826706+00:00,1,대상가구 지원신청서(난방),https://bokjiro.go.kr/ssis-tbu/CmmFileUtil/getDownload.do?atcflId=20240426UUWBM0826280082199074&atcflSn=1,form_download,5,현물지급,3,"신청기관연락처목록: 거주지 읍/면/동 주민센터, 읍면동 주민센터에서 ‘서비스 신청’ 조사기관연락처목록: 담당 시/군/구청 또는 해당없음에서 조사 및 심사 결정기관연락처목록: 담당 시/군/구청 또는 한국에너지재단에서 "
WLF00001128,저소득층에너지효율개선,basfrm,2026-07-28T14:52:33.826706+00:00,2,대상가구 지원신청서(냉방),https://bokjiro.go.kr/ssis-tbu/CmmFileUtil/getDownload.do?atcflId=20240426UUWBM0827000082199078&atcflSn=1,form_download,5,현물지급,3,"신청기관연락처목록: 거주지 읍/면/동 주민센터, 읍면동 주민센터에서 ‘서비스 신청’ 조사기관연락처목록: 담당 시/군/구청 또는 해당없음에서 조사 및 심사 결정기관연락처목록: 담당 시/군/구청 또는 한국에너지재단에서 "
WLF00001128,저소득층에너지효율개선,basfrm,2026-07-28T14:52:33.826706+00:00,3,신분증,,,5,현물지급,3,"신청기관연락처목록: 거주지 읍/면/동 주민센터, 읍면동 주민센터에서 ‘서비스 신청’ 조사기관연락처목록: 담당 시/군/구청 또는 해당없음에서 조사 및 심사 결정기관연락처목록: 담당 시/군/구청 또는 한국에너지재단에서 "
WLF00001128,저소득층에너지효율개선,basfrm,2026-07-28T14:52:33.826706+00:00,4,주민등록등본,https://www.gov.kr/mw/AA020InfoCappView.do?CappBizCD=13100000015,certificate_issuance,5,현물지급,3,"신청기관연락처목록: 거주지 읍/면/동 주민센터, 읍면동 주민센터에서 ‘서비스 신청’ 조사기관연락처목록: 담당 시/군/구청 또는 해당없음에서 조사 및 심사 결정기관연락처목록: 담당 시/군/구청 또는 한국에너지재단에서 "
WLF00001128,저소득층에너지효율개선,basfrm,2026-07-28T14:52:33.826706+00:00,5,수급자증명서,https://www.gov.kr/mw/AA020InfoCappView.do?CappBizCD=14600000280,certificate_issuance,5,현물지급,3,"신청기관연락처목록: 거주지 읍/면/동 주민센터, 읍면동 주민센터에서 ‘서비스 신청’ 조사기관연락처목록: 담당 시/군/구청 또는 해당없음에서 조사 및 심사 결정기관연락처목록: 담당 시/군/구청 또는 한국에너지재단에서 "
WLF00001132,생계급여(맞춤형 급여),basfrm,2026-07-28T13:45:50.135552+00:00,1,사회보장급여 신청서,https://bokjiro.go.kr/ssis-tbu/CmmFileUtil/getDownload.do?atcflId=20230104UUWBM1008450015644756&atcflSn=1,form_download,5,현금지급,3,"신청기관연락처목록: 거주지 읍/면/동 주민센터, 읍면동 에서 ‘서비스 신청’ 조사기관연락처목록: 담당 시/군/구청 또는 시군구 에서 조사 및 심사 결정기관연락처목록: 담당 시/군/구청 또는 시군구 에서 보장 결정 이"
WLF00001132,생계급여(맞춤형 급여),basfrm,2026-07-28T13:45:50.135552+00:00,2,금융정보 등 제공 동의서,,,5,현금지급,3,"신청기관연락처목록: 거주지 읍/면/동 주민센터, 읍면동 에서 ‘서비스 신청’ 조사기관연락처목록: 담당 시/군/구청 또는 시군구 에서 조사 및 심사 결정기관연락처목록: 담당 시/군/구청 또는 시군구 에서 보장 결정 이"
WLF00001132,생계급여(맞춤형 급여),basfrm,2026-07-28T13:45:50.135552+00:00,3,신분증,,,5,현금지급,3,"신청기관연락처목록: 거주지 읍/면/동 주민센터, 읍면동 에서 ‘서비스 신청’ 조사기관연락처목록: 담당 시/군/구청 또는 시군구 에서 조사 및 심사 결정기관연락처목록: 담당 시/군/구청 또는 시군구 에서 보장 결정 이"
WLF00001132,생계급여(맞춤형 급여),basfrm,2026-07-28T13:45:50.135552+00:00,4,소득금액증명원,https://www.hometax.go.kr,certificate_issuance,5,현금지급,3,"신청기관연락처목록: 거주지 읍/면/동 주민센터, 읍면동 에서 ‘서비스 신청’ 조사기관연락처목록: 담당 시/군/구청 또는 시군구 에서 조사 및 심사 결정기관연락처목록: 담당 시/군/구청 또는 시군구 에서 보장 결정 이"
WLF00001132,생계급여(맞춤형 급여),basfrm,2026-07-28T13:45:50.135552+00:00,5,주민등록등본,https://www.gov.kr/mw/AA020InfoCappView.do?CappBizCD=13100000015,certificate_issuance,5,현금지급,3,"신청기관연락처목록: 거주지 읍/면/동 주민센터, 읍면동 에서 ‘서비스 신청’ 조사기관연락처목록: 담당 시/군/구청 또는 시군구 에서 조사 및 심사 결정기관연락처목록: 담당 시/군/구청 또는 시군구 에서 보장 결정 이"
WLF00001136,보험급여(건강보험 장애인보조기기),basfrm,2026-07-28T13:45:50.135552+00:00,1,보조기기 급여 사전 승인 신청서,https://bokjiro.go.kr/ssis-tbu/CmmFileUtil/getDownload.do?atcflId=20240311UUWBM1508200074791969&atcflSn=1,form_download,5,현금지급,9,"지급기관연락처목록: 담당 시/군/구청 또는 국민건강보험공단에서 대상자에게 서비스 제공 신청기관연락처목록: 거주지 읍/면/동 주민센터, 국민건강보험공단에서 ‘서비스 신청’ 조사기관연락처목록: 담당 시/군/구청 또는 국"
WLF00001136,보험급여(건강보험 장애인보조기기),basfrm,2026-07-28T13:45:50.135552+00:00,2,보조기기 급여 지급청구서,https://bokjiro.go.kr/ssis-tbu/CmmFileUtil/getDownload.do?atcflId=20240311UUWBM1508590074792239&atcflSn=1,form_download,5,현금지급,9,"지급기관연락처목록: 담당 시/군/구청 또는 국민건강보험공단에서 대상자에게 서비스 제공 신청기관연락처목록: 거주지 읍/면/동 주민센터, 국민건강보험공단에서 ‘서비스 신청’ 조사기관연락처목록: 담당 시/군/구청 또는 국"
WLF00001136,보험급여(건강보험 장애인보조기기),basfrm,2026-07-28T13:45:50.135552+00:00,3,보조기기 검수확인서,https://bokjiro.go.kr/ssis-tbu/CmmFileUtil/getDownload.do?atcflId=20240311UUWBM1507420074791731&atcflSn=1,form_download,5,현금지급,9,"지급기관연락처목록: 담당 시/군/구청 또는 국민건강보험공단에서 대상자에게 서비스 제공 신청기관연락처목록: 거주지 읍/면/동 주민센터, 국민건강보험공단에서 ‘서비스 신청’ 조사기관연락처목록: 담당 시/군/구청 또는 국"
WLF00001136,보험급여(건강보험 장애인보조기기),basfrm,2026-07-28T13:45:50.135552+00:00,4,보조기기 처방전,,,5,현금지급,9,"지급기관연락처목록: 담당 시/군/구청 또는 국민건강보험공단에서 대상자에게 서비스 제공 신청기관연락처목록: 거주지 읍/면/동 주민센터, 국민건강보험공단에서 ‘서비스 신청’ 조사기관연락처목록: 담당 시/군/구청 또는 국"
WLF00001136,보험급여(건강보험 장애인보조기기),basfrm,2026-07-28T13:45:50.135552+00:00,5,장애인등록증,https://www.gov.kr,certificate_issuance,5,현금지급,9,"지급기관연락처목록: 담당 시/군/구청 또는 국민건강보험공단에서 대상자에게 서비스 제공 신청기관연락처목록: 거주지 읍/면/동 주민센터, 국민건강보험공단에서 ‘서비스 신청’ 조사기관연락처목록: 담당 시/군/구청 또는 국"
WLF00001147,그 밖의 연장형 보육료 등 지원,basfrm,2026-07-28T13:45:50.135552+00:00,1,서비스이용서식 제1호,https://bokjiro.go.kr/ssis-tbu/CmmFileUtil/getDownload.do?atcflId=5636GOWF15GOWF155636&atcflSn=1,form_download,2,전자바우처(바우처),2,"신청기관연락처목록: 거주지 읍/면/동 주민센터, 읍면동에서 ‘서비스 신청’ 조사기관연락처목록: 담당 시/군/구청 또는 시군구에서 조사 및 심사 결정기관연락처목록: 담당 시/군/구청 또는 시군구에서 보장 결정 지급기관"
WLF00001147,그 밖의 연장형 보육료 등 지원,basfrm,2026-07-28T13:45:50.135552+00:00,2,신분증,,,2,전자바우처(바우처),2,"신청기관연락처목록: 거주지 읍/면/동 주민센터, 읍면동에서 ‘서비스 신청’ 조사기관연락처목록: 담당 시/군/구청 또는 시군구에서 조사 및 심사 결정기관연락처목록: 담당 시/군/구청 또는 시군구에서 보장 결정 지급기관"
WLF00001149,공공산림가꾸기,basfrm,2026-07-28T13:45:50.135552+00:00,1,공공산림가꾸기 사업 신청서,https://bokjiro.go.kr/ssis-tbu/CmmFileUtil/getDownload.do?atcflId=20230219UUWBM1612270022350060&atcflSn=1,form_download,2,현금지급,2,"신청기관연락처목록: 거주지 읍/면/동 주민센터, 지방산림청, 국유림관리소에서 ‘서비스 신청’ 신청기관연락처목록: 거주지 읍/면/동 주민센터, 시도, 시군구, 읍면동에서 ‘서비스 신청’ 조사기관연락처목록: 담당 시/군"
WLF00001149,공공산림가꾸기,basfrm,2026-07-28T13:45:50.135552+00:00,2,신분증,,,2,현금지급,2,"신청기관연락처목록: 거주지 읍/면/동 주민센터, 지방산림청, 국유림관리소에서 ‘서비스 신청’ 신청기관연락처목록: 거주지 읍/면/동 주민센터, 시도, 시군구, 읍면동에서 ‘서비스 신청’ 조사기관연락처목록: 담당 시/군"
WLF00001150,발달장애인 가족휴식지원사업,basfrm,2026-07-28T13:45:50.135552+00:00,1,가족휴식지원 사업 신청서,https://bokjiro.go.kr/ssis-tbu/CmmFileUtil/getDownload.do?atcflId=1494GOWF16GOWF161494&atcflSn=1,form_download,4,현물지급,3,"신청기관연락처목록: 거주지 읍/면/동 주민센터, 사업 수행 선정 공모에 선정된 수행기관에서 ‘서비스 신청’ 조사기관연락처목록: 담당 시/군/구청 또는 사업 수행기관에서 조사 및 심사 결정기관연락처목록: 담당 시/군/"
WLF00001150,발달장애인 가족휴식지원사업,basfrm,2026-07-28T13:45:50.135552+00:00,2,개인정보 수집·이용 동의서,,,4,현물지급,3,"신청기관연락처목록: 거주지 읍/면/동 주민센터, 사업 수행 선정 공모에 선정된 수행기관에서 ‘서비스 신청’ 조사기관연락처목록: 담당 시/군/구청 또는 사업 수행기관에서 조사 및 심사 결정기관연락처목록: 담당 시/군/"
WLF00001150,발달장애인 가족휴식지원사업,basfrm,2026-07-28T13:45:50.135552+00:00,3,신분증,,,4,현물지급,3,"신청기관연락처목록: 거주지 읍/면/동 주민센터, 사업 수행 선정 공모에 선정된 수행기관에서 ‘서비스 신청’ 조사기관연락처목록: 담당 시/군/구청 또는 사업 수행기관에서 조사 및 심사 결정기관연락처목록: 담당 시/군/"
WLF00001150,발달장애인 가족휴식지원사업,basfrm,2026-07-28T13:45:50.135552+00:00,4,장애인등록증,https://www.gov.kr,certificate_issuance,4,현물지급,3,"신청기관연락처목록: 거주지 읍/면/동 주민센터, 사업 수행 선정 공모에 선정된 수행기관에서 ‘서비스 신청’ 조사기관연락처목록: 담당 시/군/구청 또는 사업 수행기관에서 조사 및 심사 결정기관연락처목록: 담당 시/군/"
WLF00001165,발달장애인 주간활동서비스,basfrm,2026-07-28T13:45:50.135552+00:00,1,주간활동서비스 신청자 기초상담 조사표,https://bokjiro.go.kr/ssis-tbu/CmmFileUtil/getDownload.do?atcflId=1471GOWF16GOWF161471&atcflSn=1,form_download,4,전자바우처(바우처),3,"신청기관연락처목록: 거주지 읍/면/동 주민센터, 읍면동 또는 복지로 웹사이트(PC/모바일앱)에서 ‘서비스 신청’ 조사기관연락처목록: 담당 시/군/구청 또는 시군구 및 중앙·지역 발달장애인지원센터에서 조사 및 심사 결"
WLF00001165,발달장애인 주간활동서비스,basfrm,2026-07-28T13:45:50.135552+00:00,2,사회보장급여 신청서,https://bokjiro.go.kr/ssis-tbu/CmmFileUtil/getDownload.do?atcflId=20260223UUWBM0851160176888078&atcflSn=1,form_download,4,전자바우처(바우처),3,"신청기관연락처목록: 거주지 읍/면/동 주민센터, 읍면동 또는 복지로 웹사이트(PC/모바일앱)에서 ‘서비스 신청’ 조사기관연락처목록: 담당 시/군/구청 또는 시군구 및 중앙·지역 발달장애인지원센터에서 조사 및 심사 결"
WLF00001165,발달장애인 주간활동서비스,basfrm,2026-07-28T13:45:50.135552+00:00,3,신분증,,,4,전자바우처(바우처),3,"신청기관연락처목록: 거주지 읍/면/동 주민센터, 읍면동 또는 복지로 웹사이트(PC/모바일앱)에서 ‘서비스 신청’ 조사기관연락처목록: 담당 시/군/구청 또는 시군구 및 중앙·지역 발달장애인지원센터에서 조사 및 심사 결"
WLF00001165,발달장애인 주간활동서비스,basfrm,2026-07-28T13:45:50.135552+00:00,4,장애인등록증,https://www.gov.kr,certificate_issuance,4,전자바우처(바우처),3,"신청기관연락처목록: 거주지 읍/면/동 주민센터, 읍면동 또는 복지로 웹사이트(PC/모바일앱)에서 ‘서비스 신청’ 조사기관연락처목록: 담당 시/군/구청 또는 시군구 및 중앙·지역 발달장애인지원센터에서 조사 및 심사 결"
WLF00001170,장기요양급여 이용지원,basfrm,2026-07-28T13:50:44.211560+00:00,1,요양지원 보조금 지급 신청서,https://bokjiro.go.kr/ssis-tbu/CmmFileUtil/getDownload.do?atcflId=20260428UUWBM1441000188549133&atcflSn=1,form_download,5,현금지급,2,"신청기관연락처목록: 거주지 읍/면/동 주민센터, 보훈지(방)청에서 ‘서비스 신청’ 조사기관연락처목록: 담당 시/군/구청 또는 보훈지(방)청에서 조사 및 심사 결정기관연락처목록: 담당 시/군/구청 또는 보훈지(방)청에"
WLF00001170,장기요양급여 이용지원,basfrm,2026-07-28T13:50:44.211560+00:00,2,개인정보 수집·이용 동의서,,,5,현금지급,2,"신청기관연락처목록: 거주지 읍/면/동 주민센터, 보훈지(방)청에서 ‘서비스 신청’ 조사기관연락처목록: 담당 시/군/구청 또는 보훈지(방)청에서 조사 및 심사 결정기관연락처목록: 담당 시/군/구청 또는 보훈지(방)청에"
WLF00001170,장기요양급여 이용지원,basfrm,2026-07-28T13:50:44.211560+00:00,3,신분증,,,5,현금지급,2,"신청기관연락처목록: 거주지 읍/면/동 주민센터, 보훈지(방)청에서 ‘서비스 신청’ 조사기관연락처목록: 담당 시/군/구청 또는 보훈지(방)청에서 조사 및 심사 결정기관연락처목록: 담당 시/군/구청 또는 보훈지(방)청에"
WLF00001170,장기요양급여 이용지원,basfrm,2026-07-28T13:50:44.211560+00:00,4,장애인등록증,https://www.gov.kr,certificate_issuance,5,현금지급,2,"신청기관연락처목록: 거주지 읍/면/동 주민센터, 보훈지(방)청에서 ‘서비스 신청’ 조사기관연락처목록: 담당 시/군/구청 또는 보훈지(방)청에서 조사 및 심사 결정기관연락처목록: 담당 시/군/구청 또는 보훈지(방)청에"
WLF00001170,장기요양급여 이용지원,basfrm,2026-07-28T13:50:44.211560+00:00,5,소득금액증명원,https://www.hometax.go.kr,certificate_issuance,5,현금지급,2,"신청기관연락처목록: 거주지 읍/면/동 주민센터, 보훈지(방)청에서 ‘서비스 신청’ 조사기관연락처목록: 담당 시/군/구청 또는 보훈지(방)청에서 조사 및 심사 결정기관연락처목록: 담당 시/군/구청 또는 보훈지(방)청에"
WLF00001172,취업취약계층 고용지원 사업,basfrm,2026-07-28T13:50:44.211560+00:00,1,구직자 취업역량강화 프로그램 참여 신청서,https://bokjiro.go.kr/ssis-tbu/CmmFileUtil/getDownload.do?atcflId=5651GOWF15GOWF155651&atcflSn=1,form_download,2,프로그램/서비스(서비스),2,"신청기관연락처목록: 거주지 읍/면/동 주민센터, 전국 고용센터에서 ‘서비스 신청’ 조사기관연락처목록: 담당 시/군/구청 또는 전국 고용센터에서 조사 및 심사 결정기관연락처목록: 담당 시/군/구청 또는 전국 고용센터에"
WLF00001172,취업취약계층 고용지원 사업,basfrm,2026-07-28T13:50:44.211560+00:00,2,신분증,,,2,프로그램/서비스(서비스),2,"신청기관연락처목록: 거주지 읍/면/동 주민센터, 전국 고용센터에서 ‘서비스 신청’ 조사기관연락처목록: 담당 시/군/구청 또는 전국 고용센터에서 조사 및 심사 결정기관연락처목록: 담당 시/군/구청 또는 전국 고용센터에"
WLF00001178,청소년 발달장애인 방과후활동서비스,basfrm,2026-07-28T13:50:44.211560+00:00,1,사회보장급여 신청서,https://bokjiro.go.kr/ssis-tbu/CmmFileUtil/getDownload.do?atcflId=20260223UUWBM0851160176888078&atcflSn=1,form_download,4,전자바우처(바우처),2,"신청기관연락처목록: 거주지 읍/면/동 주민센터, 읍면동 또는 복지로 웹사이트(PC/모바일앱)에서 ‘서비스 신청’ 조사기관연락처목록: 담당 시/군/구청 또는 시군구에서 조사 및 심사 결정기관연락처목록: 담당 시/군/구"
WLF00001178,청소년 발달장애인 방과후활동서비스,basfrm,2026-07-28T13:50:44.211560+00:00,2,신분증,,,4,전자바우처(바우처),2,"신청기관연락처목록: 거주지 읍/면/동 주민센터, 읍면동 또는 복지로 웹사이트(PC/모바일앱)에서 ‘서비스 신청’ 조사기관연락처목록: 담당 시/군/구청 또는 시군구에서 조사 및 심사 결정기관연락처목록: 담당 시/군/구"
WLF00001178,청소년 발달장애인 방과후활동서비스,basfrm,2026-07-28T13:50:44.211560+00:00,3,장애인등록증,https://www.gov.kr,certificate_issuance,4,전자바우처(바우처),2,"신청기관연락처목록: 거주지 읍/면/동 주민센터, 읍면동 또는 복지로 웹사이트(PC/모바일앱)에서 ‘서비스 신청’ 조사기관연락처목록: 담당 시/군/구청 또는 시군구에서 조사 및 심사 결정기관연락처목록: 담당 시/군/구"
WLF00001178,청소년 발달장애인 방과후활동서비스,basfrm,2026-07-28T13:50:44.211560+00:00,4,재학증명서,,,4,전자바우처(바우처),2,"신청기관연락처목록: 거주지 읍/면/동 주민센터, 읍면동 또는 복지로 웹사이트(PC/모바일앱)에서 ‘서비스 신청’ 조사기관연락처목록: 담당 시/군/구청 또는 시군구에서 조사 및 심사 결정기관연락처목록: 담당 시/군/구"
WLF00001183,다문화보육료지원,basfrm,2026-07-28T13:50:44.211560+00:00,1,사회보장급여 신청서,https://bokjiro.go.kr/ssis-tbu/CmmFileUtil/getDownload.do?atcflId=5261GOWF15GOWF155261&atcflSn=1,form_download,2,전자바우처(바우처),2,"신청기관연락처목록: 거주지 읍/면/동 주민센터, 읍면동에서 ‘서비스 신청’ 조사기관연락처목록: 담당 시/군/구청 또는 시군구에서 조사 및 심사 결정기관연락처목록: 담당 시/군/구청 또는 시군구에서 보장 결정 지급기관"
WLF00001183,다문화보육료지원,basfrm,2026-07-28T13:50:44.211560+00:00,2,신분증,,,2,전자바우처(바우처),2,"신청기관연락처목록: 거주지 읍/면/동 주민센터, 읍면동에서 ‘서비스 신청’ 조사기관연락처목록: 담당 시/군/구청 또는 시군구에서 조사 및 심사 결정기관연락처목록: 담당 시/군/구청 또는 시군구에서 보장 결정 지급기관"
WLF00001187,최저임금적용제외 근로장애인 전환지원,basfrm,2026-07-28T13:50:44.211560+00:00,1,참여신청서,https://bokjiro.go.kr/ssis-tbu/CmmFileUtil/getDownload.do?atcflId=20230324UUWBM1609560028181051&atcflSn=1,form_download,3,"프로그램/서비스(서비스), 현금지급",1,"신청기관연락처목록: 거주지 읍/면/동 주민센터, 한국장애인고용공단 에서 ‘서비스 신청’ 조사기관연락처목록: 담당 시/군/구청 또는 한국장애인고용공단에서 조사 및 심사 결정기관연락처목록: 담당 시/군/구청 또는 한국장"
WLF00001187,최저임금적용제외 근로장애인 전환지원,basfrm,2026-07-28T13:50:44.211560+00:00,2,신분증,,,3,"프로그램/서비스(서비스), 현금지급",1,"신청기관연락처목록: 거주지 읍/면/동 주민센터, 한국장애인고용공단 에서 ‘서비스 신청’ 조사기관연락처목록: 담당 시/군/구청 또는 한국장애인고용공단에서 조사 및 심사 결정기관연락처목록: 담당 시/군/구청 또는 한국장"
WLF00001187,최저임금적용제외 근로장애인 전환지원,basfrm,2026-07-28T13:50:44.211560+00:00,3,장애인등록증,https://www.gov.kr,certificate_issuance,3,"프로그램/서비스(서비스), 현금지급",1,"신청기관연락처목록: 거주지 읍/면/동 주민센터, 한국장애인고용공단 에서 ‘서비스 신청’ 조사기관연락처목록: 담당 시/군/구청 또는 한국장애인고용공단에서 조사 및 심사 결정기관연락처목록: 담당 시/군/구청 또는 한국장"
WLF00001188,산모·신생아 건강관리 지원사업,basfrm,2026-07-28T13:50:44.211560+00:00,1,사회보장급여 신청서,https://bokjiro.go.kr/ssis-tbu/CmmFileUtil/getDownload.do?atcflId=20240115UUWBM1520280065891866&atcflSn=1,form_download,5,전자바우처(바우처),5,"신청기관연락처목록: 거주지 읍/면/동 주민센터, 보건소 또는 복지로 웹사이트(PC/모바일앱)에서 ‘서비스 신청’ 조사기관연락처목록: 담당 시/군/구청 또는 보건소 에서 조사 및 심사 결정기관연락처목록: 담당 시/군/"
WLF00001188,산모·신생아 건강관리 지원사업,basfrm,2026-07-28T13:50:44.211560+00:00,2,개인정보 수집·이용 동의서,,,5,전자바우처(바우처),5,"신청기관연락처목록: 거주지 읍/면/동 주민센터, 보건소 또는 복지로 웹사이트(PC/모바일앱)에서 ‘서비스 신청’ 조사기관연락처목록: 담당 시/군/구청 또는 보건소 에서 조사 및 심사 결정기관연락처목록: 담당 시/군/"
WLF00001188,산모·신생아 건강관리 지원사업,basfrm,2026-07-28T13:50:44.211560+00:00,3,신분증,,,5,전자바우처(바우처),5,"신청기관연락처목록: 거주지 읍/면/동 주민센터, 보건소 또는 복지로 웹사이트(PC/모바일앱)에서 ‘서비스 신청’ 조사기관연락처목록: 담당 시/군/구청 또는 보건소 에서 조사 및 심사 결정기관연락처목록: 담당 시/군/"
WLF00001188,산모·신생아 건강관리 지원사업,basfrm,2026-07-28T13:50:44.211560+00:00,4,주민등록등본,https://www.gov.kr/mw/AA020InfoCappView.do?CappBizCD=13100000015,certificate_issuance,5,전자바우처(바우처),5,"신청기관연락처목록: 거주지 읍/면/동 주민센터, 보건소 또는 복지로 웹사이트(PC/모바일앱)에서 ‘서비스 신청’ 조사기관연락처목록: 담당 시/군/구청 또는 보건소 에서 조사 및 심사 결정기관연락처목록: 담당 시/군/"
WLF00001188,산모·신생아 건강관리 지원사업,basfrm,2026-07-28T13:50:44.211560+00:00,5,건강보험료 납부확인서,https://www.nhis.or.kr/nhis/index.do,certificate_issuance,5,전자바우처(바우처),5,"신청기관연락처목록: 거주지 읍/면/동 주민센터, 보건소 또는 복지로 웹사이트(PC/모바일앱)에서 ‘서비스 신청’ 조사기관연락처목록: 담당 시/군/구청 또는 보건소 에서 조사 및 심사 결정기관연락처목록: 담당 시/군/"
WLF00001212,복지사각지대 건강음료배달 사업,basfrm,2026-07-28T13:50:44.211560+00:00,1,지원 명단 및 동의서,,,4,현물지급,1,○ 동 주민센터에 신청
WLF00001212,복지사각지대 건강음료배달 사업,basfrm,2026-07-28T13:50:44.211560+00:00,2,신분증,,,4,현물지급,1,○ 동 주민센터에 신청
WLF00001212,복지사각지대 건강음료배달 사업,basfrm,2026-07-28T13:50:44.211560+00:00,3,수급자증명서,https://www.gov.kr/mw/AA020InfoCappView.do?CappBizCD=14600000280,certificate_issuance,4,현물지급,1,○ 동 주민센터에 신청
WLF00001212,복지사각지대 건강음료배달 사업,basfrm,2026-07-28T13:50:44.211560+00:00,4,장애인등록증,https://www.gov.kr,certificate_issuance,4,현물지급,1,○ 동 주민센터에 신청
WLF00001215,효도지원금 지원,basfrm,2026-07-28T13:50:44.211560+00:00,1,효도지원금 지원신청서,https://www.bokjiro.go.kr/ssis-tbu/CmmFileUtil/siteQnaInfoDownload.do?atcflId=20230714UUWBM1446080043023649&atcflSn=1,form_download,3,현금지급,2,담당 문의 (어르신장애인과 901-6655)동주민센터 내방하여 효도지원금 신청서를 제출해야함.(신청서의 제출은 효도지원금 신청 첫 해에 한함.)
WLF00001215,효도지원금 지원,basfrm,2026-07-28T13:50:44.211560+00:00,2,신분증,,,3,현금지급,2,담당 문의 (어르신장애인과 901-6655)동주민센터 내방하여 효도지원금 신청서를 제출해야함.(신청서의 제출은 효도지원금 신청 첫 해에 한함.)
WLF00001215,효도지원금 지원,basfrm,2026-07-28T13:50:44.211560+00:00,3,주민등록등본,https://www.gov.kr/mw/AA020InfoCappView.do?CappBizCD=13100000015,certificate_issuance,3,현금지급,2,담당 문의 (어르신장애인과 901-6655)동주민센터 내방하여 효도지원금 신청서를 제출해야함.(신청서의 제출은 효도지원금 신청 첫 해에 한함.)
WLF00001284,보훈예우수당,basfrm,2026-07-28T13:50:44.211560+00:00,1,성북구 보훈예우수당 지급신청서,https://www.bokjiro.go.kr/ssis-tbu/CmmFileUtil/siteQnaInfoDownload.do?atcflId=0605GOWF15GOWF150605&atcflSn=1,form_download,3,현금지급,1,"* 준비물 : 국가유공자(유족)증, 통장사본(압류방지계좌 사용불가) * 신청장소 : 주소지 주민센터(방문신청)"
WLF00001284,보훈예우수당,basfrm,2026-07-28T13:50:44.211560+00:00,2,국가유공자증,,,3,현금지급,1,"* 준비물 : 국가유공자(유족)증, 통장사본(압류방지계좌 사용불가) * 신청장소 : 주소지 주민센터(방문신청)"
WLF00001284,보훈예우수당,basfrm,2026-07-28T13:50:44.211560+00:00,3,통장사본,,,3,현금지급,1,"* 준비물 : 국가유공자(유족)증, 통장사본(압류방지계좌 사용불가) * 신청장소 : 주소지 주민센터(방문신청)"
WLF00001806,장애인가정 출산지원금 지원,basfrm,2026-07-28T13:50:44.211560+00:00,1,장애인가정출산지원금 신청서,https://www.bokjiro.go.kr/ssis-tbu/CmmFileUtil/siteQnaInfoDownload.do?atcflId=20230517UUWBM0922290034984672&atcflSn=1,form_download,5,현금지급,2,1. 거주지 동 주민센터 신청 및 접수 : 대상자 자격확인 2. 지원대상자 결정(구청 장애인복지과) 3. 출산비용 지급(구청 장애인복지과)
WLF00001806,장애인가정 출산지원금 지원,basfrm,2026-07-28T13:50:44.211560+00:00,2,신분증,,,5,현금지급,2,1. 거주지 동 주민센터 신청 및 접수 : 대상자 자격확인 2. 지원대상자 결정(구청 장애인복지과) 3. 출산비용 지급(구청 장애인복지과)
WLF00001806,장애인가정 출산지원금 지원,basfrm,2026-07-28T13:50:44.211560+00:00,3,주민등록등본,https://www.gov.kr/mw/AA020InfoCappView.do?CappBizCD=13100000015,certificate_issuance,5,현금지급,2,1. 거주지 동 주민센터 신청 및 접수 : 대상자 자격확인 2. 지원대상자 결정(구청 장애인복지과) 3. 출산비용 지급(구청 장애인복지과)
WLF00001806,장애인가정 출산지원금 지원,basfrm,2026-07-28T13:50:44.211560+00:00,4,장애인등록증,https://www.gov.kr,certificate_issuance,5,현금지급,2,1. 거주지 동 주민센터 신청 및 접수 : 대상자 자격확인 2. 지원대상자 결정(구청 장애인복지과) 3. 출산비용 지급(구청 장애인복지과)
WLF00001806,장애인가정 출산지원금 지원,basfrm,2026-07-28T13:50:44.211560+00:00,5,통장사본,,,5,현금지급,2,1. 거주지 동 주민센터 신청 및 접수 : 대상자 자격확인 2. 지원대상자 결정(구청 장애인복지과) 3. 출산비용 지급(구청 장애인복지과)
WLF00001945,국가유공자 사망위로금 지원,basfrm,2026-07-28T13:50:44.211560+00:00,1,사망위로금 지급신청서,https://www.bokjiro.go.kr/ssis-tbu/CmmFileUtil/siteQnaInfoDownload.do?atcflId=20230523UUWBM1400300035797051&atcflSn=1,form_download,3,현금지급,2,동주민센터 방문 신청
WLF00001945,국가유공자 사망위로금 지원,basfrm,2026-07-28T13:50:44.211560+00:00,2,신분증,,,3,현금지급,2,동주민센터 방문 신청
WLF00001945,국가유공자 사망위로금 지원,basfrm,2026-07-28T13:50:44.211560+00:00,3,주민등록등본,https://www.gov.kr/mw/AA020InfoCappView.do?CappBizCD=13100000015,certificate_issuance,3,현금지급,2,동주민센터 방문 신청
WLF00002016,학교 밖 청소년 교육참여수당,basfrm,2026-07-28T13:50:44.211560+00:00,1,학교 밖 청소년 교육참여수당 신청서,https://www.bokjiro.go.kr/ssis-tbu/CmmFileUtil/siteQnaInfoDownload.do?atcflId=20220823TTWAT0508590001385551&atcflSn=1,form_download,2,기타,2,홈페이지상 학교 밖 청소년 도움센터 친구랑 등록 후 학교 밖 청소년 교육참여수당 방문 신청
WLF00002016,학교 밖 청소년 교육참여수당,basfrm,2026-07-28T13:50:44.211560+00:00,2,신분증,,,2,기타,2,홈페이지상 학교 밖 청소년 도움센터 친구랑 등록 후 학교 밖 청소년 교육참여수당 방문 신청
WLF00002062,장애인 이동보조기기수리센터 운영,basfrm,2026-07-28T13:50:44.211560+00:00,1,장애인 보장구 수리 신청서,https://www.bokjiro.go.kr/ssis-tbu/CmmFileUtil/siteQnaInfoDownload.do?atcflId=20220801TTWAT0508170001027408&atcflSn=1,form_download,3,프로그램/서비스(서비스),2,"1) 신청대상: 장애인보장구를 이용하는 등록장애인 2) 신청방법: 장애인복지카드, 의료급여증과 보장구를 가지고 보장구 클린센터(☎2290-3140)로 내방하여 수리의뢰 3) 이용요금 - 성동구 거주 차상위계층 이하 "
WLF00002062,장애인 이동보조기기수리센터 운영,basfrm,2026-07-28T13:50:44.211560+00:00,2,장애인복지카드,,,3,프로그램/서비스(서비스),2,"1) 신청대상: 장애인보장구를 이용하는 등록장애인 2) 신청방법: 장애인복지카드, 의료급여증과 보장구를 가지고 보장구 클린센터(☎2290-3140)로 내방하여 수리의뢰 3) 이용요금 - 성동구 거주 차상위계층 이하 "
WLF00002062,장애인 이동보조기기수리센터 운영,basfrm,2026-07-28T13:50:44.211560+00:00,3,의료급여증,,,3,프로그램/서비스(서비스),2,"1) 신청대상: 장애인보장구를 이용하는 등록장애인 2) 신청방법: 장애인복지카드, 의료급여증과 보장구를 가지고 보장구 클린센터(☎2290-3140)로 내방하여 수리의뢰 3) 이용요금 - 성동구 거주 차상위계층 이하 "
WLF00002111,저소득 중증시각장애인가구 유료방송 이용요금 지원사업,basfrm,2026-07-28T13:50:44.211560+00:00,1,저소득 중증장애인 유료방송신청서 및 개인정보제공동의서,,,4,감면,1,방송요금 지원 신청 : 거주지 동주민센터 대상자 결정 : 은평구 장애인복지과 방송 시청을 위한 장비(STB 및 B-SMT) 설치 : 지역케이블방송사
WLF00002111,저소득 중증시각장애인가구 유료방송 이용요금 지원사업,basfrm,2026-07-28T13:50:44.211560+00:00,2,신분증,,,4,감면,1,방송요금 지원 신청 : 거주지 동주민센터 대상자 결정 : 은평구 장애인복지과 방송 시청을 위한 장비(STB 및 B-SMT) 설치 : 지역케이블방송사
WLF00002111,저소득 중증시각장애인가구 유료방송 이용요금 지원사업,basfrm,2026-07-28T13:50:44.211560+00:00,3,장애인등록증,https://www.gov.kr,certificate_issuance,4,감면,1,방송요금 지원 신청 : 거주지 동주민센터 대상자 결정 : 은평구 장애인복지과 방송 시청을 위한 장비(STB 및 B-SMT) 설치 : 지역케이블방송사
WLF00002111,저소득 중증시각장애인가구 유료방송 이용요금 지원사업,basfrm,2026-07-28T13:50:44.211560+00:00,4,수급자증명서,https://www.gov.kr/mw/AA020InfoCappView.do?CappBizCD=14600000280,certificate_issuance,4,감면,1,방송요금 지원 신청 : 거주지 동주민센터 대상자 결정 : 은평구 장애인복지과 방송 시청을 위한 장비(STB 및 B-SMT) 설치 : 지역케이블방송사
WLF00002133,장애인 이동기기 수리지원 사업,basfrm,2026-07-28T13:50:44.211560+00:00,1,장애인 이동기기 수리 신청서 및 의뢰서,https://www.bokjiro.go.kr/ssis-tbu/CmmFileUtil/siteQnaInfoDownload.do?atcflId=20260722UUWBM1341210202048986&atcflSn=1,form_download,4,기타,1,장애인 이동기기 수리비 지원 신청서 및 의뢰서 작성 : 거주지 관할 동주민센터에 신청
WLF00002133,장애인 이동기기 수리지원 사업,basfrm,2026-07-28T13:50:44.211560+00:00,2,신분증,,,4,기타,1,장애인 이동기기 수리비 지원 신청서 및 의뢰서 작성 : 거주지 관할 동주민센터에 신청
WLF00002133,장애인 이동기기 수리지원 사업,basfrm,2026-07-28T13:50:44.211560+00:00,3,장애인등록증,https://www.gov.kr,certificate_issuance,4,기타,1,장애인 이동기기 수리비 지원 신청서 및 의뢰서 작성 : 거주지 관할 동주민센터에 신청
WLF00002133,장애인 이동기기 수리지원 사업,basfrm,2026-07-28T13:50:44.211560+00:00,4,수급자증명서,https://www.gov.kr/mw/AA020InfoCappView.do?CappBizCD=14600000280,certificate_issuance,4,기타,1,장애인 이동기기 수리비 지원 신청서 및 의뢰서 작성 : 거주지 관할 동주민센터에 신청
WLF00002234,서울형 기초보장제도 운영,basfrm,2026-07-28T13:55:45.159455+00:00,1,서울형 기초보장제도 급여 신청서,https://www.bokjiro.go.kr/ssis-tbu/CmmFileUtil/siteQnaInfoDownload.do?atcflId=20250429UUWBM1554170135438616&atcflSn=1,form_download,3,현금지급,1,"■ 주소지 자치구 또는 동 주민센터 상담을 통해 신청 가능■ 조사체계 - 신청(상담) → 조사(공적조회, 방문상담 등) → 1차 결정(기초수급자 적정여부 결정 : 부적합) → 2차 결정(서울형 기초보장제도 적정여부 "
WLF00002234,서울형 기초보장제도 운영,basfrm,2026-07-28T13:55:45.159455+00:00,2,신분증,,,3,현금지급,1,"■ 주소지 자치구 또는 동 주민센터 상담을 통해 신청 가능■ 조사체계 - 신청(상담) → 조사(공적조회, 방문상담 등) → 1차 결정(기초수급자 적정여부 결정 : 부적합) → 2차 결정(서울형 기초보장제도 적정여부 "
WLF00002234,서울형 기초보장제도 운영,basfrm,2026-07-28T13:55:45.159455+00:00,3,소득금액증명원,https://www.hometax.go.kr,certificate_issuance,3,현금지급,1,"■ 주소지 자치구 또는 동 주민센터 상담을 통해 신청 가능■ 조사체계 - 신청(상담) → 조사(공적조회, 방문상담 등) → 1차 결정(기초수급자 적정여부 결정 : 부적합) → 2차 결정(서울형 기초보장제도 적정여부 "
WLF00002302,저소득층 건강보험료 지원,basfrm,2026-07-28T13:55:45.159455+00:00,1,저소득층 건강보험료 지원 신청서,,,3,현금지급,1,
WLF00002302,저소득층 건강보험료 지원,basfrm,2026-07-28T13:55:45.159455+00:00,2,신분증,,,3,현금지급,1,
WLF00002302,저소득층 건강보험료 지원,basfrm,2026-07-28T13:55:45.159455+00:00,3,주민등록등본,https://www.gov.kr/mw/AA020InfoCappView.do?CappBizCD=13100000015,certificate_issuance,3,현금지급,1,
WLF00002306,장수축하금 지원,basfrm,2026-07-28T13:55:45.159455+00:00,1,장수축하금 지급신청서,https://www.bokjiro.go.kr/ssis-tbu/CmmFileUtil/siteQnaInfoDownload.do?atcflId=20260619UUWBM1649320197838510&atcflSn=1,form_download,4,현금지급,3,1) 신청방법 : 읍/면/동주민센터로 부터 안내 받은 후 장수축하금 신청2) 지급시기 및 지급방법 - 지급개시일 : 생신 월에 신청 - 지급방법 : 수급자 계좌에 시/군/구청장이 직접 입금(1회에 한함)
WLF00002306,장수축하금 지원,basfrm,2026-07-28T13:55:45.159455+00:00,2,장수축하금 지급신청 위임장,,,4,현금지급,3,1) 신청방법 : 읍/면/동주민센터로 부터 안내 받은 후 장수축하금 신청2) 지급시기 및 지급방법 - 지급개시일 : 생신 월에 신청 - 지급방법 : 수급자 계좌에 시/군/구청장이 직접 입금(1회에 한함)
WLF00002306,장수축하금 지원,basfrm,2026-07-28T13:55:45.159455+00:00,3,신분증,,,4,현금지급,3,1) 신청방법 : 읍/면/동주민센터로 부터 안내 받은 후 장수축하금 신청2) 지급시기 및 지급방법 - 지급개시일 : 생신 월에 신청 - 지급방법 : 수급자 계좌에 시/군/구청장이 직접 입금(1회에 한함)
WLF00002306,장수축하금 지원,basfrm,2026-07-28T13:55:45.159455+00:00,4,주민등록등본,https://www.gov.kr/mw/AA020InfoCappView.do?CappBizCD=13100000015,certificate_issuance,4,현금지급,3,1) 신청방법 : 읍/면/동주민센터로 부터 안내 받은 후 장수축하금 신청2) 지급시기 및 지급방법 - 지급개시일 : 생신 월에 신청 - 지급방법 : 수급자 계좌에 시/군/구청장이 직접 입금(1회에 한함)
WLF00002332,성북구 아동·청소년동행카드 지원사업,basfrm,2026-07-28T13:55:45.159455+00:00,1,동행카드 신청서,https://www.bokjiro.go.kr/ssis-tbu/CmmFileUtil/siteQnaInfoDownload.do?atcflId=20250811UUWBM0944350150141504&atcflSn=1,form_download,3,기타,2,ㅇ 신청기간 - 2025. 1. 13. ~ 11. 30. ㅇ 카드신청 : 관할 주소지 동 주민센터 방문신청 또는 온라인 신청 ㅇ 카드등록 : 동행카드 홈페이지(https://sb.purmee.kr)에서 카드등록 - 
WLF00002332,성북구 아동·청소년동행카드 지원사업,basfrm,2026-07-28T13:55:45.159455+00:00,2,신분증,,,3,기타,2,ㅇ 신청기간 - 2025. 1. 13. ~ 11. 30. ㅇ 카드신청 : 관할 주소지 동 주민센터 방문신청 또는 온라인 신청 ㅇ 카드등록 : 동행카드 홈페이지(https://sb.purmee.kr)에서 카드등록 - 
WLF00002332,성북구 아동·청소년동행카드 지원사업,basfrm,2026-07-28T13:55:45.159455+00:00,3,주민등록등본,https://www.gov.kr/mw/AA020InfoCappView.do?CappBizCD=13100000015,certificate_issuance,3,기타,2,ㅇ 신청기간 - 2025. 1. 13. ~ 11. 30. ㅇ 카드신청 : 관할 주소지 동 주민센터 방문신청 또는 온라인 신청 ㅇ 카드등록 : 동행카드 홈페이지(https://sb.purmee.kr)에서 카드등록 - 
WLF00002336,참전유공자 사망위로금 지급,basfrm,2026-07-28T13:55:45.159455+00:00,1,참전유공자 사망위로금 지급신청서,https://www.bokjiro.go.kr/ssis-tbu/CmmFileUtil/siteQnaInfoDownload.do?atcflId=20230516UUWBM1921170034939937&atcflSn=1,form_download,4,현금지급,2,1) 신청방법 : 참전유공자의 유족이 1년 이내 신청 2) 지급시기 및 지급방법 - 지급개시일 : 신청 접수 후 바로 - 지급방법 : 계좌 입금
WLF00002336,참전유공자 사망위로금 지급,basfrm,2026-07-28T13:55:45.159455+00:00,2,신분증,,,4,현금지급,2,1) 신청방법 : 참전유공자의 유족이 1년 이내 신청 2) 지급시기 및 지급방법 - 지급개시일 : 신청 접수 후 바로 - 지급방법 : 계좌 입금
WLF00002336,참전유공자 사망위로금 지급,basfrm,2026-07-28T13:55:45.159455+00:00,3,가족관계증명서,https://efamily.scourt.go.kr,certificate_issuance,4,현금지급,2,1) 신청방법 : 참전유공자의 유족이 1년 이내 신청 2) 지급시기 및 지급방법 - 지급개시일 : 신청 접수 후 바로 - 지급방법 : 계좌 입금
WLF00002336,참전유공자 사망위로금 지급,basfrm,2026-07-28T13:55:45.159455+00:00,4,사망진단서,,,4,현금지급,2,1) 신청방법 : 참전유공자의 유족이 1년 이내 신청 2) 지급시기 및 지급방법 - 지급개시일 : 신청 접수 후 바로 - 지급방법 : 계좌 입금
WLF00002364,장애인 휠체어 수리비 지원,basfrm,2026-07-28T13:55:45.159455+00:00,1,장애인휠체어 등 수리 지원 신청서,https://www.bokjiro.go.kr/ssis-tbu/CmmFileUtil/siteQnaInfoDownload.do?atcflId=20230523UUWBM0949120035738908&atcflSn=1,form_download,3,프로그램/서비스(서비스),2,1) 처리절차수리 신청 접수[중증장애인독립생활연대(사업 수행 기관)] - 수리(중증장애인독립생활연대)
WLF00002364,장애인 휠체어 수리비 지원,basfrm,2026-07-28T13:55:45.159455+00:00,2,신분증,,,3,프로그램/서비스(서비스),2,1) 처리절차수리 신청 접수[중증장애인독립생활연대(사업 수행 기관)] - 수리(중증장애인독립생활연대)
WLF00002364,장애인 휠체어 수리비 지원,basfrm,2026-07-28T13:55:45.159455+00:00,3,장애인등록증,https://www.gov.kr,certificate_issuance,3,프로그램/서비스(서비스),2,1) 처리절차수리 신청 접수[중증장애인독립생활연대(사업 수행 기관)] - 수리(중증장애인독립생활연대)
WLF00002417,어르신 보행기 지원,basfrm,2026-07-28T13:55:45.159455+00:00,1,어르신 보행기 지원 신청서,https://www.bokjiro.go.kr/ssis-tbu/CmmFileUtil/siteQnaInfoDownload.do?atcflId=20230522UUWBM1622550035647833&atcflSn=1,form_download,3,현물지급,1,해당 동주민센터에서 신청 - 지원 신청서 - 장기요양등급 외 판정 및 탈락을 증명할 수 있는 서류 또는 의사 소견서(진단서)
WLF00002417,어르신 보행기 지원,basfrm,2026-07-28T13:55:45.159455+00:00,2,진단서,,,3,현물지급,1,해당 동주민센터에서 신청 - 지원 신청서 - 장기요양등급 외 판정 및 탈락을 증명할 수 있는 서류 또는 의사 소견서(진단서)
WLF00002417,어르신 보행기 지원,basfrm,2026-07-28T13:55:45.159455+00:00,3,신분증,,,3,현물지급,1,해당 동주민센터에서 신청 - 지원 신청서 - 장기요양등급 외 판정 및 탈락을 증명할 수 있는 서류 또는 의사 소견서(진단서)
WLF00002419,독거노인 야쿠르트 지원,basfrm,2026-07-28T13:55:45.159455+00:00,1,독거노인 야쿠르트 지원신청서,https://www.bokjiro.go.kr/ssis-tbu/CmmFileUtil/siteQnaInfoDownload.do?atcflId=20230523UUWBM1418210035802574&atcflSn=1,form_download,4,현물지급,2,대상자 신규 등록 가능 시 신청서 및 개인정보제공동의서 작성 후 제출
WLF00002419,독거노인 야쿠르트 지원,basfrm,2026-07-28T13:55:45.159455+00:00,2,개인정보 수집·이용 동의서,,,4,현물지급,2,대상자 신규 등록 가능 시 신청서 및 개인정보제공동의서 작성 후 제출
WLF00002419,독거노인 야쿠르트 지원,basfrm,2026-07-28T13:55:45.159455+00:00,3,신분증,,,4,현물지급,2,대상자 신규 등록 가능 시 신청서 및 개인정보제공동의서 작성 후 제출
WLF00002419,독거노인 야쿠르트 지원,basfrm,2026-07-28T13:55:45.159455+00:00,4,수급자증명서,https://www.gov.kr/mw/AA020InfoCappView.do?CappBizCD=14600000280,certificate_issuance,4,현물지급,2,대상자 신규 등록 가능 시 신청서 및 개인정보제공동의서 작성 후 제출
WLF00002444,출산장려 지원사업(출산지원금 지원),basfrm,2026-07-28T13:55:45.159455+00:00,1,지원명단 및 동의서,,,3,현금지급,2,1) 신청방법 : 동주민센터로 출생신고와 함께 신청 2) 지급시기 및 지급 방법 - 지 급 일 : 신청월 익월 10일까지 지급 - 지급방법 : 신청자 계좌에 현금 입금
WLF00002444,출산장려 지원사업(출산지원금 지원),basfrm,2026-07-28T13:55:45.159455+00:00,2,신분증,,,3,현금지급,2,1) 신청방법 : 동주민센터로 출생신고와 함께 신청 2) 지급시기 및 지급 방법 - 지 급 일 : 신청월 익월 10일까지 지급 - 지급방법 : 신청자 계좌에 현금 입금
WLF00002444,출산장려 지원사업(출산지원금 지원),basfrm,2026-07-28T13:55:45.159455+00:00,3,주민등록등본,https://www.gov.kr/mw/AA020InfoCappView.do?CappBizCD=13100000015,certificate_issuance,3,현금지급,2,1) 신청방법 : 동주민센터로 출생신고와 함께 신청 2) 지급시기 및 지급 방법 - 지 급 일 : 신청월 익월 10일까지 지급 - 지급방법 : 신청자 계좌에 현금 입금
WLF00002560,보훈대상자 지원 (국가보훈대상자 사망위로금),basfrm,2026-07-28T14:00:56.236617+00:00,1,국가보훈대상자 사망위로금 지급신청서,https://www.bokjiro.go.kr/ssis-tbu/CmmFileUtil/siteQnaInfoDownload.do?atcflId=6008GOWF15GOWF156008&atcflSn=1,form_download,3,현금지급,1,1) 지급방법 : 배우자 및 1촌이내 직계존비속이 국가보훈대상자의 사망일로부터 1년이내에 동사무소 또는 구청에 신청하면 서류검토 후 지급 2) 지급시기 및 지급방법 - 지급시기 : 사망위로금 신청일로부터 7일이내 -
WLF00002560,보훈대상자 지원 (국가보훈대상자 사망위로금),basfrm,2026-07-28T14:00:56.236617+00:00,2,신분증,,,3,현금지급,1,1) 지급방법 : 배우자 및 1촌이내 직계존비속이 국가보훈대상자의 사망일로부터 1년이내에 동사무소 또는 구청에 신청하면 서류검토 후 지급 2) 지급시기 및 지급방법 - 지급시기 : 사망위로금 신청일로부터 7일이내 -
WLF00002560,보훈대상자 지원 (국가보훈대상자 사망위로금),basfrm,2026-07-28T14:00:56.236617+00:00,3,주민등록등본,https://www.gov.kr/mw/AA020InfoCappView.do?CappBizCD=13100000015,certificate_issuance,3,현금지급,1,1) 지급방법 : 배우자 및 1촌이내 직계존비속이 국가보훈대상자의 사망일로부터 1년이내에 동사무소 또는 구청에 신청하면 서류검토 후 지급 2) 지급시기 및 지급방법 - 지급시기 : 사망위로금 신청일로부터 7일이내 -
WLF00002614,보훈대상자 지원,basfrm,2026-07-28T14:00:56.236617+00:00,1,마포구 보훈수당 신청서,https://www.bokjiro.go.kr/ssis-tbu/CmmFileUtil/siteQnaInfoDownload.do?atcflId=20251002UUWBM1123400156370348&atcflSn=1,form_download,3,현금지급,1,"*신청방법 : 보훈예우수당 등 관할 동 주민센터에 신청 - 국가유공자(유족)증, 통장사본 - 신청서는 주민센터에 비치"
WLF00002614,보훈대상자 지원,basfrm,2026-07-28T14:00:56.236617+00:00,2,국가유공자증,,,3,현금지급,1,"*신청방법 : 보훈예우수당 등 관할 동 주민센터에 신청 - 국가유공자(유족)증, 통장사본 - 신청서는 주민센터에 비치"
WLF00002614,보훈대상자 지원,basfrm,2026-07-28T14:00:56.236617+00:00,3,통장사본,,,3,현금지급,1,"*신청방법 : 보훈예우수당 등 관할 동 주민센터에 신청 - 국가유공자(유족)증, 통장사본 - 신청서는 주민센터에 비치"
WLF00002663,장수축하금 지급,basfrm,2026-07-28T14:00:56.236617+00:00,1,장수축하금 지급 신청서,https://www.bokjiro.go.kr/ssis-tbu/CmmFileUtil/siteQnaInfoDownload.do?atcflId=20230518UUWBM1607310035257691&atcflSn=1,form_download,4,현금지급,2,- 대상자는 신청서를 지급기준일 1개월 전까지 관할 동장에게 신청서 제출하고 동장은 수급자격 여부를 확인하여 매월 15일까지 구청에 제출
WLF00002663,장수축하금 지급,basfrm,2026-07-28T14:00:56.236617+00:00,2,신분증,,,4,현금지급,2,- 대상자는 신청서를 지급기준일 1개월 전까지 관할 동장에게 신청서 제출하고 동장은 수급자격 여부를 확인하여 매월 15일까지 구청에 제출
WLF00002663,장수축하금 지급,basfrm,2026-07-28T14:00:56.236617+00:00,3,주민등록등본,https://www.gov.kr/mw/AA020InfoCappView.do?CappBizCD=13100000015,certificate_issuance,4,현금지급,2,- 대상자는 신청서를 지급기준일 1개월 전까지 관할 동장에게 신청서 제출하고 동장은 수급자격 여부를 확인하여 매월 15일까지 구청에 제출
WLF00002663,장수축하금 지급,basfrm,2026-07-28T14:00:56.236617+00:00,4,수급자증명서,https://www.gov.kr/mw/AA020InfoCappView.do?CappBizCD=14600000280,certificate_issuance,4,현금지급,2,- 대상자는 신청서를 지급기준일 1개월 전까지 관할 동장에게 신청서 제출하고 동장은 수급자격 여부를 확인하여 매월 15일까지 구청에 제출
WLF00002700,사랑의 음료,basfrm,2026-07-28T14:00:56.236617+00:00,1,사랑의 음료 신청서,https://www.bokjiro.go.kr/ssis-tbu/CmmFileUtil/siteQnaInfoDownload.do?atcflId=20240604UUWBM0943100088003630&atcflSn=1,form_download,4,현물지급,2,대상자 이용신청시 신청서 작성하여 제출
WLF00002700,사랑의 음료,basfrm,2026-07-28T14:00:56.236617+00:00,2,신분증,,,4,현물지급,2,대상자 이용신청시 신청서 작성하여 제출
WLF00002700,사랑의 음료,basfrm,2026-07-28T14:00:56.236617+00:00,3,주민등록등본,https://www.gov.kr/mw/AA020InfoCappView.do?CappBizCD=13100000015,certificate_issuance,4,현물지급,2,대상자 이용신청시 신청서 작성하여 제출
WLF00002700,사랑의 음료,basfrm,2026-07-28T14:00:56.236617+00:00,4,수급자증명서,https://www.gov.kr/mw/AA020InfoCappView.do?CappBizCD=14600000280,certificate_issuance,4,현물지급,2,대상자 이용신청시 신청서 작성하여 제출
WLF00002754,장애인활동지원(구비추가) 사업,basfrm,2026-07-28T14:05:57.338179+00:00,1,장애인활동지원 관악구 추가지원 신청서,https://www.bokjiro.go.kr/ssis-tbu/CmmFileUtil/siteQnaInfoDownload.do?atcflId=20260610UUWBM1510420196302257&atcflSn=1,form_download,3,전자바우처(바우처),2,1) 동주민센터를 통한 신청2) 본인부담금 없음3) 대기자로 관리 후 선정
WLF00002754,장애인활동지원(구비추가) 사업,basfrm,2026-07-28T14:05:57.338179+00:00,2,신분증,,,3,전자바우처(바우처),2,1) 동주민센터를 통한 신청2) 본인부담금 없음3) 대기자로 관리 후 선정
WLF00002754,장애인활동지원(구비추가) 사업,basfrm,2026-07-28T14:05:57.338179+00:00,3,장애인등록증,https://www.gov.kr,certificate_issuance,3,전자바우처(바우처),2,1) 동주민센터를 통한 신청2) 본인부담금 없음3) 대기자로 관리 후 선정
WLF00002766,저소득주민 복리증진 (저소득층 국민건강보험료 지원),basfrm,2026-07-28T14:05:57.338179+00:00,1,저소득주민 국민건강보험료지원 신청서,https://www.bokjiro.go.kr/ssis-tbu/CmmFileUtil/siteQnaInfoDownload.do?atcflId=20230523UUWBM1146300035773448&atcflSn=1,form_download,3,감면,2,1. 신청장소 : 동주민센터 2. 신청방법 : 저소득주민 건강보험료 지원 신청서 제출 3. 구비서류 : 건강보험료 고지서 4. 신청기간 : 매월말까지 동 주민센터에 수시 신청 5. 처리절차 : 동주민센터(수시신청) 
WLF00002766,저소득주민 복리증진 (저소득층 국민건강보험료 지원),basfrm,2026-07-28T14:05:57.338179+00:00,2,건강보험료 고지서,,,3,감면,2,1. 신청장소 : 동주민센터 2. 신청방법 : 저소득주민 건강보험료 지원 신청서 제출 3. 구비서류 : 건강보험료 고지서 4. 신청기간 : 매월말까지 동 주민센터에 수시 신청 5. 처리절차 : 동주민센터(수시신청) 
WLF00002766,저소득주민 복리증진 (저소득층 국민건강보험료 지원),basfrm,2026-07-28T14:05:57.338179+00:00,3,신분증,,,3,감면,2,1. 신청장소 : 동주민센터 2. 신청방법 : 저소득주민 건강보험료 지원 신청서 제출 3. 구비서류 : 건강보험료 고지서 4. 신청기간 : 매월말까지 동 주민센터에 수시 신청 5. 처리절차 : 동주민센터(수시신청) 
WLF00002767,저소득주민 복리증진 (케이블 TV 시청료 지원),basfrm,2026-07-28T14:05:57.338179+00:00,1,케이블TV 지원사업 신청서,https://www.bokjiro.go.kr/ssis-tbu/CmmFileUtil/siteQnaInfoDownload.do?atcflId=20230523UUWBM1142250035772721&atcflSn=1,form_download,3,감면,2,1. 신청기간 : 동 주민센터에서 수시 신청 2. 처리절차 : (대상자)동 주민센터 신청 → 사회복지과 보고 → 케이블사로 명단통보 → 대상자 가구에 방문 약속 후 설치(케이블사) (통상 10일이내지만 연락이 지연되
WLF00002767,저소득주민 복리증진 (케이블 TV 시청료 지원),basfrm,2026-07-28T14:05:57.338179+00:00,2,신분증,,,3,감면,2,1. 신청기간 : 동 주민센터에서 수시 신청 2. 처리절차 : (대상자)동 주민센터 신청 → 사회복지과 보고 → 케이블사로 명단통보 → 대상자 가구에 방문 약속 후 설치(케이블사) (통상 10일이내지만 연락이 지연되
WLF00002767,저소득주민 복리증진 (케이블 TV 시청료 지원),basfrm,2026-07-28T14:05:57.338179+00:00,3,수급자증명서,https://www.gov.kr/mw/AA020InfoCappView.do?CappBizCD=14600000280,certificate_issuance,3,감면,2,1. 신청기간 : 동 주민센터에서 수시 신청 2. 처리절차 : (대상자)동 주민센터 신청 → 사회복지과 보고 → 케이블사로 명단통보 → 대상자 가구에 방문 약속 후 설치(케이블사) (통상 10일이내지만 연락이 지연되
WLF00002778,성인 발달장애인 활동지원 구비추가 사업,basfrm,2026-07-28T14:05:57.338179+00:00,1,장애인활동지원 구비추가 지원 신청서 및 추천서,https://www.bokjiro.go.kr/ssis-tbu/CmmFileUtil/siteQnaInfoDownload.do?atcflId=20220711TTWAT0607070000741638&atcflSn=1,form_download,3,"전자바우처(바우처), 기타",2,"1. 신청권자 : 본인, 가족이나 친족, 그 밖의 대리인2. 신청장소 : 급여 대상 장애인의 주민등록상 주소지 주민센터"
WLF00002778,성인 발달장애인 활동지원 구비추가 사업,basfrm,2026-07-28T14:05:57.338179+00:00,2,신분증,,,3,"전자바우처(바우처), 기타",2,"1. 신청권자 : 본인, 가족이나 친족, 그 밖의 대리인2. 신청장소 : 급여 대상 장애인의 주민등록상 주소지 주민센터"
WLF00002778,성인 발달장애인 활동지원 구비추가 사업,basfrm,2026-07-28T14:05:57.338179+00:00,3,장애인등록증,https://www.gov.kr,certificate_issuance,3,"전자바우처(바우처), 기타",2,"1. 신청권자 : 본인, 가족이나 친족, 그 밖의 대리인2. 신청장소 : 급여 대상 장애인의 주민등록상 주소지 주민센터"
WLF00002816,장애인단체명절위문금 지급,basfrm,2026-07-28T14:05:57.338179+00:00,1,장애인단체명절위문금 지급 신청서,,,3,현금지급,1,
WLF00002816,장애인단체명절위문금 지급,basfrm,2026-07-28T14:05:57.338179+00:00,2,단체장 추천서,,,3,현금지급,1,
WLF00002816,장애인단체명절위문금 지급,basfrm,2026-07-28T14:05:57.338179+00:00,3,장애인등록증,https://www.gov.kr,certificate_issuance,3,현금지급,1,
WLF00002819,출생축하금 지원,basfrm,2026-07-28T14:05:57.338179+00:00,1,출생축하금 신청서,https://www.bokjiro.go.kr/ssis-tbu/CmmFileUtil/siteQnaInfoDownload.do?atcflId=20250805UUWBM1659580149525401&atcflSn=1,form_download,3,현금지급,1,"1) 지원내용 - 셋째아 700천원, 넷째아 이상 1,000천원 2) 신청기간 : 출생일로부터 1년 이내 출생축하금 신청 (거주기간 1년 미충족인 경우 전입일 1년이 되는 시점으로부터 1년 내 신청 가능)3) 신청방"
WLF00002819,출생축하금 지원,basfrm,2026-07-28T14:05:57.338179+00:00,2,신분증,,,3,현금지급,1,"1) 지원내용 - 셋째아 700천원, 넷째아 이상 1,000천원 2) 신청기간 : 출생일로부터 1년 이내 출생축하금 신청 (거주기간 1년 미충족인 경우 전입일 1년이 되는 시점으로부터 1년 내 신청 가능)3) 신청방"
WLF00002819,출생축하금 지원,basfrm,2026-07-28T14:05:57.338179+00:00,3,주민등록등본,https://www.gov.kr/mw/AA020InfoCappView.do?CappBizCD=13100000015,certificate_issuance,3,현금지급,1,"1) 지원내용 - 셋째아 700천원, 넷째아 이상 1,000천원 2) 신청기간 : 출생일로부터 1년 이내 출생축하금 신청 (거주기간 1년 미충족인 경우 전입일 1년이 되는 시점으로부터 1년 내 신청 가능)3) 신청방"
WLF00003168,(북한이탈주민)취업 지원,basfrm,2026-07-28T14:05:57.338179+00:00,1,장려금 지급 신청서,https://bokjiro.go.kr/ssis-tbu/CmmFileUtil/getDownload.do?atcflId=5579GOWF15GOWF155579&atcflSn=1,form_download,2,현금지급,2,"신청기관연락처목록: 거주지 읍/면/동 주민센터, 북한이탈주민정착지원 사무소(하나원)에서 ‘서비스 신청’ 조사기관연락처목록: 담당 시/군/구청 또는 북한이탈주민정착지원 사무소(하나원)에서 조사 및 심사 결정기관연락처목"
WLF00003168,(북한이탈주민)취업 지원,basfrm,2026-07-28T14:05:57.338179+00:00,2,신분증,,,2,현금지급,2,"신청기관연락처목록: 거주지 읍/면/동 주민센터, 북한이탈주민정착지원 사무소(하나원)에서 ‘서비스 신청’ 조사기관연락처목록: 담당 시/군/구청 또는 북한이탈주민정착지원 사무소(하나원)에서 조사 및 심사 결정기관연락처목"
WLF00003172,(북한이탈주민)정착금 지원,basfrm,2026-07-28T14:05:57.338179+00:00,1,하나원 퇴소 5년 후 주거지원금 잔액 지급 신청서,https://bokjiro.go.kr/ssis-tbu/CmmFileUtil/getDownload.do?atcflId=6225GOWF15GOWF156225&atcflSn=1,form_download,2,현금지급,1,"지급기관연락처목록: 담당 시/군/구청 또는 북한이탈주민정착지원사무소, 북한이탈주민지원재단에서 대상자에게 서비스 제공 신청기관연락처목록: 거주지 읍/면/동 주민센터, 북한이탈주민정착지원사무소, 북한이탈주민지원재단에서 "
WLF00003172,(북한이탈주민)정착금 지원,basfrm,2026-07-28T14:05:57.338179+00:00,2,신분증,,,2,현금지급,1,"지급기관연락처목록: 담당 시/군/구청 또는 북한이탈주민정착지원사무소, 북한이탈주민지원재단에서 대상자에게 서비스 제공 신청기관연락처목록: 거주지 읍/면/동 주민센터, 북한이탈주민정착지원사무소, 북한이탈주민지원재단에서 "
WLF00003176,농식품바우처,basfrm,2026-07-28T14:05:57.338179+00:00,1,농식품 바우처 신청서,https://bokjiro.go.kr/ssis-tbu/CmmFileUtil/getDownload.do?atcflId=20260317UUWBM1544280180914120&atcflSn=1,form_download,4,전자바우처(바우처),1,"신청기관연락처목록: 거주지 읍/면/동 주민센터, 읍면동주민센터에서 ‘서비스 신청’ 조사기관연락처목록: 담당 시/군/구청 또는 읍면동주민센터에서 조사 및 심사 결정기관연락처목록: 담당 시/군/구청 또는 시군구에서 보장"
WLF00003176,농식품바우처,basfrm,2026-07-28T14:05:57.338179+00:00,2,신분증,,,4,전자바우처(바우처),1,"신청기관연락처목록: 거주지 읍/면/동 주민센터, 읍면동주민센터에서 ‘서비스 신청’ 조사기관연락처목록: 담당 시/군/구청 또는 읍면동주민센터에서 조사 및 심사 결정기관연락처목록: 담당 시/군/구청 또는 시군구에서 보장"
WLF00003176,농식품바우처,basfrm,2026-07-28T14:05:57.338179+00:00,3,주민등록등본,https://www.gov.kr/mw/AA020InfoCappView.do?CappBizCD=13100000015,certificate_issuance,4,전자바우처(바우처),1,"신청기관연락처목록: 거주지 읍/면/동 주민센터, 읍면동주민센터에서 ‘서비스 신청’ 조사기관연락처목록: 담당 시/군/구청 또는 읍면동주민센터에서 조사 및 심사 결정기관연락처목록: 담당 시/군/구청 또는 시군구에서 보장"
WLF00003176,농식품바우처,basfrm,2026-07-28T14:05:57.338179+00:00,4,수급자증명서,https://www.gov.kr/mw/AA020InfoCappView.do?CappBizCD=14600000280,certificate_issuance,4,전자바우처(바우처),1,"신청기관연락처목록: 거주지 읍/면/동 주민센터, 읍면동주민센터에서 ‘서비스 신청’ 조사기관연락처목록: 담당 시/군/구청 또는 읍면동주민센터에서 조사 및 심사 결정기관연락처목록: 담당 시/군/구청 또는 시군구에서 보장"
WLF00003198,장애아동수당,basfrm,2026-07-28T14:05:57.338179+00:00,1,사회보장급여 신청서,https://bokjiro.go.kr/ssis-tbu/CmmFileUtil/getDownload.do?atcflId=20250220UUWBM1352490124684810&atcflSn=1,form_download,6,현금지급,3,"신청기관연락처목록: 거주지 읍/면/동 주민센터, 전국 읍·면·동 주민센터 또는 복지로 웹사이트(PC/모바일앱)에서 ‘서비스 신청’ 조사기관연락처목록: 담당 시/군/구청 또는 시·군·구에서 조사 및 심사 결정기관연락처"
WLF00003198,장애아동수당,basfrm,2026-07-28T14:05:57.338179+00:00,2,금융정보 제공 동의서,,,6,현금지급,3,"신청기관연락처목록: 거주지 읍/면/동 주민센터, 전국 읍·면·동 주민센터 또는 복지로 웹사이트(PC/모바일앱)에서 ‘서비스 신청’ 조사기관연락처목록: 담당 시/군/구청 또는 시·군·구에서 조사 및 심사 결정기관연락처"
WLF00003198,장애아동수당,basfrm,2026-07-28T14:05:57.338179+00:00,3,신분증,,,6,현금지급,3,"신청기관연락처목록: 거주지 읍/면/동 주민센터, 전국 읍·면·동 주민센터 또는 복지로 웹사이트(PC/모바일앱)에서 ‘서비스 신청’ 조사기관연락처목록: 담당 시/군/구청 또는 시·군·구에서 조사 및 심사 결정기관연락처"
WLF00003198,장애아동수당,basfrm,2026-07-28T14:05:57.338179+00:00,4,장애인등록증,https://www.gov.kr,certificate_issuance,6,현금지급,3,"신청기관연락처목록: 거주지 읍/면/동 주민센터, 전국 읍·면·동 주민센터 또는 복지로 웹사이트(PC/모바일앱)에서 ‘서비스 신청’ 조사기관연락처목록: 담당 시/군/구청 또는 시·군·구에서 조사 및 심사 결정기관연락처"
WLF00003198,장애아동수당,basfrm,2026-07-28T14:05:57.338179+00:00,5,주민등록등본,https://www.gov.kr/mw/AA020InfoCappView.do?CappBizCD=13100000015,certificate_issuance,6,현금지급,3,"신청기관연락처목록: 거주지 읍/면/동 주민센터, 전국 읍·면·동 주민센터 또는 복지로 웹사이트(PC/모바일앱)에서 ‘서비스 신청’ 조사기관연락처목록: 담당 시/군/구청 또는 시·군·구에서 조사 및 심사 결정기관연락처"
WLF00003198,장애아동수당,basfrm,2026-07-28T14:05:57.338179+00:00,6,소득금액증명원,https://www.hometax.go.kr,certificate_issuance,6,현금지급,3,"신청기관연락처목록: 거주지 읍/면/동 주민센터, 전국 읍·면·동 주민센터 또는 복지로 웹사이트(PC/모바일앱)에서 ‘서비스 신청’ 조사기관연락처목록: 담당 시/군/구청 또는 시·군·구에서 조사 및 심사 결정기관연락처"
WLF00003202,의료급여(본인부담 상한금),basfrm,2026-07-28T14:11:19.301996+00:00,1,본인부담금 초과금액 지급청구서,https://bokjiro.go.kr/ssis-tbu/CmmFileUtil/getDownload.do?atcflId=20230213UUWBM2026020021430496&atcflSn=1,form_download,2,현금지급,2,"신청기관연락처목록: 거주지 읍/면/동 주민센터, 시군구에서 ‘서비스 신청’ 조사기관연락처목록: 담당 시/군/구청 또는 시군구에서 조사 및 심사 결정기관연락처목록: 담당 시/군/구청 또는 시군구에서 보장 결정 지급기관"
WLF00003202,의료급여(본인부담 상한금),basfrm,2026-07-28T14:11:19.301996+00:00,2,신분증,,,2,현금지급,2,"신청기관연락처목록: 거주지 읍/면/동 주민센터, 시군구에서 ‘서비스 신청’ 조사기관연락처목록: 담당 시/군/구청 또는 시군구에서 조사 및 심사 결정기관연락처목록: 담당 시/군/구청 또는 시군구에서 보장 결정 지급기관"
WLF00003203,사망일시금,basfrm,2026-07-28T14:11:19.301996+00:00,1,사망일시금 지급 신청서,https://bokjiro.go.kr/ssis-tbu/CmmFileUtil/getDownload.do?atcflId=20240304UUWBM1616310073238363&atcflSn=1,form_download,4,현금지급,4,"신청기관연락처목록: 거주지 읍/면/동 주민센터, 보훈(지)청에서 ‘서비스 신청’ 조사기관연락처목록: 담당 시/군/구청 또는 보훈(지)청에서 조사 및 심사 결정기관연락처목록: 담당 시/군/구청 또는 보훈(지)청에서 보"
WLF00003203,사망일시금,basfrm,2026-07-28T14:11:19.301996+00:00,2,신분증,,,4,현금지급,4,"신청기관연락처목록: 거주지 읍/면/동 주민센터, 보훈(지)청에서 ‘서비스 신청’ 조사기관연락처목록: 담당 시/군/구청 또는 보훈(지)청에서 조사 및 심사 결정기관연락처목록: 담당 시/군/구청 또는 보훈(지)청에서 보"
WLF00003203,사망일시금,basfrm,2026-07-28T14:11:19.301996+00:00,3,가족관계증명서,https://efamily.scourt.go.kr,certificate_issuance,4,현금지급,4,"신청기관연락처목록: 거주지 읍/면/동 주민센터, 보훈(지)청에서 ‘서비스 신청’ 조사기관연락처목록: 담당 시/군/구청 또는 보훈(지)청에서 조사 및 심사 결정기관연락처목록: 담당 시/군/구청 또는 보훈(지)청에서 보"
WLF00003203,사망일시금,basfrm,2026-07-28T14:11:19.301996+00:00,4,주민등록등본,https://www.gov.kr/mw/AA020InfoCappView.do?CappBizCD=13100000015,certificate_issuance,4,현금지급,4,"신청기관연락처목록: 거주지 읍/면/동 주민센터, 보훈(지)청에서 ‘서비스 신청’ 조사기관연락처목록: 담당 시/군/구청 또는 보훈(지)청에서 조사 및 심사 결정기관연락처목록: 담당 시/군/구청 또는 보훈(지)청에서 보"
WLF00003205,중장년 기술창업센터 지원사업,basfrm,2026-07-28T14:11:19.301996+00:00,1,회원가입 신청서,https://bokjiro.go.kr/ssis-tbu/CmmFileUtil/getDownload.do?atcflId=2806GOWF13GOWF132806&atcflSn=1,form_download,2,시설입소,2,"신청기관연락처목록: 거주지 읍/면/동 주민센터, 중장년 기술창업센터에서 ‘서비스 신청’ 조사기관연락처목록: 담당 시/군/구청 또는 중장년 기술창업센터에서 조사 및 심사 결정기관연락처목록: 담당 시/군/구청 또는 중장"
WLF00003205,중장년 기술창업센터 지원사업,basfrm,2026-07-28T14:11:19.301996+00:00,2,신분증,,,2,시설입소,2,"신청기관연락처목록: 거주지 읍/면/동 주민센터, 중장년 기술창업센터에서 ‘서비스 신청’ 조사기관연락처목록: 담당 시/군/구청 또는 중장년 기술창업센터에서 조사 및 심사 결정기관연락처목록: 담당 시/군/구청 또는 중장"
WLF00003206,(북한이탈주민) 의료비 지원,basfrm,2026-07-28T14:11:19.301996+00:00,1,의료비 지원 신청서,,,4,현금지급,2,"신청기관연락처목록: 거주지 읍/면/동 주민센터, 남북하나재단에서 ‘서비스 신청’ 조사기관연락처목록: 담당 시/군/구청 또는 남북하나재단에서 조사 및 심사 결정기관연락처목록: 담당 시/군/구청 또는 남북하나재단에서 보"
WLF00003206,(북한이탈주민) 의료비 지원,basfrm,2026-07-28T14:11:19.301996+00:00,2,개인정보 수집·이용 동의서,,,4,현금지급,2,"신청기관연락처목록: 거주지 읍/면/동 주민센터, 남북하나재단에서 ‘서비스 신청’ 조사기관연락처목록: 담당 시/군/구청 또는 남북하나재단에서 조사 및 심사 결정기관연락처목록: 담당 시/군/구청 또는 남북하나재단에서 보"
WLF00003206,(북한이탈주민) 의료비 지원,basfrm,2026-07-28T14:11:19.301996+00:00,3,신분증,,,4,현금지급,2,"신청기관연락처목록: 거주지 읍/면/동 주민센터, 남북하나재단에서 ‘서비스 신청’ 조사기관연락처목록: 담당 시/군/구청 또는 남북하나재단에서 조사 및 심사 결정기관연락처목록: 담당 시/군/구청 또는 남북하나재단에서 보"
WLF00003206,(북한이탈주민) 의료비 지원,basfrm,2026-07-28T14:11:19.301996+00:00,4,건강보험료 납부확인서,https://www.nhis.or.kr/nhis/index.do,certificate_issuance,4,현금지급,2,"신청기관연락처목록: 거주지 읍/면/동 주민센터, 남북하나재단에서 ‘서비스 신청’ 조사기관연락처목록: 담당 시/군/구청 또는 남북하나재단에서 조사 및 심사 결정기관연락처목록: 담당 시/군/구청 또는 남북하나재단에서 보"
WLF00003209,독립유공자 (손)자녀 생활지원금,basfrm,2026-07-28T14:11:19.301996+00:00,1,생활안정을 위한 지원금 지급 신청서,https://bokjiro.go.kr/ssis-tbu/CmmFileUtil/getDownload.do?atcflId=20250508UUWBM1448000136322244&atcflSn=1,form_download,3,현금지급,2,"신청기관연락처목록: 거주지 읍/면/동 주민센터, 관할 보훈지청에서 ‘서비스 신청’ 조사기관연락처목록: 담당 시/군/구청 또는 관할 보훈(지)청에서 조사 및 심사 결정기관연락처목록: 담당 시/군/구청 또는 관할 보훈("
WLF00003209,독립유공자 (손)자녀 생활지원금,basfrm,2026-07-28T14:11:19.301996+00:00,2,신분증,,,3,현금지급,2,"신청기관연락처목록: 거주지 읍/면/동 주민센터, 관할 보훈지청에서 ‘서비스 신청’ 조사기관연락처목록: 담당 시/군/구청 또는 관할 보훈(지)청에서 조사 및 심사 결정기관연락처목록: 담당 시/군/구청 또는 관할 보훈("
WLF00003209,독립유공자 (손)자녀 생활지원금,basfrm,2026-07-28T14:11:19.301996+00:00,3,소득금액증명원,https://www.hometax.go.kr,certificate_issuance,3,현금지급,2,"신청기관연락처목록: 거주지 읍/면/동 주민센터, 관할 보훈지청에서 ‘서비스 신청’ 조사기관연락처목록: 담당 시/군/구청 또는 관할 보훈(지)청에서 조사 및 심사 결정기관연락처목록: 담당 시/군/구청 또는 관할 보훈("
WLF00003215,한센인 피해자지원,basfrm,2026-07-28T14:11:19.301996+00:00,1,한센인 피해사건 피해자 위로지원금 지급신청서,https://bokjiro.go.kr/ssis-tbu/CmmFileUtil/getDownload.do?atcflId=2408GOWF12GOWF122408&atcflSn=1,form_download,2,현금지급,2,"신청기관연락처목록: 거주지 읍/면/동 주민센터, 시군구 보건소(기타: 한센인피해사건진상규명위원회)에서 ‘서비스 신청’ 조사기관연락처목록: 담당 시/군/구청 또는 시군구 보건소(기타: 한센인피해사건진상규명위원회)에서 "
WLF00003215,한센인 피해자지원,basfrm,2026-07-28T14:11:19.301996+00:00,2,신분증,,,2,현금지급,2,"신청기관연락처목록: 거주지 읍/면/동 주민센터, 시군구 보건소(기타: 한센인피해사건진상규명위원회)에서 ‘서비스 신청’ 조사기관연락처목록: 담당 시/군/구청 또는 시군구 보건소(기타: 한센인피해사건진상규명위원회)에서 "
WLF00003225,환경보건이용권,basfrm,2026-07-28T14:11:19.301996+00:00,1,환경보건이용권 발급신청서,https://bokjiro.go.kr/ssis-tbu/CmmFileUtil/getDownload.do?atcflId=20250305UUWBM1538570126971522&atcflSn=1,form_download,4,"프로그램/서비스(서비스), 현물지급",2,"신청기관연락처목록: 거주지 읍/면/동 주민센터, 특별시청, 광역시청, 도청의 환경과에서 ‘서비스 신청’ 조사기관연락처목록: 담당 시/군/구청 또는 한국환경산업기술원에서 조사 및 심사 결정기관연락처목록: 담당 시/군/"
WLF00003225,환경보건이용권,basfrm,2026-07-28T14:11:19.301996+00:00,2,신분증,,,4,"프로그램/서비스(서비스), 현물지급",2,"신청기관연락처목록: 거주지 읍/면/동 주민센터, 특별시청, 광역시청, 도청의 환경과에서 ‘서비스 신청’ 조사기관연락처목록: 담당 시/군/구청 또는 한국환경산업기술원에서 조사 및 심사 결정기관연락처목록: 담당 시/군/"
WLF00003225,환경보건이용권,basfrm,2026-07-28T14:11:19.301996+00:00,3,주민등록등본,https://www.gov.kr/mw/AA020InfoCappView.do?CappBizCD=13100000015,certificate_issuance,4,"프로그램/서비스(서비스), 현물지급",2,"신청기관연락처목록: 거주지 읍/면/동 주민센터, 특별시청, 광역시청, 도청의 환경과에서 ‘서비스 신청’ 조사기관연락처목록: 담당 시/군/구청 또는 한국환경산업기술원에서 조사 및 심사 결정기관연락처목록: 담당 시/군/"
WLF00003225,환경보건이용권,basfrm,2026-07-28T14:11:19.301996+00:00,4,수급자증명서,https://www.gov.kr/mw/AA020InfoCappView.do?CappBizCD=14600000280,certificate_issuance,4,"프로그램/서비스(서비스), 현물지급",2,"신청기관연락처목록: 거주지 읍/면/동 주민센터, 특별시청, 광역시청, 도청의 환경과에서 ‘서비스 신청’ 조사기관연락처목록: 담당 시/군/구청 또는 한국환경산업기술원에서 조사 및 심사 결정기관연락처목록: 담당 시/군/"
WLF00003226,"모성보호육아지원(출산전후휴가(유산ㆍ사산휴가 포함) 급여, 육아휴직등 급여)",basfrm,2026-07-28T14:52:33.826706+00:00,1,출산전후휴가 급여등 신청서,https://bokjiro.go.kr/ssis-tbu/CmmFileUtil/getDownload.do?atcflId=20250318UUWBM1551180129422532&atcflSn=1,form_download,5,현금지급,4,"신청기관연락처목록: 거주지 읍/면/동 주민센터, 고용센터에서 처리에서 ‘서비스 신청’ 조사기관연락처목록: 담당 시/군/구청 또는 고용센터에서 처리에서 조사 및 심사 결정기관연락처목록: 담당 시/군/구청 또는 고용센터"
WLF00003226,"모성보호육아지원(출산전후휴가(유산ㆍ사산휴가 포함) 급여, 육아휴직등 급여)",basfrm,2026-07-28T14:52:33.826706+00:00,2,출산전후휴가 급여등 대위 신청서,https://bokjiro.go.kr/ssis-tbu/CmmFileUtil/getDownload.do?atcflId=6236GOWF15GOWF156236&atcflSn=1,form_download,5,현금지급,4,"신청기관연락처목록: 거주지 읍/면/동 주민센터, 고용센터에서 처리에서 ‘서비스 신청’ 조사기관연락처목록: 담당 시/군/구청 또는 고용센터에서 처리에서 조사 및 심사 결정기관연락처목록: 담당 시/군/구청 또는 고용센터"
WLF00003226,"모성보호육아지원(출산전후휴가(유산ㆍ사산휴가 포함) 급여, 육아휴직등 급여)",basfrm,2026-07-28T14:52:33.826706+00:00,3,예술인 출산전후급여등 신청서,https://bokjiro.go.kr/ssis-tbu/CmmFileUtil/getDownload.do?atcflId=6236GOWF15GOWF156236&atcflSn=1,form_download,5,현금지급,4,"신청기관연락처목록: 거주지 읍/면/동 주민센터, 고용센터에서 처리에서 ‘서비스 신청’ 조사기관연락처목록: 담당 시/군/구청 또는 고용센터에서 처리에서 조사 및 심사 결정기관연락처목록: 담당 시/군/구청 또는 고용센터"
WLF00003226,"모성보호육아지원(출산전후휴가(유산ㆍ사산휴가 포함) 급여, 육아휴직등 급여)",basfrm,2026-07-28T14:52:33.826706+00:00,4,육아휴직 급여 신청서,https://bokjiro.go.kr/ssis-tbu/CmmFileUtil/getDownload.do?atcflId=1343GOWF16GOWF161343&atcflSn=1,form_download,5,현금지급,4,"신청기관연락처목록: 거주지 읍/면/동 주민센터, 고용센터에서 처리에서 ‘서비스 신청’ 조사기관연락처목록: 담당 시/군/구청 또는 고용센터에서 처리에서 조사 및 심사 결정기관연락처목록: 담당 시/군/구청 또는 고용센터"
WLF00003226,"모성보호육아지원(출산전후휴가(유산ㆍ사산휴가 포함) 급여, 육아휴직등 급여)",basfrm,2026-07-28T14:52:33.826706+00:00,5,신분증,,,5,현금지급,4,"신청기관연락처목록: 거주지 읍/면/동 주민센터, 고용센터에서 처리에서 ‘서비스 신청’ 조사기관연락처목록: 담당 시/군/구청 또는 고용센터에서 처리에서 조사 및 심사 결정기관연락처목록: 담당 시/군/구청 또는 고용센터"
WLF00003227,초.중.고 학생 교육정보화 지원,basfrm,2026-07-28T14:11:19.301996+00:00,1,인터넷 협정요금 가입 신청서,https://bokjiro.go.kr/ssis-tbu/CmmFileUtil/getDownload.do?atcflId=20250220UUWBM0920470124619215&atcflSn=1,form_download,4,현물지급,1,"신청기관연락처목록: 거주지 읍/면/동 주민센터, 교육청(교육지원청) 또는 복지로 웹사이트(PC/모바일앱)에서 ‘서비스 신청’ 조사기관연락처목록: 담당 시/군/구청 또는 교육청에서 조사 및 심사 결정기관연락처목록: 담"
WLF00003227,초.중.고 학생 교육정보화 지원,basfrm,2026-07-28T14:11:19.301996+00:00,2,신분증,,,4,현물지급,1,"신청기관연락처목록: 거주지 읍/면/동 주민센터, 교육청(교육지원청) 또는 복지로 웹사이트(PC/모바일앱)에서 ‘서비스 신청’ 조사기관연락처목록: 담당 시/군/구청 또는 교육청에서 조사 및 심사 결정기관연락처목록: 담"
WLF00003227,초.중.고 학생 교육정보화 지원,basfrm,2026-07-28T14:11:19.301996+00:00,3,주민등록등본,https://www.gov.kr/mw/AA020InfoCappView.do?CappBizCD=13100000015,certificate_issuance,4,현물지급,1,"신청기관연락처목록: 거주지 읍/면/동 주민센터, 교육청(교육지원청) 또는 복지로 웹사이트(PC/모바일앱)에서 ‘서비스 신청’ 조사기관연락처목록: 담당 시/군/구청 또는 교육청에서 조사 및 심사 결정기관연락처목록: 담"
WLF00003227,초.중.고 학생 교육정보화 지원,basfrm,2026-07-28T14:11:19.301996+00:00,4,수급자증명서,https://www.gov.kr/mw/AA020InfoCappView.do?CappBizCD=14600000280,certificate_issuance,4,현물지급,1,"신청기관연락처목록: 거주지 읍/면/동 주민센터, 교육청(교육지원청) 또는 복지로 웹사이트(PC/모바일앱)에서 ‘서비스 신청’ 조사기관연락처목록: 담당 시/군/구청 또는 교육청에서 조사 및 심사 결정기관연락처목록: 담"
WLF00003230,영주귀국 사할린한인 정착비 및 시설운영 지원,basfrm,2026-07-28T14:11:19.301996+00:00,1,영주귀국 및 정착 지원 신청서,https://bokjiro.go.kr/ssis-tbu/CmmFileUtil/getDownload.do?atcflId=20230224UUWBM0105190023237947&atcflSn=1,form_download,3,"기타, 현금지급, 시설입소",2,"신청기관연락처목록: 거주지 읍/면/동 주민센터, 재외공관에서 ‘서비스 신청’ 신청기관연락처목록: 거주지 읍/면/동 주민센터, 대한적십자사에서 ‘서비스 신청’ 조사기관연락처목록: 담당 시/군/구청 또는 대한적십자사, "
WLF00003230,영주귀국 사할린한인 정착비 및 시설운영 지원,basfrm,2026-07-28T14:11:19.301996+00:00,2,신분증,,,3,"기타, 현금지급, 시설입소",2,"신청기관연락처목록: 거주지 읍/면/동 주민센터, 재외공관에서 ‘서비스 신청’ 신청기관연락처목록: 거주지 읍/면/동 주민센터, 대한적십자사에서 ‘서비스 신청’ 조사기관연락처목록: 담당 시/군/구청 또는 대한적십자사, "
WLF00003230,영주귀국 사할린한인 정착비 및 시설운영 지원,basfrm,2026-07-28T14:11:19.301996+00:00,3,가족관계증명서,https://efamily.scourt.go.kr,certificate_issuance,3,"기타, 현금지급, 시설입소",2,"신청기관연락처목록: 거주지 읍/면/동 주민센터, 재외공관에서 ‘서비스 신청’ 신청기관연락처목록: 거주지 읍/면/동 주민센터, 대한적십자사에서 ‘서비스 신청’ 조사기관연락처목록: 담당 시/군/구청 또는 대한적십자사, "
WLF00003239,고용복지플러스센터,basfrm,2026-07-28T14:11:19.301996+00:00,1,구인신청서(일용직용),https://bokjiro.go.kr/ssis-tbu/CmmFileUtil/getDownload.do?atcflId=20260330UUWBM1044270182676986&atcflSn=1,form_download,5,프로그램/서비스(서비스),5,"신청기관연락처목록: 거주지 읍/면/동 주민센터, 고용복지플러스센터에서 ‘서비스 신청’ 조사기관연락처목록: 담당 시/군/구청 또는 고용복지플러스센터에서 조사 및 심사 결정기관연락처목록: 담당 시/군/구청 또는 고용복지"
WLF00003239,고용복지플러스센터,basfrm,2026-07-28T14:11:19.301996+00:00,2,구인신청서(상용직용),https://bokjiro.go.kr/ssis-tbu/CmmFileUtil/getDownload.do?atcflId=20260330UUWBM1043510182675959&atcflSn=1,form_download,5,프로그램/서비스(서비스),5,"신청기관연락처목록: 거주지 읍/면/동 주민센터, 고용복지플러스센터에서 ‘서비스 신청’ 조사기관연락처목록: 담당 시/군/구청 또는 고용복지플러스센터에서 조사 및 심사 결정기관연락처목록: 담당 시/군/구청 또는 고용복지"
WLF00003239,고용복지플러스센터,basfrm,2026-07-28T14:11:19.301996+00:00,3,구직신청서(장애인용),https://bokjiro.go.kr/ssis-tbu/CmmFileUtil/getDownload.do?atcflId=20260330UUWBM1043220182676826&atcflSn=1,form_download,5,프로그램/서비스(서비스),5,"신청기관연락처목록: 거주지 읍/면/동 주민센터, 고용복지플러스센터에서 ‘서비스 신청’ 조사기관연락처목록: 담당 시/군/구청 또는 고용복지플러스센터에서 조사 및 심사 결정기관연락처목록: 담당 시/군/구청 또는 고용복지"
WLF00003239,고용복지플러스센터,basfrm,2026-07-28T14:11:19.301996+00:00,4,구직신청서(일용직용),https://bokjiro.go.kr/ssis-tbu/CmmFileUtil/getDownload.do?atcflId=20260330UUWBM1042460182676758&atcflSn=1,form_download,5,프로그램/서비스(서비스),5,"신청기관연락처목록: 거주지 읍/면/동 주민센터, 고용복지플러스센터에서 ‘서비스 신청’ 조사기관연락처목록: 담당 시/군/구청 또는 고용복지플러스센터에서 조사 및 심사 결정기관연락처목록: 담당 시/군/구청 또는 고용복지"
WLF00003239,고용복지플러스센터,basfrm,2026-07-28T14:11:19.301996+00:00,5,구직신청서(상용직용),https://bokjiro.go.kr/ssis-tbu/CmmFileUtil/getDownload.do?atcflId=20260330UUWBM1041180182672586&atcflSn=1,form_download,5,프로그램/서비스(서비스),5,"신청기관연락처목록: 거주지 읍/면/동 주민센터, 고용복지플러스센터에서 ‘서비스 신청’ 조사기관연락처목록: 담당 시/군/구청 또는 고용복지플러스센터에서 조사 및 심사 결정기관연락처목록: 담당 시/군/구청 또는 고용복지"
WLF00003241,노후긴급자금 대부사업,basfrm,2026-07-28T14:11:19.301996+00:00,1,국민연금 노후긴급자금 대부 신청서,https://bokjiro.go.kr/ssis-tbu/CmmFileUtil/getDownload.do?atcflId=5514GOWF15GOWF155514&atcflSn=1,form_download,3,현금지급,1,"신청기관연락처목록: 거주지 읍/면/동 주민센터, 국민연금공단에서 ‘서비스 신청’ 조사기관연락처목록: 담당 시/군/구청 또는 국민연금공단에서 조사 및 심사 결정기관연락처목록: 담당 시/군/구청 또는 국민연금공단에서 보"
WLF00003241,노후긴급자금 대부사업,basfrm,2026-07-28T14:11:19.301996+00:00,2,신분증,,,3,현금지급,1,"신청기관연락처목록: 거주지 읍/면/동 주민센터, 국민연금공단에서 ‘서비스 신청’ 조사기관연락처목록: 담당 시/군/구청 또는 국민연금공단에서 조사 및 심사 결정기관연락처목록: 담당 시/군/구청 또는 국민연금공단에서 보"
WLF00003241,노후긴급자금 대부사업,basfrm,2026-07-28T14:11:19.301996+00:00,3,국민연금 수급자 확인서,,,3,현금지급,1,"신청기관연락처목록: 거주지 읍/면/동 주민센터, 국민연금공단에서 ‘서비스 신청’ 조사기관연락처목록: 담당 시/군/구청 또는 국민연금공단에서 조사 및 심사 결정기관연락처목록: 담당 시/군/구청 또는 국민연금공단에서 보"
WLF00003243,보훈요양원 이용지원,basfrm,2026-07-28T14:11:19.301996+00:00,1,요양지원 보조금 지급 신청서,https://bokjiro.go.kr/ssis-tbu/CmmFileUtil/getDownload.do?atcflId=20260428UUWBM1441000188549133&atcflSn=1,form_download,4,"감면, 시설입소",2,"신청기관연락처목록: 거주지 읍/면/동 주민센터, 보훈요양원에서 ‘서비스 신청’ 조사기관연락처목록: 담당 시/군/구청 또는 보훈요양원에서 조사 및 심사 결정기관연락처목록: 담당 시/군/구청 또는 보훈요양원에서 보장 결"
WLF00003243,보훈요양원 이용지원,basfrm,2026-07-28T14:11:19.301996+00:00,2,개인정보 수집·이용 동의서,,,4,"감면, 시설입소",2,"신청기관연락처목록: 거주지 읍/면/동 주민센터, 보훈요양원에서 ‘서비스 신청’ 조사기관연락처목록: 담당 시/군/구청 또는 보훈요양원에서 조사 및 심사 결정기관연락처목록: 담당 시/군/구청 또는 보훈요양원에서 보장 결"
WLF00003243,보훈요양원 이용지원,basfrm,2026-07-28T14:11:19.301996+00:00,3,신분증,,,4,"감면, 시설입소",2,"신청기관연락처목록: 거주지 읍/면/동 주민센터, 보훈요양원에서 ‘서비스 신청’ 조사기관연락처목록: 담당 시/군/구청 또는 보훈요양원에서 조사 및 심사 결정기관연락처목록: 담당 시/군/구청 또는 보훈요양원에서 보장 결"
WLF00003243,보훈요양원 이용지원,basfrm,2026-07-28T14:11:19.301996+00:00,4,소득금액증명원,https://www.hometax.go.kr,certificate_issuance,4,"감면, 시설입소",2,"신청기관연락처목록: 거주지 읍/면/동 주민센터, 보훈요양원에서 ‘서비스 신청’ 조사기관연락처목록: 담당 시/군/구청 또는 보훈요양원에서 조사 및 심사 결정기관연락처목록: 담당 시/군/구청 또는 보훈요양원에서 보장 결"
WLF00003245,국민취업지원제도,basfrm,2026-07-28T14:11:19.301996+00:00,1,취업지원신청서,https://bokjiro.go.kr/ssis-tbu/CmmFileUtil/getDownload.do?atcflId=5416GOWF15GOWF155416&atcflSn=1,form_download,4,"프로그램/서비스(서비스), 현금지급",2,"신청기관연락처목록: 거주지 읍/면/동 주민센터, 거주지 관할 고용센터에서 ‘서비스 신청’ 조사기관연락처목록: 담당 시/군/구청 또는 거주지 관할 고용센터에서 조사 및 심사 결정기관연락처목록: 담당 시/군/구청 또는 "
WLF00003245,국민취업지원제도,basfrm,2026-07-28T14:11:19.301996+00:00,2,신분증,,,4,"프로그램/서비스(서비스), 현금지급",2,"신청기관연락처목록: 거주지 읍/면/동 주민센터, 거주지 관할 고용센터에서 ‘서비스 신청’ 조사기관연락처목록: 담당 시/군/구청 또는 거주지 관할 고용센터에서 조사 및 심사 결정기관연락처목록: 담당 시/군/구청 또는 "
WLF00003245,국민취업지원제도,basfrm,2026-07-28T14:11:19.301996+00:00,3,소득금액증명원,https://www.hometax.go.kr,certificate_issuance,4,"프로그램/서비스(서비스), 현금지급",2,"신청기관연락처목록: 거주지 읍/면/동 주민센터, 거주지 관할 고용센터에서 ‘서비스 신청’ 조사기관연락처목록: 담당 시/군/구청 또는 거주지 관할 고용센터에서 조사 및 심사 결정기관연락처목록: 담당 시/군/구청 또는 "
WLF00003245,국민취업지원제도,basfrm,2026-07-28T14:11:19.301996+00:00,4,주민등록등본,https://www.gov.kr/mw/AA020InfoCappView.do?CappBizCD=13100000015,certificate_issuance,4,"프로그램/서비스(서비스), 현금지급",2,"신청기관연락처목록: 거주지 읍/면/동 주민센터, 거주지 관할 고용센터에서 ‘서비스 신청’ 조사기관연락처목록: 담당 시/군/구청 또는 거주지 관할 고용센터에서 조사 및 심사 결정기관연락처목록: 담당 시/군/구청 또는 "
WLF00003250,영유아보육료 지원,basfrm,2026-07-28T14:11:19.301996+00:00,1,사회보장급여 신청서,https://bokjiro.go.kr/ssis-tbu/CmmFileUtil/getDownload.do?atcflId=0343GOWF11GOWF110343&atcflSn=1,form_download,2,전자바우처(바우처),2,"신청기관연락처목록: 거주지 읍/면/동 주민센터, 읍면동 또는 복지로 웹사이트(PC/모바일앱)에서 ‘서비스 신청’ 조사기관연락처목록: 담당 시/군/구청 또는 시군구에서 조사 및 심사 결정기관연락처목록: 담당 시/군/구"
WLF00003250,영유아보육료 지원,basfrm,2026-07-28T14:11:19.301996+00:00,2,신분증,,,2,전자바우처(바우처),2,"신청기관연락처목록: 거주지 읍/면/동 주민센터, 읍면동 또는 복지로 웹사이트(PC/모바일앱)에서 ‘서비스 신청’ 조사기관연락처목록: 담당 시/군/구청 또는 시군구에서 조사 및 심사 결정기관연락처목록: 담당 시/군/구"
WLF00003254,청소년방과후아카데미운영지원,basfrm,2026-07-28T14:11:19.301996+00:00,1,청소년방과후아카데미 지원 신청서,https://bokjiro.go.kr/ssis-tbu/CmmFileUtil/getDownload.do?atcflId=5655GOWF15GOWF155655&atcflSn=1,form_download,4,프로그램/서비스(서비스),2,"신청기관연락처목록: 거주지 읍/면/동 주민센터, 지역별 운영기관에서 ‘서비스 신청’ 조사기관연락처목록: 담당 시/군/구청 또는 지역별 운영기관에서 조사 및 심사 결정기관연락처목록: 담당 시/군/구청 또는 지역별 운영"
WLF00003254,청소년방과후아카데미운영지원,basfrm,2026-07-28T14:11:19.301996+00:00,2,신분증,,,4,프로그램/서비스(서비스),2,"신청기관연락처목록: 거주지 읍/면/동 주민센터, 지역별 운영기관에서 ‘서비스 신청’ 조사기관연락처목록: 담당 시/군/구청 또는 지역별 운영기관에서 조사 및 심사 결정기관연락처목록: 담당 시/군/구청 또는 지역별 운영"
WLF00003254,청소년방과후아카데미운영지원,basfrm,2026-07-28T14:11:19.301996+00:00,3,주민등록등본,https://www.gov.kr/mw/AA020InfoCappView.do?CappBizCD=13100000015,certificate_issuance,4,프로그램/서비스(서비스),2,"신청기관연락처목록: 거주지 읍/면/동 주민센터, 지역별 운영기관에서 ‘서비스 신청’ 조사기관연락처목록: 담당 시/군/구청 또는 지역별 운영기관에서 조사 및 심사 결정기관연락처목록: 담당 시/군/구청 또는 지역별 운영"
WLF00003254,청소년방과후아카데미운영지원,basfrm,2026-07-28T14:11:19.301996+00:00,4,추천서,,,4,프로그램/서비스(서비스),2,"신청기관연락처목록: 거주지 읍/면/동 주민센터, 지역별 운영기관에서 ‘서비스 신청’ 조사기관연락처목록: 담당 시/군/구청 또는 지역별 운영기관에서 조사 및 심사 결정기관연락처목록: 담당 시/군/구청 또는 지역별 운영"
WLF00003258,아동발달지원계좌(디딤씨앗통장)지원,basfrm,2026-07-28T14:11:19.301996+00:00,1,디딤씨앗통장 적립 및 사용계획서,https://bokjiro.go.kr/ssis-tbu/CmmFileUtil/getDownload.do?atcflId=20240112UUWBM1805200065663053&atcflSn=1,form_download,3,현금지급,2,"신청기관연락처목록: 거주지 읍/면/동 주민센터, 시군구 또는 복지로 웹사이트(PC/모바일앱)에서 ‘서비스 신청’ 조사기관연락처목록: 담당 시/군/구청 또는 시군구에서 조사 및 심사 결정기관연락처목록: 담당 시/군/구"
WLF00003258,아동발달지원계좌(디딤씨앗통장)지원,basfrm,2026-07-28T14:11:19.301996+00:00,2,신분증,,,3,현금지급,2,"신청기관연락처목록: 거주지 읍/면/동 주민센터, 시군구 또는 복지로 웹사이트(PC/모바일앱)에서 ‘서비스 신청’ 조사기관연락처목록: 담당 시/군/구청 또는 시군구에서 조사 및 심사 결정기관연락처목록: 담당 시/군/구"
WLF00003258,아동발달지원계좌(디딤씨앗통장)지원,basfrm,2026-07-28T14:11:19.301996+00:00,3,주민등록등본,https://www.gov.kr/mw/AA020InfoCappView.do?CappBizCD=13100000015,certificate_issuance,3,현금지급,2,"신청기관연락처목록: 거주지 읍/면/동 주민센터, 시군구 또는 복지로 웹사이트(PC/모바일앱)에서 ‘서비스 신청’ 조사기관연락처목록: 담당 시/군/구청 또는 시군구에서 조사 및 심사 결정기관연락처목록: 담당 시/군/구"
WLF00003262,장애아가족양육지원,basfrm,2026-07-28T14:11:19.301996+00:00,1,사회보장급여 신청서,https://bokjiro.go.kr/ssis-tbu/CmmFileUtil/getDownload.do?atcflId=20231229UUWBM1319070063170208&atcflSn=1,form_download,5,프로그램/서비스(서비스),4,"신청기관연락처목록: 거주지 읍/면/동 주민센터, 시군구,읍면동 또는 복지로 웹사이트(PC/모바일앱)에서 ‘서비스 신청’ 조사기관연락처목록: 담당 시/군/구청 또는 시군구,읍면동에서 조사 및 심사 결정기관연락처목록: "
WLF00003262,장애아가족양육지원,basfrm,2026-07-28T14:11:19.301996+00:00,2,개인정보 수집·이용 동의서,,,5,프로그램/서비스(서비스),4,"신청기관연락처목록: 거주지 읍/면/동 주민센터, 시군구,읍면동 또는 복지로 웹사이트(PC/모바일앱)에서 ‘서비스 신청’ 조사기관연락처목록: 담당 시/군/구청 또는 시군구,읍면동에서 조사 및 심사 결정기관연락처목록: "
WLF00003262,장애아가족양육지원,basfrm,2026-07-28T14:11:19.301996+00:00,3,신분증,,,5,프로그램/서비스(서비스),4,"신청기관연락처목록: 거주지 읍/면/동 주민센터, 시군구,읍면동 또는 복지로 웹사이트(PC/모바일앱)에서 ‘서비스 신청’ 조사기관연락처목록: 담당 시/군/구청 또는 시군구,읍면동에서 조사 및 심사 결정기관연락처목록: "
WLF00003262,장애아가족양육지원,basfrm,2026-07-28T14:11:19.301996+00:00,4,장애인등록증,https://www.gov.kr,certificate_issuance,5,프로그램/서비스(서비스),4,"신청기관연락처목록: 거주지 읍/면/동 주민센터, 시군구,읍면동 또는 복지로 웹사이트(PC/모바일앱)에서 ‘서비스 신청’ 조사기관연락처목록: 담당 시/군/구청 또는 시군구,읍면동에서 조사 및 심사 결정기관연락처목록: "
WLF00003262,장애아가족양육지원,basfrm,2026-07-28T14:11:19.301996+00:00,5,소득금액증명원,https://www.hometax.go.kr,certificate_issuance,5,프로그램/서비스(서비스),4,"신청기관연락처목록: 거주지 읍/면/동 주민센터, 시군구,읍면동 또는 복지로 웹사이트(PC/모바일앱)에서 ‘서비스 신청’ 조사기관연락처목록: 담당 시/군/구청 또는 시군구,읍면동에서 조사 및 심사 결정기관연락처목록: "
WLF00003269,기존주택 전세임대주택 지원사업,basfrm,2026-07-28T14:11:19.301996+00:00,1,전세임대주택 공급신청서,https://bokjiro.go.kr/ssis-tbu/CmmFileUtil/getDownload.do?atcflId=2443GOWF12GOWF122443&atcflSn=1,form_download,5,현물지급,5,"신청기관연락처목록: 거주지 읍/면/동 주민센터, 읍면동에서 ‘서비스 신청’ 조사기관연락처목록: 담당 시/군/구청 또는 시군구에서 조사 및 심사 결정기관연락처목록: 담당 시/군/구청 또는 시군구에서 보장 결정 지급기관"
WLF00003269,기존주택 전세임대주택 지원사업,basfrm,2026-07-28T14:11:19.301996+00:00,2,신혼부부 전세임대 공급신청서,https://bokjiro.go.kr/ssis-tbu/CmmFileUtil/getDownload.do?atcflId=2444GOWF12GOWF122444&atcflSn=1,form_download,5,현물지급,5,"신청기관연락처목록: 거주지 읍/면/동 주민센터, 읍면동에서 ‘서비스 신청’ 조사기관연락처목록: 담당 시/군/구청 또는 시군구에서 조사 및 심사 결정기관연락처목록: 담당 시/군/구청 또는 시군구에서 보장 결정 지급기관"
WLF00003269,기존주택 전세임대주택 지원사업,basfrm,2026-07-28T14:11:19.301996+00:00,3,전세주택지원신청서(아동복지시설 퇴소자용),https://bokjiro.go.kr/ssis-tbu/CmmFileUtil/getDownload.do?atcflId=2446GOWF12GOWF122446&atcflSn=1,form_download,5,현물지급,5,"신청기관연락처목록: 거주지 읍/면/동 주민센터, 읍면동에서 ‘서비스 신청’ 조사기관연락처목록: 담당 시/군/구청 또는 시군구에서 조사 및 심사 결정기관연락처목록: 담당 시/군/구청 또는 시군구에서 보장 결정 지급기관"
WLF00003269,기존주택 전세임대주택 지원사업,basfrm,2026-07-28T14:11:19.301996+00:00,4,주민등록등본,https://www.gov.kr/mw/AA020InfoCappView.do?CappBizCD=13100000015,certificate_issuance,5,현물지급,5,"신청기관연락처목록: 거주지 읍/면/동 주민센터, 읍면동에서 ‘서비스 신청’ 조사기관연락처목록: 담당 시/군/구청 또는 시군구에서 조사 및 심사 결정기관연락처목록: 담당 시/군/구청 또는 시군구에서 보장 결정 지급기관"
WLF00003269,기존주택 전세임대주택 지원사업,basfrm,2026-07-28T14:11:19.301996+00:00,5,소득금액증명원,https://www.hometax.go.kr,certificate_issuance,5,현물지급,5,"신청기관연락처목록: 거주지 읍/면/동 주민센터, 읍면동에서 ‘서비스 신청’ 조사기관연락처목록: 담당 시/군/구청 또는 시군구에서 조사 및 심사 결정기관연락처목록: 담당 시/군/구청 또는 시군구에서 보장 결정 지급기관"
WLF00003273,의료급여(본인부담 보상금),basfrm,2026-07-28T14:11:19.301996+00:00,1,본인부담금의 일부지급청구서,https://bokjiro.go.kr/ssis-tbu/CmmFileUtil/getDownload.do?atcflId=20230213UUWBM2018280021429383&atcflSn=1,form_download,2,현금지급,2,"신청기관연락처목록: 거주지 읍/면/동 주민센터, 시군구에서 ‘서비스 신청’ 조사기관연락처목록: 담당 시/군/구청 또는 시군구에서 조사 및 심사 결정기관연락처목록: 담당 시/군/구청 또는 시군구에서 보장 결정 이의신청"
WLF00003273,의료급여(본인부담 보상금),basfrm,2026-07-28T14:11:19.301996+00:00,2,신분증,,,2,현금지급,2,"신청기관연락처목록: 거주지 읍/면/동 주민센터, 시군구에서 ‘서비스 신청’ 조사기관연락처목록: 담당 시/군/구청 또는 시군구에서 조사 및 심사 결정기관연락처목록: 담당 시/군/구청 또는 시군구에서 보장 결정 이의신청"
WLF00003274,국가유공자보철구지급,basfrm,2026-07-28T14:11:19.301996+00:00,1,보철구 지급 신청서,https://bokjiro.go.kr/ssis-tbu/CmmFileUtil/getDownload.do?atcflId=0707GOWF11GOWF110707&atcflSn=1,form_download,2,현물지급,3,"신청기관연락처목록: 거주지 읍/면/동 주민센터, 국가보훈부에서 ‘서비스 신청’ 조사기관연락처목록: 담당 시/군/구청 또는 보훈(지)청, 보장구센터에서 조사 및 심사 결정기관연락처목록: 담당 시/군/구청 또는 보훈(지"
WLF00003274,국가유공자보철구지급,basfrm,2026-07-28T14:11:19.301996+00:00,2,신분증,,,2,현물지급,3,"신청기관연락처목록: 거주지 읍/면/동 주민센터, 국가보훈부에서 ‘서비스 신청’ 조사기관연락처목록: 담당 시/군/구청 또는 보훈(지)청, 보장구센터에서 조사 및 심사 결정기관연락처목록: 담당 시/군/구청 또는 보훈(지"
WLF00003276,일반 상환 학자금대출,basfrm,2026-07-28T14:11:19.301996+00:00,1,학자금대출 거래약정서,https://bokjiro.go.kr/ssis-tbu/CmmFileUtil/getDownload.do?atcflId=1283GOWF16GOWF161283&atcflSn=1,form_download,2,현금대여(융자),2,"신청기관연락처목록: 거주지 읍/면/동 주민센터, 한국장학재단에서 ‘서비스 신청’ 조사기관연락처목록: 담당 시/군/구청 또는 보건복지부에서 조사 및 심사 결정기관연락처목록: 담당 시/군/구청 또는 한국장학재단에서 보장"
WLF00003276,일반 상환 학자금대출,basfrm,2026-07-28T14:11:19.301996+00:00,2,신분증,,,2,현금대여(융자),2,"신청기관연락처목록: 거주지 읍/면/동 주민센터, 한국장학재단에서 ‘서비스 신청’ 조사기관연락처목록: 담당 시/군/구청 또는 보건복지부에서 조사 및 심사 결정기관연락처목록: 담당 시/군/구청 또는 한국장학재단에서 보장"
WLF00003277,취업 후 상환 학자금대출,basfrm,2026-07-28T14:11:19.301996+00:00,1,학자금대출 거래약정서,https://bokjiro.go.kr/ssis-tbu/CmmFileUtil/getDownload.do?atcflId=1280GOWF16GOWF161280&atcflSn=1,form_download,2,현금대여(융자),2,"신청기관연락처목록: 거주지 읍/면/동 주민센터, 한국장학재단에서 ‘서비스 신청’ 조사기관연락처목록: 담당 시/군/구청 또는 보건복지부에서 조사 및 심사 결정기관연락처목록: 담당 시/군/구청 또는 한국장학재단에서 보장"
WLF00003277,취업 후 상환 학자금대출,basfrm,2026-07-28T14:11:19.301996+00:00,2,신분증,,,2,현금대여(융자),2,"신청기관연락처목록: 거주지 읍/면/동 주민센터, 한국장학재단에서 ‘서비스 신청’ 조사기관연락처목록: 담당 시/군/구청 또는 보건복지부에서 조사 및 심사 결정기관연락처목록: 담당 시/군/구청 또는 한국장학재단에서 보장"
WLF00003279,언어발달지원사업,basfrm,2026-07-28T14:11:19.301996+00:00,1,사회보장급여 신청서,https://bokjiro.go.kr/ssis-tbu/CmmFileUtil/getDownload.do?atcflId=20230224UUWBM1504220023339740&atcflSn=1,form_download,6,전자바우처(바우처),5,"지급기관연락처목록: 담당 시/군/구청 또는 서비스 제공기관에서 대상자에게 서비스 제공 신청기관연락처목록: 거주지 읍/면/동 주민센터, 시군구, 읍면동 또는 복지로 웹사이트(PC/모바일앱)에서 ‘서비스 신청’ 조사기관"
WLF00003279,언어발달지원사업,basfrm,2026-07-28T14:11:19.301996+00:00,2,개인정보 수집·이용 동의서,,,6,전자바우처(바우처),5,"지급기관연락처목록: 담당 시/군/구청 또는 서비스 제공기관에서 대상자에게 서비스 제공 신청기관연락처목록: 거주지 읍/면/동 주민센터, 시군구, 읍면동 또는 복지로 웹사이트(PC/모바일앱)에서 ‘서비스 신청’ 조사기관"
WLF00003279,언어발달지원사업,basfrm,2026-07-28T14:11:19.301996+00:00,3,신분증,,,6,전자바우처(바우처),5,"지급기관연락처목록: 담당 시/군/구청 또는 서비스 제공기관에서 대상자에게 서비스 제공 신청기관연락처목록: 거주지 읍/면/동 주민센터, 시군구, 읍면동 또는 복지로 웹사이트(PC/모바일앱)에서 ‘서비스 신청’ 조사기관"
WLF00003279,언어발달지원사업,basfrm,2026-07-28T14:11:19.301996+00:00,4,가족관계증명서,https://efamily.scourt.go.kr,certificate_issuance,6,전자바우처(바우처),5,"지급기관연락처목록: 담당 시/군/구청 또는 서비스 제공기관에서 대상자에게 서비스 제공 신청기관연락처목록: 거주지 읍/면/동 주민센터, 시군구, 읍면동 또는 복지로 웹사이트(PC/모바일앱)에서 ‘서비스 신청’ 조사기관"
WLF00003279,언어발달지원사업,basfrm,2026-07-28T14:11:19.301996+00:00,5,소득금액증명원,https://www.hometax.go.kr,certificate_issuance,6,전자바우처(바우처),5,"지급기관연락처목록: 담당 시/군/구청 또는 서비스 제공기관에서 대상자에게 서비스 제공 신청기관연락처목록: 거주지 읍/면/동 주민센터, 시군구, 읍면동 또는 복지로 웹사이트(PC/모바일앱)에서 ‘서비스 신청’ 조사기관"
WLF00003279,언어발달지원사업,basfrm,2026-07-28T14:11:19.301996+00:00,6,장애인등록증,https://www.gov.kr,certificate_issuance,6,전자바우처(바우처),5,"지급기관연락처목록: 담당 시/군/구청 또는 서비스 제공기관에서 대상자에게 서비스 제공 신청기관연락처목록: 거주지 읍/면/동 주민센터, 시군구, 읍면동 또는 복지로 웹사이트(PC/모바일앱)에서 ‘서비스 신청’ 조사기관"
WLF00004254,보호종료아동 생활보조수당,basfrm,2026-07-28T14:16:21.278260+00:00,1,보호종료아동 자립지원금 통합 신청서,https://www.bokjiro.go.kr/ssis-tbu/CmmFileUtil/siteQnaInfoDownload.do?atcflId=20220822TTWAT1108370001318256&atcflSn=1,form_download,5,현금지급,2,"- 보호종료 후 5년 이내의 아동 - 서초구에서 1년이상 거주한 아동 - 서초구청 또는 읍면동 방문신청 - 신청후 소득인정액 조사, 재산재무관리 등 개인정보 이용 동의, 가정방문 진행"
WLF00004254,보호종료아동 생활보조수당,basfrm,2026-07-28T14:16:21.278260+00:00,2,신분증,,,5,현금지급,2,"- 보호종료 후 5년 이내의 아동 - 서초구에서 1년이상 거주한 아동 - 서초구청 또는 읍면동 방문신청 - 신청후 소득인정액 조사, 재산재무관리 등 개인정보 이용 동의, 가정방문 진행"
WLF00004254,보호종료아동 생활보조수당,basfrm,2026-07-28T14:16:21.278260+00:00,3,주민등록등본,https://www.gov.kr/mw/AA020InfoCappView.do?CappBizCD=13100000015,certificate_issuance,5,현금지급,2,"- 보호종료 후 5년 이내의 아동 - 서초구에서 1년이상 거주한 아동 - 서초구청 또는 읍면동 방문신청 - 신청후 소득인정액 조사, 재산재무관리 등 개인정보 이용 동의, 가정방문 진행"
WLF00004254,보호종료아동 생활보조수당,basfrm,2026-07-28T14:16:21.278260+00:00,4,소득금액증명원,https://www.hometax.go.kr,certificate_issuance,5,현금지급,2,"- 보호종료 후 5년 이내의 아동 - 서초구에서 1년이상 거주한 아동 - 서초구청 또는 읍면동 방문신청 - 신청후 소득인정액 조사, 재산재무관리 등 개인정보 이용 동의, 가정방문 진행"
WLF00004254,보호종료아동 생활보조수당,basfrm,2026-07-28T14:16:21.278260+00:00,5,개인정보 수집·이용 동의서,,,5,현금지급,2,"- 보호종료 후 5년 이내의 아동 - 서초구에서 1년이상 거주한 아동 - 서초구청 또는 읍면동 방문신청 - 신청후 소득인정액 조사, 재산재무관리 등 개인정보 이용 동의, 가정방문 진행"
WLF00004357,국가보훈대상자 보훈예우수당 지급,basfrm,2026-07-28T14:16:21.278260+00:00,1,보훈예우수당 지급신청서,https://www.bokjiro.go.kr/ssis-tbu/CmmFileUtil/siteQnaInfoDownload.do?atcflId=20230523UUWBM1350500035794707&atcflSn=1,form_download,5,"현금지급, 기타",2,거주지 동주민센터 방문 신청
WLF00004357,국가보훈대상자 보훈예우수당 지급,basfrm,2026-07-28T14:16:21.278260+00:00,2,신분증,,,5,"현금지급, 기타",2,거주지 동주민센터 방문 신청
WLF00004357,국가보훈대상자 보훈예우수당 지급,basfrm,2026-07-28T14:16:21.278260+00:00,3,주민등록등본,https://www.gov.kr/mw/AA020InfoCappView.do?CappBizCD=13100000015,certificate_issuance,5,"현금지급, 기타",2,거주지 동주민센터 방문 신청
WLF00004357,국가보훈대상자 보훈예우수당 지급,basfrm,2026-07-28T14:16:21.278260+00:00,4,국가유공자증명서,,,5,"현금지급, 기타",2,거주지 동주민센터 방문 신청
WLF00004357,국가보훈대상자 보훈예우수당 지급,basfrm,2026-07-28T14:16:21.278260+00:00,5,통장사본,,,5,"현금지급, 기타",2,거주지 동주민센터 방문 신청
WLF00004638,가스요금할인,basfrm,2026-07-28T14:16:21.278260+00:00,1,사회적 배려대상자 도시가스요금 경감 지원 신청서,https://bokjiro.go.kr/ssis-tbu/CmmFileUtil/getDownload.do?atcflId=20260512UUWBM1643030190951026&atcflSn=1,form_download,7,감면,3,"신청기관연락처목록: 거주지 읍/면/동 주민센터, 복지로에서 ‘서비스 신청’ 신청기관연락처목록: 거주지 읍/면/동 주민센터, 정부24에서 ‘서비스 신청’ 신청기관연락처목록: 거주지 읍/면/동 주민센터, 지방보훈청에서 "
WLF00004638,가스요금할인,basfrm,2026-07-28T14:16:21.278260+00:00,2,사회복지시설 도시가스요금 경감 신청서,https://bokjiro.go.kr/ssis-tbu/CmmFileUtil/getDownload.do?atcflId=20260512UUWBM1643480190952172&atcflSn=1,form_download,7,감면,3,"신청기관연락처목록: 거주지 읍/면/동 주민센터, 복지로에서 ‘서비스 신청’ 신청기관연락처목록: 거주지 읍/면/동 주민센터, 정부24에서 ‘서비스 신청’ 신청기관연락처목록: 거주지 읍/면/동 주민센터, 지방보훈청에서 "
WLF00004638,가스요금할인,basfrm,2026-07-28T14:16:21.278260+00:00,3,신분증,,,7,감면,3,"신청기관연락처목록: 거주지 읍/면/동 주민센터, 복지로에서 ‘서비스 신청’ 신청기관연락처목록: 거주지 읍/면/동 주민센터, 정부24에서 ‘서비스 신청’ 신청기관연락처목록: 거주지 읍/면/동 주민센터, 지방보훈청에서 "
WLF00004638,가스요금할인,basfrm,2026-07-28T14:16:21.278260+00:00,4,주민등록등본,https://www.gov.kr/mw/AA020InfoCappView.do?CappBizCD=13100000015,certificate_issuance,7,감면,3,"신청기관연락처목록: 거주지 읍/면/동 주민센터, 복지로에서 ‘서비스 신청’ 신청기관연락처목록: 거주지 읍/면/동 주민센터, 정부24에서 ‘서비스 신청’ 신청기관연락처목록: 거주지 읍/면/동 주민센터, 지방보훈청에서 "
WLF00004638,가스요금할인,basfrm,2026-07-28T14:16:21.278260+00:00,5,가족관계증명서,https://efamily.scourt.go.kr,certificate_issuance,7,감면,3,"신청기관연락처목록: 거주지 읍/면/동 주민센터, 복지로에서 ‘서비스 신청’ 신청기관연락처목록: 거주지 읍/면/동 주민센터, 정부24에서 ‘서비스 신청’ 신청기관연락처목록: 거주지 읍/면/동 주민센터, 지방보훈청에서 "
WLF00004638,가스요금할인,basfrm,2026-07-28T14:16:21.278260+00:00,6,장애인등록증,https://www.gov.kr,certificate_issuance,7,감면,3,"신청기관연락처목록: 거주지 읍/면/동 주민센터, 복지로에서 ‘서비스 신청’ 신청기관연락처목록: 거주지 읍/면/동 주민센터, 정부24에서 ‘서비스 신청’ 신청기관연락처목록: 거주지 읍/면/동 주민센터, 지방보훈청에서 "
WLF00004638,가스요금할인,basfrm,2026-07-28T14:16:21.278260+00:00,7,수급자증명서,https://www.gov.kr/mw/AA020InfoCappView.do?CappBizCD=14600000280,certificate_issuance,7,감면,3,"신청기관연락처목록: 거주지 읍/면/동 주민센터, 복지로에서 ‘서비스 신청’ 신청기관연락처목록: 거주지 읍/면/동 주민센터, 정부24에서 ‘서비스 신청’ 신청기관연락처목록: 거주지 읍/면/동 주민센터, 지방보훈청에서 "
WLF00004657,부모급여 지원,basfrm,2026-07-28T14:16:21.278260+00:00,1,사회보장급여 신청서,https://bokjiro.go.kr/ssis-tbu/CmmFileUtil/getDownload.do?atcflId=20230104UUWBM1008450015644756&atcflSn=1,form_download,3,현금지급,2,"신청기관연락처목록: 거주지 읍/면/동 주민센터, 행정복지센터 또는 복지로 웹사이트(PC/모바일앱)에서 ‘서비스 신청’ 조사기관연락처목록: 담당 시/군/구청 또는 부모급여 담당에서 조사 및 심사 조사기관연락처목록: 담"
WLF00004657,부모급여 지원,basfrm,2026-07-28T14:16:21.278260+00:00,2,신분증,,,3,현금지급,2,"신청기관연락처목록: 거주지 읍/면/동 주민센터, 행정복지센터 또는 복지로 웹사이트(PC/모바일앱)에서 ‘서비스 신청’ 조사기관연락처목록: 담당 시/군/구청 또는 부모급여 담당에서 조사 및 심사 조사기관연락처목록: 담"
WLF00004657,부모급여 지원,basfrm,2026-07-28T14:16:21.278260+00:00,3,주민등록등본,https://www.gov.kr/mw/AA020InfoCappView.do?CappBizCD=13100000015,certificate_issuance,3,현금지급,2,"신청기관연락처목록: 거주지 읍/면/동 주민센터, 행정복지센터 또는 복지로 웹사이트(PC/모바일앱)에서 ‘서비스 신청’ 조사기관연락처목록: 담당 시/군/구청 또는 부모급여 담당에서 조사 및 심사 조사기관연락처목록: 담"
WLF00004660,고령자 고용지원금,basfrm,2026-07-28T14:16:21.278260+00:00,1,고령자 고용지원금 신청서,https://bokjiro.go.kr/ssis-tbu/CmmFileUtil/getDownload.do?atcflId=1273GOWF16GOWF161273&atcflSn=1,form_download,2,현금지급,2,"신청기관연락처목록: 거주지 읍/면/동 주민센터, 고용노동부 고용센터 에서 ‘서비스 신청’ 조사기관연락처목록: 담당 시/군/구청 또는 고용노동부에서 조사 및 심사 결정기관연락처목록: 담당 시/군/구청 또는 고용노동부에"
WLF00004660,고령자 고용지원금,basfrm,2026-07-28T14:16:21.278260+00:00,2,신분증,,,2,현금지급,2,"신청기관연락처목록: 거주지 읍/면/동 주민센터, 고용노동부 고용센터 에서 ‘서비스 신청’ 조사기관연락처목록: 담당 시/군/구청 또는 고용노동부에서 조사 및 심사 결정기관연락처목록: 담당 시/군/구청 또는 고용노동부에"
WLF00004661,청년월세 지원사업,basfrm,2026-07-28T14:52:33.826706+00:00,1,청년월세 지원사업 신청서,https://bokjiro.go.kr/ssis-tbu/CmmFileUtil/getDownload.do?atcflId=20260417UUWBM1009240186840795&atcflSn=1,form_download,5,현금지급,2,"신청기관연락처목록: 거주지 읍/면/동 주민센터, 지자체 또는 복지로 웹사이트(PC/모바일앱)에서 ‘서비스 신청’ 신청기관연락처목록: 거주지 읍/면/동 주민센터, 지자체 또는 복지로 웹사이트(PC/모바일앱)에서 ‘서비"
WLF00004661,청년월세 지원사업,basfrm,2026-07-28T14:52:33.826706+00:00,2,신분증,,,5,현금지급,2,"신청기관연락처목록: 거주지 읍/면/동 주민센터, 지자체 또는 복지로 웹사이트(PC/모바일앱)에서 ‘서비스 신청’ 신청기관연락처목록: 거주지 읍/면/동 주민센터, 지자체 또는 복지로 웹사이트(PC/모바일앱)에서 ‘서비"
WLF00004661,청년월세 지원사업,basfrm,2026-07-28T14:52:33.826706+00:00,3,주민등록등본,https://www.gov.kr/mw/AA020InfoCappView.do?CappBizCD=13100000015,certificate_issuance,5,현금지급,2,"신청기관연락처목록: 거주지 읍/면/동 주민센터, 지자체 또는 복지로 웹사이트(PC/모바일앱)에서 ‘서비스 신청’ 신청기관연락처목록: 거주지 읍/면/동 주민센터, 지자체 또는 복지로 웹사이트(PC/모바일앱)에서 ‘서비"
WLF00004661,청년월세 지원사업,basfrm,2026-07-28T14:52:33.826706+00:00,4,임대차계약서 사본,,,5,현금지급,2,"신청기관연락처목록: 거주지 읍/면/동 주민센터, 지자체 또는 복지로 웹사이트(PC/모바일앱)에서 ‘서비스 신청’ 신청기관연락처목록: 거주지 읍/면/동 주민센터, 지자체 또는 복지로 웹사이트(PC/모바일앱)에서 ‘서비"
WLF00004661,청년월세 지원사업,basfrm,2026-07-28T14:52:33.826706+00:00,5,소득금액증명원,https://www.hometax.go.kr,certificate_issuance,5,현금지급,2,"신청기관연락처목록: 거주지 읍/면/동 주민센터, 지자체 또는 복지로 웹사이트(PC/모바일앱)에서 ‘서비스 신청’ 신청기관연락처목록: 거주지 읍/면/동 주민센터, 지자체 또는 복지로 웹사이트(PC/모바일앱)에서 ‘서비"
WLF00004662,보훈대상자 생계지원금 지급,basfrm,2026-07-28T14:16:21.278260+00:00,1,생계지원금 지급 신청서(5ㆍ18민주유공자),https://bokjiro.go.kr/ssis-tbu/CmmFileUtil/getDownload.do?atcflId=20250508UUWBM1403200136305762&atcflSn=1,form_download,6,현금지급,5,"신청기관연락처목록: 거주지 읍/면/동 주민센터, 관할 보훈(지)청에서 ‘서비스 신청’ 조사기관연락처목록: 담당 시/군/구청 또는 관할 보훈(지)청에서 조사 및 심사 결정기관연락처목록: 담당 시/군/구청 또는 관할 보"
WLF00004662,보훈대상자 생계지원금 지급,basfrm,2026-07-28T14:16:21.278260+00:00,2,생계지원금 지급 신청서(참전유공자),https://bokjiro.go.kr/ssis-tbu/CmmFileUtil/getDownload.do?atcflId=20250508UUWBM1400540136305135&atcflSn=1,form_download,6,현금지급,5,"신청기관연락처목록: 거주지 읍/면/동 주민센터, 관할 보훈(지)청에서 ‘서비스 신청’ 조사기관연락처목록: 담당 시/군/구청 또는 관할 보훈(지)청에서 조사 및 심사 결정기관연락처목록: 담당 시/군/구청 또는 관할 보"
WLF00004662,보훈대상자 생계지원금 지급,basfrm,2026-07-28T14:16:21.278260+00:00,3,생계지원금 지급 신청서(특수임무유공자),https://bokjiro.go.kr/ssis-tbu/CmmFileUtil/getDownload.do?atcflId=20250508UUWBM1400030136304883&atcflSn=1,form_download,6,현금지급,5,"신청기관연락처목록: 거주지 읍/면/동 주민센터, 관할 보훈(지)청에서 ‘서비스 신청’ 조사기관연락처목록: 담당 시/군/구청 또는 관할 보훈(지)청에서 조사 및 심사 결정기관연락처목록: 담당 시/군/구청 또는 관할 보"
WLF00004662,보훈대상자 생계지원금 지급,basfrm,2026-07-28T14:16:21.278260+00:00,4,생계지원금 지급 신청서(고엽제후유의증),https://bokjiro.go.kr/ssis-tbu/CmmFileUtil/getDownload.do?atcflId=20250508UUWBM1402240136305540&atcflSn=1,form_download,6,현금지급,5,"신청기관연락처목록: 거주지 읍/면/동 주민센터, 관할 보훈(지)청에서 ‘서비스 신청’ 조사기관연락처목록: 담당 시/군/구청 또는 관할 보훈(지)청에서 조사 및 심사 결정기관연락처목록: 담당 시/군/구청 또는 관할 보"
WLF00004662,보훈대상자 생계지원금 지급,basfrm,2026-07-28T14:16:21.278260+00:00,5,신분증,,,6,현금지급,5,"신청기관연락처목록: 거주지 읍/면/동 주민센터, 관할 보훈(지)청에서 ‘서비스 신청’ 조사기관연락처목록: 담당 시/군/구청 또는 관할 보훈(지)청에서 조사 및 심사 결정기관연락처목록: 담당 시/군/구청 또는 관할 보"
WLF00004662,보훈대상자 생계지원금 지급,basfrm,2026-07-28T14:16:21.278260+00:00,6,소득금액증명원,https://www.hometax.go.kr,certificate_issuance,6,현금지급,5,"신청기관연락처목록: 거주지 읍/면/동 주민센터, 관할 보훈(지)청에서 ‘서비스 신청’ 조사기관연락처목록: 담당 시/군/구청 또는 관할 보훈(지)청에서 조사 및 심사 결정기관연락처목록: 담당 시/군/구청 또는 관할 보"
WLF00004669,재외국민긴급지원비,basfrm,2026-07-28T14:16:21.278260+00:00,1,긴급지원비 신청서,https://bokjiro.go.kr/ssis-tbu/CmmFileUtil/getDownload.do?atcflId=1584GOWF16GOWF161584&atcflSn=1,form_download,2,기타,2,"신청기관연락처목록: 거주지 읍/면/동 주민센터, 외교부 영사안전국 재외국민보호과에서 ‘서비스 신청’ 조사기관연락처목록: 담당 시/군/구청 또는 외교부 영사안전국 재외국민보호과에서 조사 및 심사 결정기관연락처목록: 담"
WLF00004669,재외국민긴급지원비,basfrm,2026-07-28T14:16:21.278260+00:00,2,신분증,,,2,기타,2,"신청기관연락처목록: 거주지 읍/면/동 주민센터, 외교부 영사안전국 재외국민보호과에서 ‘서비스 신청’ 조사기관연락처목록: 담당 시/군/구청 또는 외교부 영사안전국 재외국민보호과에서 조사 및 심사 결정기관연락처목록: 담"
WLF00004703,미혼모부 양육지원,basfrm,2026-07-28T14:16:21.278260+00:00,1,미혼모·부 아동양육비 등 신청서,https://www.bokjiro.go.kr/ssis-tbu/CmmFileUtil/siteQnaInfoDownload.do?atcflId=20230524UUWBM1012590035952405&atcflSn=1,form_download,4,현금지급,1,거주지 관할 동주민센터 방문접수
WLF00004703,미혼모부 양육지원,basfrm,2026-07-28T14:16:21.278260+00:00,2,신분증,,,4,현금지급,1,거주지 관할 동주민센터 방문접수
WLF00004703,미혼모부 양육지원,basfrm,2026-07-28T14:16:21.278260+00:00,3,주민등록등본,https://www.gov.kr/mw/AA020InfoCappView.do?CappBizCD=13100000015,certificate_issuance,4,현금지급,1,거주지 관할 동주민센터 방문접수
WLF00004703,미혼모부 양육지원,basfrm,2026-07-28T14:16:21.278260+00:00,4,한부모가족증명서,https://www.gov.kr/mw/AA020InfoCappView.do?CappBizCD=10601000001,certificate_issuance,4,현금지급,1,거주지 관할 동주민센터 방문접수
WLF00005004,치매검사비 지원,basfrm,2026-07-28T14:16:21.278260+00:00,1,치매검사비 지원 신청서,https://bokjiro.go.kr/ssis-tbu/CmmFileUtil/getDownload.do?atcflId=20260325UUWBM1101430182092929&atcflSn=1,form_download,3,현금지급,2,"신청기관연락처목록: 거주지 읍/면/동 주민센터, 치매안심센터에서 ‘서비스 신청’ 조사기관연락처목록: 담당 시/군/구청 또는 보건소(치매안심센터)에서 조사 및 심사 결정기관연락처목록: 담당 시/군/구청 또는 보건소(치"
WLF00005004,치매검사비 지원,basfrm,2026-07-28T14:16:21.278260+00:00,2,신분증,,,3,현금지급,2,"신청기관연락처목록: 거주지 읍/면/동 주민센터, 치매안심센터에서 ‘서비스 신청’ 조사기관연락처목록: 담당 시/군/구청 또는 보건소(치매안심센터)에서 조사 및 심사 결정기관연락처목록: 담당 시/군/구청 또는 보건소(치"
WLF00005004,치매검사비 지원,basfrm,2026-07-28T14:16:21.278260+00:00,3,소득금액증명원,https://www.hometax.go.kr,certificate_issuance,3,현금지급,2,"신청기관연락처목록: 거주지 읍/면/동 주민센터, 치매안심센터에서 ‘서비스 신청’ 조사기관연락처목록: 담당 시/군/구청 또는 보건소(치매안심센터)에서 조사 및 심사 결정기관연락처목록: 담당 시/군/구청 또는 보건소(치"
WLF00005024,장애인 자립지원 시범사업,basfrm,2026-07-28T14:16:21.278260+00:00,1,자립신청서,https://bokjiro.go.kr/ssis-tbu/CmmFileUtil/getDownload.do?atcflId=20240315UUWBM1621120075934563&atcflSn=1,form_download,3,"기타, 프로그램/서비스(서비스)",1,"신청기관연락처목록: 거주지 읍/면/동 주민센터, 사업수행기관에서 ‘서비스 신청’ 조사기관연락처목록: 담당 시/군/구청 또는 사업수행기관에서 조사 및 심사 결정기관연락처목록: 담당 시/군/구청 또는 사업수행기관에서 보"
WLF00005024,장애인 자립지원 시범사업,basfrm,2026-07-28T14:16:21.278260+00:00,2,신분증,,,3,"기타, 프로그램/서비스(서비스)",1,"신청기관연락처목록: 거주지 읍/면/동 주민센터, 사업수행기관에서 ‘서비스 신청’ 조사기관연락처목록: 담당 시/군/구청 또는 사업수행기관에서 조사 및 심사 결정기관연락처목록: 담당 시/군/구청 또는 사업수행기관에서 보"
WLF00005024,장애인 자립지원 시범사업,basfrm,2026-07-28T14:16:21.278260+00:00,3,장애인등록증,https://www.gov.kr,certificate_issuance,3,"기타, 프로그램/서비스(서비스)",1,"신청기관연락처목록: 거주지 읍/면/동 주민센터, 사업수행기관에서 ‘서비스 신청’ 조사기관연락처목록: 담당 시/군/구청 또는 사업수행기관에서 조사 및 심사 결정기관연락처목록: 담당 시/군/구청 또는 사업수행기관에서 보"
WLF00005026,여성어업인 특화건강검진사업,basfrm,2026-07-28T14:16:21.278260+00:00,1,여성어업인 특화건강검진 검진신청서,https://bokjiro.go.kr/ssis-tbu/CmmFileUtil/getDownload.do?atcflId=20230224UUWBM1738530023389308&atcflSn=1,form_download,3,기타,2,"신청기관연락처목록: 거주지 읍/면/동 주민센터, 각 시도에서 ‘서비스 신청’ 신청기관연락처목록: 거주지 읍/면/동 주민센터, 각 시군구에서 ‘서비스 신청’ 조사기관연락처목록: 담당 시/군/구청 또는 해양수산부에서 조"
WLF00005026,여성어업인 특화건강검진사업,basfrm,2026-07-28T14:16:21.278260+00:00,2,신분증,,,3,기타,2,"신청기관연락처목록: 거주지 읍/면/동 주민센터, 각 시도에서 ‘서비스 신청’ 신청기관연락처목록: 거주지 읍/면/동 주민센터, 각 시군구에서 ‘서비스 신청’ 조사기관연락처목록: 담당 시/군/구청 또는 해양수산부에서 조"
WLF00005026,여성어업인 특화건강검진사업,basfrm,2026-07-28T14:16:21.278260+00:00,3,어업인 확인서,,,3,기타,2,"신청기관연락처목록: 거주지 읍/면/동 주민센터, 각 시도에서 ‘서비스 신청’ 신청기관연락처목록: 거주지 읍/면/동 주민센터, 각 시군구에서 ‘서비스 신청’ 조사기관연락처목록: 담당 시/군/구청 또는 해양수산부에서 조"
WLF00005031,발달장애인 긴급돌봄사업,basfrm,2026-07-28T14:21:19.484566+00:00,1,발달장애인 긴급돌봄센터 이용신청서,https://bokjiro.go.kr/ssis-tbu/CmmFileUtil/getDownload.do?atcflId=20230507UUWBM2146280033665026&atcflSn=1,form_download,5,프로그램/서비스(서비스),3,"신청기관연락처목록: 거주지 읍/면/동 주민센터, 지역별 발달장애인지원센터에서 ‘서비스 신청’ 신청기관연락처목록: 거주지 읍/면/동 주민센터, 지역별 발달장애인 긴급돌봄센터에서 ‘서비스 신청’ 조사기관연락처목록: 담당"
WLF00005031,발달장애인 긴급돌봄사업,basfrm,2026-07-28T14:21:19.484566+00:00,2,개인정보 수집·이용 동의서,,,5,프로그램/서비스(서비스),3,"신청기관연락처목록: 거주지 읍/면/동 주민센터, 지역별 발달장애인지원센터에서 ‘서비스 신청’ 신청기관연락처목록: 거주지 읍/면/동 주민센터, 지역별 발달장애인 긴급돌봄센터에서 ‘서비스 신청’ 조사기관연락처목록: 담당"
WLF00005031,발달장애인 긴급돌봄사업,basfrm,2026-07-28T14:21:19.484566+00:00,3,신분증,,,5,프로그램/서비스(서비스),3,"신청기관연락처목록: 거주지 읍/면/동 주민센터, 지역별 발달장애인지원센터에서 ‘서비스 신청’ 신청기관연락처목록: 거주지 읍/면/동 주민센터, 지역별 발달장애인 긴급돌봄센터에서 ‘서비스 신청’ 조사기관연락처목록: 담당"
WLF00005031,발달장애인 긴급돌봄사업,basfrm,2026-07-28T14:21:19.484566+00:00,4,장애인등록증,https://www.gov.kr,certificate_issuance,5,프로그램/서비스(서비스),3,"신청기관연락처목록: 거주지 읍/면/동 주민센터, 지역별 발달장애인지원센터에서 ‘서비스 신청’ 신청기관연락처목록: 거주지 읍/면/동 주민센터, 지역별 발달장애인 긴급돌봄센터에서 ‘서비스 신청’ 조사기관연락처목록: 담당"
WLF00005031,발달장애인 긴급돌봄사업,basfrm,2026-07-28T14:21:19.484566+00:00,5,증빙서류,,,5,프로그램/서비스(서비스),3,"신청기관연락처목록: 거주지 읍/면/동 주민센터, 지역별 발달장애인지원센터에서 ‘서비스 신청’ 신청기관연락처목록: 거주지 읍/면/동 주민센터, 지역별 발달장애인 긴급돌봄센터에서 ‘서비스 신청’ 조사기관연락처목록: 담당"
WLF00005036,개인채무조정,basfrm,2026-07-28T14:21:19.484566+00:00,1,신용회복지원 신청서,https://bokjiro.go.kr/ssis-tbu/CmmFileUtil/getDownload.do?atcflId=20230426UUWBM1354390032602934&atcflSn=1,form_download,2,프로그램/서비스(서비스),1,"신청기관연락처목록: 거주지 읍/면/동 주민센터, 신용회복위원회에서 ‘서비스 신청’ 조사기관연락처목록: 담당 시/군/구청 또는 신용회복위원회에서 조사 및 심사 결정기관연락처목록: 담당 시/군/구청 또는 신용회복위원회에"
WLF00005036,개인채무조정,basfrm,2026-07-28T14:21:19.484566+00:00,2,신분증,,,2,프로그램/서비스(서비스),1,"신청기관연락처목록: 거주지 읍/면/동 주민센터, 신용회복위원회에서 ‘서비스 신청’ 조사기관연락처목록: 담당 시/군/구청 또는 신용회복위원회에서 조사 및 심사 결정기관연락처목록: 담당 시/군/구청 또는 신용회복위원회에"
WLF00005093,보훈예우수당 지원,basfrm,2026-07-28T14:21:19.484566+00:00,1,중랑구 보훈예우수당 신청서,https://www.bokjiro.go.kr/ssis-tbu/CmmFileUtil/siteQnaInfoDownload.do?atcflId=20230523UUWBM1647000035850090&atcflSn=1,form_download,4,현금지급,1,관할 동주민센터에 신청
WLF00005093,보훈예우수당 지원,basfrm,2026-07-28T14:21:19.484566+00:00,2,신분증,,,4,현금지급,1,관할 동주민센터에 신청
WLF00005093,보훈예우수당 지원,basfrm,2026-07-28T14:21:19.484566+00:00,3,유공자증 또는 유족증,,,4,현금지급,1,관할 동주민센터에 신청
WLF00005093,보훈예우수당 지원,basfrm,2026-07-28T14:21:19.484566+00:00,4,통장사본,,,4,현금지급,1,관할 동주민센터에 신청
WLF00005095,국가보훈대상자 사망위로금,basfrm,2026-07-28T14:21:19.484566+00:00,1,국가보훈대상자 사망위로금 지급신청서,https://www.bokjiro.go.kr/ssis-tbu/CmmFileUtil/siteQnaInfoDownload.do?atcflId=20230523UUWBM1709430035857482&atcflSn=1,form_download,3,현금지급,1,관할주민센터 내방하여 신청
WLF00005095,국가보훈대상자 사망위로금,basfrm,2026-07-28T14:21:19.484566+00:00,2,신분증,,,3,현금지급,1,관할주민센터 내방하여 신청
WLF00005095,국가보훈대상자 사망위로금,basfrm,2026-07-28T14:21:19.484566+00:00,3,주민등록등본,https://www.gov.kr/mw/AA020InfoCappView.do?CappBizCD=13100000015,certificate_issuance,3,현금지급,1,관할주민센터 내방하여 신청
WLF00005096,보훈대상자 위문금 지원,basfrm,2026-07-28T14:21:19.484566+00:00,1,중랑구 보훈예우수당 신청서,https://www.bokjiro.go.kr/ssis-tbu/CmmFileUtil/siteQnaInfoDownload.do?atcflId=20230523UUWBM1647000035850090&atcflSn=1,form_download,2,현금지급,1,관할주민센터 내방 및 이메일 신청(대상자 보훈처 협조로 직권 지급 예정)
WLF00005096,보훈대상자 위문금 지원,basfrm,2026-07-28T14:21:19.484566+00:00,2,신분증,,,2,현금지급,1,관할주민센터 내방 및 이메일 신청(대상자 보훈처 협조로 직권 지급 예정)
WLF00005172,청년 취업 자격취득 활동 지원사업,basfrm,2026-07-28T14:21:19.484566+00:00,1,신청서 및 개인정보동의서,,,5,기타,2,"자격증 시험 응시 후 동대문구 홈페이지(구정소식,고시/공고) 게시글 참고하여 신청서 및 필수 제출 서류 이메일(ddm2030@ddm.go.kr) 제출"
WLF00005172,청년 취업 자격취득 활동 지원사업,basfrm,2026-07-28T14:21:19.484566+00:00,2,신분증,,,5,기타,2,"자격증 시험 응시 후 동대문구 홈페이지(구정소식,고시/공고) 게시글 참고하여 신청서 및 필수 제출 서류 이메일(ddm2030@ddm.go.kr) 제출"
WLF00005172,청년 취업 자격취득 활동 지원사업,basfrm,2026-07-28T14:21:19.484566+00:00,3,주민등록등본,https://www.gov.kr/mw/AA020InfoCappView.do?CappBizCD=13100000015,certificate_issuance,5,기타,2,"자격증 시험 응시 후 동대문구 홈페이지(구정소식,고시/공고) 게시글 참고하여 신청서 및 필수 제출 서류 이메일(ddm2030@ddm.go.kr) 제출"
WLF00005172,청년 취업 자격취득 활동 지원사업,basfrm,2026-07-28T14:21:19.484566+00:00,4,고용보험 미가입 확인서,,,5,기타,2,"자격증 시험 응시 후 동대문구 홈페이지(구정소식,고시/공고) 게시글 참고하여 신청서 및 필수 제출 서류 이메일(ddm2030@ddm.go.kr) 제출"
WLF00005172,청년 취업 자격취득 활동 지원사업,basfrm,2026-07-28T14:21:19.484566+00:00,5,시험 응시료 영수증,,,5,기타,2,"자격증 시험 응시 후 동대문구 홈페이지(구정소식,고시/공고) 게시글 참고하여 신청서 및 필수 제출 서류 이메일(ddm2030@ddm.go.kr) 제출"
WLF00005198,서울특별시교육청 대안교육기관 입학준비금 지원 사업,basfrm,2026-07-28T14:21:19.484566+00:00,1,대안교육기관 입학준비금 지원 신청서,https://www.bokjiro.go.kr/ssis-tbu/CmmFileUtil/siteQnaInfoDownload.do?atcflId=20260619UUWBM0914240197735000&atcflSn=1,form_download,2,지역화폐,2,❍ 신청 및 지급 기간 - (신청) 2026. 4.~2026. 10.(매월 6일 접수 마감) ‧(서울) 재학 중인 대안교육기관으로 신청 서류 제출 ‧(타 시도) 신청인이 교육청 이메일로 서류 제출 - (지급) 202
WLF00005198,서울특별시교육청 대안교육기관 입학준비금 지원 사업,basfrm,2026-07-28T14:21:19.484566+00:00,2,신분증,,,2,지역화폐,2,❍ 신청 및 지급 기간 - (신청) 2026. 4.~2026. 10.(매월 6일 접수 마감) ‧(서울) 재학 중인 대안교육기관으로 신청 서류 제출 ‧(타 시도) 신청인이 교육청 이메일로 서류 제출 - (지급) 202
WLF00005240,서울특별시교육청 방과후학교 자유수강권 지원,basfrm,2026-07-28T14:21:19.484566+00:00,1,사회보장급여 신청서,https://www.bokjiro.go.kr/ssis-tbu/CmmFileUtil/siteQnaInfoDownload.do?atcflId=20230609UUWBM1428010038484426&atcflSn=1,form_download,3,감면,1,"- 거주지 읍면동 주민센터 방문: 교육비 지원 신청서, 소득재산신고서, 금융정보 등 제공동의서 작성 및 구비서류 제출- 온라인 신청: 복지로(www.bokjiro.go.kr), 교육비 원클릭(oneclick.neis"
WLF00005240,서울특별시교육청 방과후학교 자유수강권 지원,basfrm,2026-07-28T14:21:19.484566+00:00,2,소득금액증명원,https://www.hometax.go.kr,certificate_issuance,3,감면,1,"- 거주지 읍면동 주민센터 방문: 교육비 지원 신청서, 소득재산신고서, 금융정보 등 제공동의서 작성 및 구비서류 제출- 온라인 신청: 복지로(www.bokjiro.go.kr), 교육비 원클릭(oneclick.neis"
WLF00005240,서울특별시교육청 방과후학교 자유수강권 지원,basfrm,2026-07-28T14:21:19.484566+00:00,3,주민등록등본,https://www.gov.kr/mw/AA020InfoCappView.do?CappBizCD=13100000015,certificate_issuance,3,감면,1,"- 거주지 읍면동 주민센터 방문: 교육비 지원 신청서, 소득재산신고서, 금융정보 등 제공동의서 작성 및 구비서류 제출- 온라인 신청: 복지로(www.bokjiro.go.kr), 교육비 원클릭(oneclick.neis"
WLF00005244,서울특별시교육청 초·중·고 입학준비금 지원 사업,basfrm,2026-07-28T14:21:19.484566+00:00,1,입학준비금 신청서류,https://www.bokjiro.go.kr/ssis-tbu/CmmFileUtil/siteQnaInfoDownload.do?atcflId=20230608UUWBM1505570038313753&atcflSn=1,form_download,2,기타,1,- 신청사이트 (초) https://on.zeropaypoint.or.kr (중·고) https://start.sen.go.kr URL 접속하여 신청- 신청 방법: 인터넷이나 모바일을 통해 학부모가 신청
WLF00005244,서울특별시교육청 초·중·고 입학준비금 지원 사업,basfrm,2026-07-28T14:21:19.484566+00:00,2,신분증,,,2,기타,1,- 신청사이트 (초) https://on.zeropaypoint.or.kr (중·고) https://start.sen.go.kr URL 접속하여 신청- 신청 방법: 인터넷이나 모바일을 통해 학부모가 신청
WLF00005256,서울특별시교육청 대안교육기관 급식비 지원 사업,basfrm,2026-07-28T14:21:19.484566+00:00,1,급식비 지원 신청서,https://www.bokjiro.go.kr/ssis-tbu/CmmFileUtil/siteQnaInfoDownload.do?atcflId=20260617UUWBM1300060197388781&atcflSn=1,form_download,1,기타,2,서울특별시교육청 홈페이지 공고를 참조하여 신청 기한 내 서류 접수
WLF00005409,장애인 버스요금 지원,basfrm,2026-07-28T14:21:19.484566+00:00,1,장애인 버스요금 지원신청서,https://www.bokjiro.go.kr/ssis-tbu/CmmFileUtil/siteQnaInfoDownload.do?atcflId=20231227UUWBM1847160062670416&atcflSn=1,form_download,5,현금지급,1,"- 서울시 동 주민센터 신청- 서울시 버스요금지원시스템 온라인 신청(단, 본인 또는 법정대리인만 가능)"
WLF00005409,장애인 버스요금 지원,basfrm,2026-07-28T14:21:19.484566+00:00,2,개인정보 수집·이용 동의서,,,5,현금지급,1,"- 서울시 동 주민센터 신청- 서울시 버스요금지원시스템 온라인 신청(단, 본인 또는 법정대리인만 가능)"
WLF00005409,장애인 버스요금 지원,basfrm,2026-07-28T14:21:19.484566+00:00,3,신분증,,,5,현금지급,1,"- 서울시 동 주민센터 신청- 서울시 버스요금지원시스템 온라인 신청(단, 본인 또는 법정대리인만 가능)"
WLF00005409,장애인 버스요금 지원,basfrm,2026-07-28T14:21:19.484566+00:00,4,장애인등록증,https://www.gov.kr,certificate_issuance,5,현금지급,1,"- 서울시 동 주민센터 신청- 서울시 버스요금지원시스템 온라인 신청(단, 본인 또는 법정대리인만 가능)"
WLF00005409,장애인 버스요금 지원,basfrm,2026-07-28T14:21:19.484566+00:00,5,주민등록등본,https://www.gov.kr/mw/AA020InfoCappView.do?CappBizCD=13100000015,certificate_issuance,5,현금지급,1,"- 서울시 동 주민센터 신청- 서울시 버스요금지원시스템 온라인 신청(단, 본인 또는 법정대리인만 가능)"
WLF00005445,자립준비청년(보호종료아동) 자립정착금 지원,basfrm,2026-07-28T14:21:19.484566+00:00,1,자립준비청년 자립정착금 수급자 확인서,https://bokjiro.go.kr/ssis-tbu/CmmFileUtil/getDownload.do?atcflId=20240308UUWBM0936240074329277&atcflSn=1,form_download,3,현금지급,3,"신청기관연락처목록: 거주지 읍/면/동 주민센터, 시군구에서 ‘서비스 신청’ 조사기관연락처목록: 담당 시/군/구청 또는 시군구에서 조사 및 심사 결정기관연락처목록: 담당 시/군/구청 또는 시군구에서 보장 결정 지급기관"
WLF00005445,자립준비청년(보호종료아동) 자립정착금 지원,basfrm,2026-07-28T14:21:19.484566+00:00,2,자립정착금 사용계획서,https://bokjiro.go.kr/ssis-tbu/CmmFileUtil/getDownload.do?atcflId=20240308UUWBM0937590074330722&atcflSn=1,form_download,3,현금지급,3,"신청기관연락처목록: 거주지 읍/면/동 주민센터, 시군구에서 ‘서비스 신청’ 조사기관연락처목록: 담당 시/군/구청 또는 시군구에서 조사 및 심사 결정기관연락처목록: 담당 시/군/구청 또는 시군구에서 보장 결정 지급기관"
WLF00005445,자립준비청년(보호종료아동) 자립정착금 지원,basfrm,2026-07-28T14:21:19.484566+00:00,3,신분증,,,3,현금지급,3,"신청기관연락처목록: 거주지 읍/면/동 주민센터, 시군구에서 ‘서비스 신청’ 조사기관연락처목록: 담당 시/군/구청 또는 시군구에서 조사 및 심사 결정기관연락처목록: 담당 시/군/구청 또는 시군구에서 보장 결정 지급기관"
WLF00005469,장수축하금 지급,basfrm,2026-07-28T14:21:19.484566+00:00,1,장수축하금 지급 신청서,https://www.bokjiro.go.kr/ssis-tbu/CmmFileUtil/siteQnaInfoDownload.do?atcflId=20240604UUWBM1039230088021916&atcflSn=1,form_download,3,현금지급,2,"신청서, 신분증, 통장사본, 대리인 신청시 위윔장 제출"
WLF00005469,장수축하금 지급,basfrm,2026-07-28T14:21:19.484566+00:00,2,신분증,,,3,현금지급,2,"신청서, 신분증, 통장사본, 대리인 신청시 위윔장 제출"
WLF00005469,장수축하금 지급,basfrm,2026-07-28T14:21:19.484566+00:00,3,통장사본,,,3,현금지급,2,"신청서, 신분증, 통장사본, 대리인 신청시 위윔장 제출"
WLF00005489,강서구 플러스 자립수당,basfrm,2026-07-28T14:21:19.484566+00:00,1,강서구 자립준비청년 플러스 자립수당 신청서,https://www.bokjiro.go.kr/ssis-tbu/CmmFileUtil/siteQnaInfoDownload.do?atcflId=20240610UUWBM0933220088672224&atcflSn=1,form_download,4,현금지급,2,대상자가 거주하는 동 주민센터에 방문하여 신청
WLF00005489,강서구 플러스 자립수당,basfrm,2026-07-28T14:21:19.484566+00:00,2,신분증,,,4,현금지급,2,대상자가 거주하는 동 주민센터에 방문하여 신청
WLF00005489,강서구 플러스 자립수당,basfrm,2026-07-28T14:21:19.484566+00:00,3,주민등록등본,https://www.gov.kr/mw/AA020InfoCappView.do?CappBizCD=13100000015,certificate_issuance,4,현금지급,2,대상자가 거주하는 동 주민센터에 방문하여 신청
WLF00005489,강서구 플러스 자립수당,basfrm,2026-07-28T14:21:19.484566+00:00,4,수급자증명서,https://www.gov.kr/mw/AA020InfoCappView.do?CappBizCD=14600000280,certificate_issuance,4,현금지급,2,대상자가 거주하는 동 주민센터에 방문하여 신청
WLF00005567,정신건강 심리상담 바우처사업,basfrm,2026-07-28T14:21:19.484566+00:00,1,사회보장급여 신청서,https://bokjiro.go.kr/ssis-tbu/CmmFileUtil/getDownload.do?atcflId=20250107UUWBM1619290116475904&atcflSn=1,form_download,8,전자바우처(바우처),5,"신청기관연락처목록: 거주지 읍/면/동 주민센터, 행정복지센터(구 주민센터, 동사무소) 또는 복지로 웹사이트(PC/모바일앱)에서 ‘서비스 신청’ 조사기관연락처목록: 담당 시/군/구청 또는 주민등록상 거주지 읍면동에서 "
WLF00005567,정신건강 심리상담 바우처사업,basfrm,2026-07-28T14:21:19.484566+00:00,2,사회서비스 이용자 준수사항 안내확인 동의서,,,8,전자바우처(바우처),5,"신청기관연락처목록: 거주지 읍/면/동 주민센터, 행정복지센터(구 주민센터, 동사무소) 또는 복지로 웹사이트(PC/모바일앱)에서 ‘서비스 신청’ 조사기관연락처목록: 담당 시/군/구청 또는 주민등록상 거주지 읍면동에서 "
WLF00005567,정신건강 심리상담 바우처사업,basfrm,2026-07-28T14:21:19.484566+00:00,3,법정대리인 동의서,,,8,전자바우처(바우처),5,"신청기관연락처목록: 거주지 읍/면/동 주민센터, 행정복지센터(구 주민센터, 동사무소) 또는 복지로 웹사이트(PC/모바일앱)에서 ‘서비스 신청’ 조사기관연락처목록: 담당 시/군/구청 또는 주민등록상 거주지 읍면동에서 "
WLF00005567,정신건강 심리상담 바우처사업,basfrm,2026-07-28T14:21:19.484566+00:00,4,위임장,,,8,전자바우처(바우처),5,"신청기관연락처목록: 거주지 읍/면/동 주민센터, 행정복지센터(구 주민센터, 동사무소) 또는 복지로 웹사이트(PC/모바일앱)에서 ‘서비스 신청’ 조사기관연락처목록: 담당 시/군/구청 또는 주민등록상 거주지 읍면동에서 "
WLF00005567,정신건강 심리상담 바우처사업,basfrm,2026-07-28T14:21:19.484566+00:00,5,신분증,,,8,전자바우처(바우처),5,"신청기관연락처목록: 거주지 읍/면/동 주민센터, 행정복지센터(구 주민센터, 동사무소) 또는 복지로 웹사이트(PC/모바일앱)에서 ‘서비스 신청’ 조사기관연락처목록: 담당 시/군/구청 또는 주민등록상 거주지 읍면동에서 "
WLF00005567,정신건강 심리상담 바우처사업,basfrm,2026-07-28T14:21:19.484566+00:00,6,의뢰서,,,8,전자바우처(바우처),5,"신청기관연락처목록: 거주지 읍/면/동 주민센터, 행정복지센터(구 주민센터, 동사무소) 또는 복지로 웹사이트(PC/모바일앱)에서 ‘서비스 신청’ 조사기관연락처목록: 담당 시/군/구청 또는 주민등록상 거주지 읍면동에서 "
WLF00005567,정신건강 심리상담 바우처사업,basfrm,2026-07-28T14:21:19.484566+00:00,7,진단서 또는 소견서,,,8,전자바우처(바우처),5,"신청기관연락처목록: 거주지 읍/면/동 주민센터, 행정복지센터(구 주민센터, 동사무소) 또는 복지로 웹사이트(PC/모바일앱)에서 ‘서비스 신청’ 조사기관연락처목록: 담당 시/군/구청 또는 주민등록상 거주지 읍면동에서 "
WLF00005567,정신건강 심리상담 바우처사업,basfrm,2026-07-28T14:21:19.484566+00:00,8,국가 일반건강검진 결과서,,,8,전자바우처(바우처),5,"신청기관연락처목록: 거주지 읍/면/동 주민센터, 행정복지센터(구 주민센터, 동사무소) 또는 복지로 웹사이트(PC/모바일앱)에서 ‘서비스 신청’ 조사기관연락처목록: 담당 시/군/구청 또는 주민등록상 거주지 읍면동에서 "
WLF00005877,저소득 주민 유료방송 시청료 지원,basfrm,2026-07-28T14:26:46.766033+00:00,1,중구 저소득주민 유료방송 시청료 지원 신청서,https://www.bokjiro.go.kr/ssis-tbu/CmmFileUtil/siteQnaInfoDownload.do?atcflId=20250528UUWBM1532580139753230&atcflSn=1,form_download,5,감면,2,신청자 주민등록상 주소지 관할 동주민센터 상시 방문접수
WLF00005877,저소득 주민 유료방송 시청료 지원,basfrm,2026-07-28T14:26:46.766033+00:00,2,신분증,,,5,감면,2,신청자 주민등록상 주소지 관할 동주민센터 상시 방문접수
WLF00005877,저소득 주민 유료방송 시청료 지원,basfrm,2026-07-28T14:26:46.766033+00:00,3,주민등록등본,https://www.gov.kr/mw/AA020InfoCappView.do?CappBizCD=13100000015,certificate_issuance,5,감면,2,신청자 주민등록상 주소지 관할 동주민센터 상시 방문접수
WLF00005877,저소득 주민 유료방송 시청료 지원,basfrm,2026-07-28T14:26:46.766033+00:00,4,수급자증명서,https://www.gov.kr/mw/AA020InfoCappView.do?CappBizCD=14600000280,certificate_issuance,5,감면,2,신청자 주민등록상 주소지 관할 동주민센터 상시 방문접수
WLF00005877,저소득 주민 유료방송 시청료 지원,basfrm,2026-07-28T14:26:46.766033+00:00,5,장애인등록증,https://www.gov.kr,certificate_issuance,5,감면,2,신청자 주민등록상 주소지 관할 동주민센터 상시 방문접수
WLF00005909,장수축하물품 지원 사업,basfrm,2026-07-28T14:26:46.766033+00:00,1,장수축하물품 지급 신청서,https://www.bokjiro.go.kr/ssis-tbu/CmmFileUtil/siteQnaInfoDownload.do?atcflId=20250602UUWBM1045180140322274&atcflSn=1,form_download,3,현물지급,2,100세 도래하는 날부터 1년 이내 신청장수어르신 또는 부양의무자가 주민등록상 주소지 관할 동 주민센터에서 신청
WLF00005909,장수축하물품 지원 사업,basfrm,2026-07-28T14:26:46.766033+00:00,2,신분증,,,3,현물지급,2,100세 도래하는 날부터 1년 이내 신청장수어르신 또는 부양의무자가 주민등록상 주소지 관할 동 주민센터에서 신청
WLF00005909,장수축하물품 지원 사업,basfrm,2026-07-28T14:26:46.766033+00:00,3,주민등록등본,https://www.gov.kr/mw/AA020InfoCappView.do?CappBizCD=13100000015,certificate_issuance,3,현물지급,2,100세 도래하는 날부터 1년 이내 신청장수어르신 또는 부양의무자가 주민등록상 주소지 관할 동 주민센터에서 신청
WLF00005985,강북구 저소득 주민 국민건강보험료 등 지원,basfrm,2026-07-28T14:26:46.766033+00:00,1,신청서,https://www.bokjiro.go.kr/ssis-tbu/CmmFileUtil/siteQnaInfoDownload.do?atcflId=20250609UUWBM2008490141236958&atcflSn=1,form_download,4,기타,2,대상자 거주지 주민센터 신청 후 구와 공단에서 지원 대상 선정매월 공단의 보험료 청구에 의해 구에서 지원액 입금
WLF00005985,강북구 저소득 주민 국민건강보험료 등 지원,basfrm,2026-07-28T14:26:46.766033+00:00,2,신분증,,,4,기타,2,대상자 거주지 주민센터 신청 후 구와 공단에서 지원 대상 선정매월 공단의 보험료 청구에 의해 구에서 지원액 입금
WLF00005985,강북구 저소득 주민 국민건강보험료 등 지원,basfrm,2026-07-28T14:26:46.766033+00:00,3,주민등록등본,https://www.gov.kr/mw/AA020InfoCappView.do?CappBizCD=13100000015,certificate_issuance,4,기타,2,대상자 거주지 주민센터 신청 후 구와 공단에서 지원 대상 선정매월 공단의 보험료 청구에 의해 구에서 지원액 입금
WLF00005985,강북구 저소득 주민 국민건강보험료 등 지원,basfrm,2026-07-28T14:26:46.766033+00:00,4,소득금액증명원,https://www.hometax.go.kr,certificate_issuance,4,기타,2,대상자 거주지 주민센터 신청 후 구와 공단에서 지원 대상 선정매월 공단의 보험료 청구에 의해 구에서 지원액 입금
WLF00006125,관악구 청년 어학·자격시험 응시료 지원,basfrm,2026-07-28T14:26:46.766033+00:00,1,응시료 지원신청서,https://www.bokjiro.go.kr/ssis-tbu/CmmFileUtil/siteQnaInfoDownload.do?atcflId=20250708UUWBM1500040145342386&atcflSn=1,form_download,5,현금지급,1,관악구청 홈페이지 온라인 신청- 참여/예약(참여신청→행정접수) 접수하기 클릭- 관악구청 홈페이지 내 신청서 및 개인정보 수집이용 동의서 다운받아 회원가입 후 신청- 전체 증빙서류 첨부
WLF00006125,관악구 청년 어학·자격시험 응시료 지원,basfrm,2026-07-28T14:26:46.766033+00:00,2,개인정보 수집·이용 동의서,,,5,현금지급,1,관악구청 홈페이지 온라인 신청- 참여/예약(참여신청→행정접수) 접수하기 클릭- 관악구청 홈페이지 내 신청서 및 개인정보 수집이용 동의서 다운받아 회원가입 후 신청- 전체 증빙서류 첨부
WLF00006125,관악구 청년 어학·자격시험 응시료 지원,basfrm,2026-07-28T14:26:46.766033+00:00,3,신분증,,,5,현금지급,1,관악구청 홈페이지 온라인 신청- 참여/예약(참여신청→행정접수) 접수하기 클릭- 관악구청 홈페이지 내 신청서 및 개인정보 수집이용 동의서 다운받아 회원가입 후 신청- 전체 증빙서류 첨부
WLF00006125,관악구 청년 어학·자격시험 응시료 지원,basfrm,2026-07-28T14:26:46.766033+00:00,4,주민등록등본,https://www.gov.kr/mw/AA020InfoCappView.do?CappBizCD=13100000015,certificate_issuance,5,현금지급,1,관악구청 홈페이지 온라인 신청- 참여/예약(참여신청→행정접수) 접수하기 클릭- 관악구청 홈페이지 내 신청서 및 개인정보 수집이용 동의서 다운받아 회원가입 후 신청- 전체 증빙서류 첨부
WLF00006125,관악구 청년 어학·자격시험 응시료 지원,basfrm,2026-07-28T14:26:46.766033+00:00,5,응시료 지출 증빙서류,,,5,현금지급,1,관악구청 홈페이지 온라인 신청- 참여/예약(참여신청→행정접수) 접수하기 클릭- 관악구청 홈페이지 내 신청서 및 개인정보 수집이용 동의서 다운받아 회원가입 후 신청- 전체 증빙서류 첨부
WLF00006196,자활성공지원금 지급·관리,basfrm,2026-07-28T14:26:46.766033+00:00,1,자활성공지원금 지급신청서,https://bokjiro.go.kr/ssis-tbu/CmmFileUtil/getDownload.do?atcflId=20251114UUWBM1700150161139447&atcflSn=1,form_download,4,현금지급,2,"신청기관연락처목록: 거주지 읍/면/동 주민센터, 읍면동 또는 복지로 웹사이트(PC/모바일앱)에서 ‘서비스 신청’ 조사기관연락처목록: 담당 시/군/구청 또는 시군구에서 조사 및 심사 결정기관연락처목록: 담당 시/군/구"
WLF00006196,자활성공지원금 지급·관리,basfrm,2026-07-28T14:26:46.766033+00:00,2,신분증,,,4,현금지급,2,"신청기관연락처목록: 거주지 읍/면/동 주민센터, 읍면동 또는 복지로 웹사이트(PC/모바일앱)에서 ‘서비스 신청’ 조사기관연락처목록: 담당 시/군/구청 또는 시군구에서 조사 및 심사 결정기관연락처목록: 담당 시/군/구"
WLF00006196,자활성공지원금 지급·관리,basfrm,2026-07-28T14:26:46.766033+00:00,3,주민등록등본,https://www.gov.kr/mw/AA020InfoCappView.do?CappBizCD=13100000015,certificate_issuance,4,현금지급,2,"신청기관연락처목록: 거주지 읍/면/동 주민센터, 읍면동 또는 복지로 웹사이트(PC/모바일앱)에서 ‘서비스 신청’ 조사기관연락처목록: 담당 시/군/구청 또는 시군구에서 조사 및 심사 결정기관연락처목록: 담당 시/군/구"
WLF00006196,자활성공지원금 지급·관리,basfrm,2026-07-28T14:26:46.766033+00:00,4,소득금액증명원,https://www.hometax.go.kr,certificate_issuance,4,현금지급,2,"신청기관연락처목록: 거주지 읍/면/동 주민센터, 읍면동 또는 복지로 웹사이트(PC/모바일앱)에서 ‘서비스 신청’ 조사기관연락처목록: 담당 시/군/구청 또는 시군구에서 조사 및 심사 결정기관연락처목록: 담당 시/군/구"
WLF00006199,자립준비청년 생활보조수당 지원,basfrm,2026-07-28T14:26:46.766033+00:00,1,자립준비청년 생활보조수당 지급 신청서,https://www.bokjiro.go.kr/ssis-tbu/CmmFileUtil/siteQnaInfoDownload.do?atcflId=20260112UUWBM1954040170808041&atcflSn=1,form_download,3,현금지급,2,"(1) 방문신청 - 사전신청 : 보호종료 예정자(본인 또는 아동복지시설 종사자, 가정위탁 대리인이 보호종료 전 30일 이내 본인 주민등록상 주소지 동주민센터에서 사전신청 가능) - 일반신청 : 보호종료자(본인 또는 "
WLF00006199,자립준비청년 생활보조수당 지원,basfrm,2026-07-28T14:26:46.766033+00:00,2,신분증,,,3,현금지급,2,"(1) 방문신청 - 사전신청 : 보호종료 예정자(본인 또는 아동복지시설 종사자, 가정위탁 대리인이 보호종료 전 30일 이내 본인 주민등록상 주소지 동주민센터에서 사전신청 가능) - 일반신청 : 보호종료자(본인 또는 "
WLF00006199,자립준비청년 생활보조수당 지원,basfrm,2026-07-28T14:26:46.766033+00:00,3,주민등록등본,https://www.gov.kr/mw/AA020InfoCappView.do?CappBizCD=13100000015,certificate_issuance,3,현금지급,2,"(1) 방문신청 - 사전신청 : 보호종료 예정자(본인 또는 아동복지시설 종사자, 가정위탁 대리인이 보호종료 전 30일 이내 본인 주민등록상 주소지 동주민센터에서 사전신청 가능) - 일반신청 : 보호종료자(본인 또는 "
WLF00006212,환경오염피해 구제급여,basfrm,2026-07-28T14:26:46.766033+00:00,1,건강피해조사ㆍ환경분쟁조정ㆍ구제급여(피해인정) 신청서,https://bokjiro.go.kr/ssis-tbu/CmmFileUtil/getDownload.do?atcflId=20250611UUWBM1352330141550302&atcflSn=1,form_download,2,현금지급,1,"신청기관연락처목록: 거주지 읍/면/동 주민센터, 중앙환경분쟁조정피해구제위원회에서 ‘서비스 신청’ 조사기관연락처목록: 담당 시/군/구청 또는 한국환경산업기술원에서 조사 및 심사 결정기관연락처목록: 담당 시/군/구청 또"
WLF00006212,환경오염피해 구제급여,basfrm,2026-07-28T14:26:46.766033+00:00,2,신분증,,,2,현금지급,1,"신청기관연락처목록: 거주지 읍/면/동 주민센터, 중앙환경분쟁조정피해구제위원회에서 ‘서비스 신청’ 조사기관연락처목록: 담당 시/군/구청 또는 한국환경산업기술원에서 조사 및 심사 결정기관연락처목록: 담당 시/군/구청 또"
WLF00006292,난임치료휴가급여 지원,basfrm,2026-07-28T14:26:46.766033+00:00,1,출산전후휴가 급여등 신청서,https://bokjiro.go.kr/ssis-tbu/CmmFileUtil/getDownload.do?atcflId=20250318UUWBM1551180129422532&atcflSn=1,form_download,2,현금지급,2,"신청기관연락처목록: 거주지 읍/면/동 주민센터, 고용센터에서 처리에서 ‘서비스 신청’ 조사기관연락처목록: 담당 시/군/구청 또는 고용센터에서 처리에서 조사 및 심사 결정기관연락처목록: 담당 시/군/구청 또는 고용센터"
WLF00006292,난임치료휴가급여 지원,basfrm,2026-07-28T14:26:46.766033+00:00,2,신분증,,,2,현금지급,2,"신청기관연락처목록: 거주지 읍/면/동 주민센터, 고용센터에서 처리에서 ‘서비스 신청’ 조사기관연락처목록: 담당 시/군/구청 또는 고용센터에서 처리에서 조사 및 심사 결정기관연락처목록: 담당 시/군/구청 또는 고용센터"
WLF00006293,4·19혁명공로수당,basfrm,2026-07-28T14:26:46.766033+00:00,1,(보훈보상) 예금계좌 지정 등 신청서,https://bokjiro.go.kr/ssis-tbu/CmmFileUtil/getDownload.do?atcflId=20240304UUWBM1414500073187790&atcflSn=1,form_download,2,현금지급,3,"신청기관연락처목록: 거주지 읍/면/동 주민센터, 보훈(지)청에서 ‘서비스 신청’ 조사기관연락처목록: 담당 시/군/구청 또는 보훈(지)청에서 조사 및 심사 결정기관연락처목록: 담당 시/군/구청 또는 보훈(지)청에서 보"
WLF00006293,4·19혁명공로수당,basfrm,2026-07-28T14:26:46.766033+00:00,2,신분증,,,2,현금지급,3,"신청기관연락처목록: 거주지 읍/면/동 주민센터, 보훈(지)청에서 ‘서비스 신청’ 조사기관연락처목록: 담당 시/군/구청 또는 보훈(지)청에서 조사 및 심사 결정기관연락처목록: 담당 시/군/구청 또는 보훈(지)청에서 보"
WLF00006294,장애인 등록 신청,basfrm,2026-07-28T14:26:46.766033+00:00,1,장애인 등록 및 서비스 신청서,https://bokjiro.go.kr/ssis-tbu/CmmFileUtil/getDownload.do?atcflId=20230308UUWBM1330460025167326&atcflSn=1,form_download,3,기타,2,"신청기관연락처목록: 거주지 읍/면/동 주민센터, 읍면동에서 ‘서비스 신청’ 조사기관연락처목록: 담당 시/군/구청 또는 읍면동에서 조사 및 심사 결정기관연락처목록: 담당 시/군/구청 또는 시군구에서 보장 결정 이의신청"
WLF00006294,장애인 등록 신청,basfrm,2026-07-28T14:26:46.766033+00:00,2,신분증,,,3,기타,2,"신청기관연락처목록: 거주지 읍/면/동 주민센터, 읍면동에서 ‘서비스 신청’ 조사기관연락처목록: 담당 시/군/구청 또는 읍면동에서 조사 및 심사 결정기관연락처목록: 담당 시/군/구청 또는 시군구에서 보장 결정 이의신청"
WLF00006294,장애인 등록 신청,basfrm,2026-07-28T14:26:46.766033+00:00,3,진단서,,,3,기타,2,"신청기관연락처목록: 거주지 읍/면/동 주민센터, 읍면동에서 ‘서비스 신청’ 조사기관연락처목록: 담당 시/군/구청 또는 읍면동에서 조사 및 심사 결정기관연락처목록: 담당 시/군/구청 또는 시군구에서 보장 결정 이의신청"
WLF00006304,보훈원 양육지원,basfrm,2026-07-28T14:32:12.057332+00:00,1,보훈원 입소신청서,https://bokjiro.go.kr/ssis-tbu/CmmFileUtil/getDownload.do?atcflId=20260428UUWBM1434250188546927&atcflSn=1,form_download,4,시설입소,2,"신청기관연락처목록: 거주지 읍/면/동 주민센터, 한국보훈복지의료공단 보훈원에서 ‘서비스 신청’ 조사기관연락처목록: 담당 시/군/구청 또는 한국보훈복지의료공단 보훈원에서 조사 및 심사 결정기관연락처목록: 담당 시/군/"
WLF00006304,보훈원 양육지원,basfrm,2026-07-28T14:32:12.057332+00:00,2,개인정보 수집·이용 동의서,,,4,시설입소,2,"신청기관연락처목록: 거주지 읍/면/동 주민센터, 한국보훈복지의료공단 보훈원에서 ‘서비스 신청’ 조사기관연락처목록: 담당 시/군/구청 또는 한국보훈복지의료공단 보훈원에서 조사 및 심사 결정기관연락처목록: 담당 시/군/"
WLF00006304,보훈원 양육지원,basfrm,2026-07-28T14:32:12.057332+00:00,3,신분증,,,4,시설입소,2,"신청기관연락처목록: 거주지 읍/면/동 주민센터, 한국보훈복지의료공단 보훈원에서 ‘서비스 신청’ 조사기관연락처목록: 담당 시/군/구청 또는 한국보훈복지의료공단 보훈원에서 조사 및 심사 결정기관연락처목록: 담당 시/군/"
WLF00006304,보훈원 양육지원,basfrm,2026-07-28T14:32:12.057332+00:00,4,주민등록등본,https://www.gov.kr/mw/AA020InfoCappView.do?CappBizCD=13100000015,certificate_issuance,4,시설입소,2,"신청기관연락처목록: 거주지 읍/면/동 주민센터, 한국보훈복지의료공단 보훈원에서 ‘서비스 신청’ 조사기관연락처목록: 담당 시/군/구청 또는 한국보훈복지의료공단 보훈원에서 조사 및 심사 결정기관연락처목록: 담당 시/군/"
WLF00006328,소아‧청소년 제1형 당뇨병 환자 지원사업,basfrm,2026-07-28T14:32:12.057332+00:00,1,소아·청소년 제1형 당뇨병 환자 지원 신청서,https://www.bokjiro.go.kr/ssis-tbu/CmmFileUtil/siteQnaInfoDownload.do?atcflId=20260618UUWBM0923530197548738&atcflSn=1,form_download,5,현금지급,3,"① 환자가 처방전에 따라, 건강보험공단에 등록된 의료기기 판매업소에서 등록된 당뇨관리기기 구매 ② 필요서류 구비 후 본인(또는 보호자 직계존속(부모 또는 조부모)이 보건행정과 만성질환관리팀 방문 또는 등기우편 신청 "
WLF00006328,소아‧청소년 제1형 당뇨병 환자 지원사업,basfrm,2026-07-28T14:32:12.057332+00:00,2,개인정보 수집이용 동의서,,,5,현금지급,3,"① 환자가 처방전에 따라, 건강보험공단에 등록된 의료기기 판매업소에서 등록된 당뇨관리기기 구매 ② 필요서류 구비 후 본인(또는 보호자 직계존속(부모 또는 조부모)이 보건행정과 만성질환관리팀 방문 또는 등기우편 신청 "
WLF00006328,소아‧청소년 제1형 당뇨병 환자 지원사업,basfrm,2026-07-28T14:32:12.057332+00:00,3,신분증,,,5,현금지급,3,"① 환자가 처방전에 따라, 건강보험공단에 등록된 의료기기 판매업소에서 등록된 당뇨관리기기 구매 ② 필요서류 구비 후 본인(또는 보호자 직계존속(부모 또는 조부모)이 보건행정과 만성질환관리팀 방문 또는 등기우편 신청 "
WLF00006328,소아‧청소년 제1형 당뇨병 환자 지원사업,basfrm,2026-07-28T14:32:12.057332+00:00,4,주민등록등본,https://www.gov.kr/mw/AA020InfoCappView.do?CappBizCD=13100000015,certificate_issuance,5,현금지급,3,"① 환자가 처방전에 따라, 건강보험공단에 등록된 의료기기 판매업소에서 등록된 당뇨관리기기 구매 ② 필요서류 구비 후 본인(또는 보호자 직계존속(부모 또는 조부모)이 보건행정과 만성질환관리팀 방문 또는 등기우편 신청 "
WLF00006328,소아‧청소년 제1형 당뇨병 환자 지원사업,basfrm,2026-07-28T14:32:12.057332+00:00,5,진단서,,,5,현금지급,3,"① 환자가 처방전에 따라, 건강보험공단에 등록된 의료기기 판매업소에서 등록된 당뇨관리기기 구매 ② 필요서류 구비 후 본인(또는 보호자 직계존속(부모 또는 조부모)이 보건행정과 만성질환관리팀 방문 또는 등기우편 신청 "
WLF00006351,서울특별시 강서구 전세피해임차인 지원사업,basfrm,2026-07-28T14:32:12.057332+00:00,1,전세사기 피해지원 신청서,https://www.bokjiro.go.kr/ssis-tbu/CmmFileUtil/siteQnaInfoDownload.do?atcflId=20260610UUWBM1135420196252686&atcflSn=1,form_download,6,현금지급,4,(오프라인)서울 강서구청 1층 부동산정보과 방문 신청(온라인) 정부24에서 강서구 전세피해지원금 검색 후 신청
WLF00006351,서울특별시 강서구 전세피해임차인 지원사업,basfrm,2026-07-28T14:32:12.057332+00:00,2,개인정보 수집·이용 동의서,,,6,현금지급,4,(오프라인)서울 강서구청 1층 부동산정보과 방문 신청(온라인) 정부24에서 강서구 전세피해지원금 검색 후 신청
WLF00006351,서울특별시 강서구 전세피해임차인 지원사업,basfrm,2026-07-28T14:32:12.057332+00:00,3,신분증,,,6,현금지급,4,(오프라인)서울 강서구청 1층 부동산정보과 방문 신청(온라인) 정부24에서 강서구 전세피해지원금 검색 후 신청
WLF00006351,서울특별시 강서구 전세피해임차인 지원사업,basfrm,2026-07-28T14:32:12.057332+00:00,4,주민등록등본,https://www.gov.kr/mw/AA020InfoCappView.do?CappBizCD=13100000015,certificate_issuance,6,현금지급,4,(오프라인)서울 강서구청 1층 부동산정보과 방문 신청(온라인) 정부24에서 강서구 전세피해지원금 검색 후 신청
WLF00006351,서울특별시 강서구 전세피해임차인 지원사업,basfrm,2026-07-28T14:32:12.057332+00:00,5,임대차계약서 사본,,,6,현금지급,4,(오프라인)서울 강서구청 1층 부동산정보과 방문 신청(온라인) 정부24에서 강서구 전세피해지원금 검색 후 신청
WLF00006351,서울특별시 강서구 전세피해임차인 지원사업,basfrm,2026-07-28T14:32:12.057332+00:00,6,주택도시보증공사 확인서,,,6,현금지급,4,(오프라인)서울 강서구청 1층 부동산정보과 방문 신청(온라인) 정부24에서 강서구 전세피해지원금 검색 후 신청
WLF00006357,강남구 아빠 육아휴직장려금 지원사업,basfrm,2026-07-28T14:32:12.057332+00:00,1,아빠 육아휴직장려금 지원 신청서 및 동의서,,,4,현금지급,2,"O 신청방법 - 온라인 신청(정부24) 또는 동 주민센터 방문 신청O 신청서류 - 신청서, 육아휴직 확인서, 육아휴직급여 지급결정통지서"
WLF00006357,강남구 아빠 육아휴직장려금 지원사업,basfrm,2026-07-28T14:32:12.057332+00:00,2,육아휴직 확인서,,,4,현금지급,2,"O 신청방법 - 온라인 신청(정부24) 또는 동 주민센터 방문 신청O 신청서류 - 신청서, 육아휴직 확인서, 육아휴직급여 지급결정통지서"
WLF00006357,강남구 아빠 육아휴직장려금 지원사업,basfrm,2026-07-28T14:32:12.057332+00:00,3,육아휴직급여 지급결정통지서,,,4,현금지급,2,"O 신청방법 - 온라인 신청(정부24) 또는 동 주민센터 방문 신청O 신청서류 - 신청서, 육아휴직 확인서, 육아휴직급여 지급결정통지서"
WLF00006357,강남구 아빠 육아휴직장려금 지원사업,basfrm,2026-07-28T14:32:12.057332+00:00,4,주민등록등본,https://www.gov.kr/mw/AA020InfoCappView.do?CappBizCD=13100000015,certificate_issuance,4,현금지급,2,"O 신청방법 - 온라인 신청(정부24) 또는 동 주민센터 방문 신청O 신청서류 - 신청서, 육아휴직 확인서, 육아휴직급여 지급결정통지서"
WLF00006518,플랫폼 배달노동자 산재보험 지원,basfrm,2026-07-28T14:32:12.057332+00:00,1,개인정보 수집·이용 동의서,,,4,현금지급,2,전용 메일 (ydpnodong@ydp.go.kr)로 서류 제출하여 신청하시거나 영등포구청 일자리경제과(구청 별관 A동 1층)로 방문하셔서 서류 제출 후 신청하실 수 있습니다
WLF00006518,플랫폼 배달노동자 산재보험 지원,basfrm,2026-07-28T14:32:12.057332+00:00,2,플랫폼 배달노동자 산재보험료 지원 신청서,https://www.bokjiro.go.kr/ssis-tbu/CmmFileUtil/siteQnaInfoDownload.do?atcflId=20260619UUWBM1706530197844685&atcflSn=1,form_download,4,현금지급,2,전용 메일 (ydpnodong@ydp.go.kr)로 서류 제출하여 신청하시거나 영등포구청 일자리경제과(구청 별관 A동 1층)로 방문하셔서 서류 제출 후 신청하실 수 있습니다
WLF00006518,플랫폼 배달노동자 산재보험 지원,basfrm,2026-07-28T14:32:12.057332+00:00,3,신분증,,,4,현금지급,2,전용 메일 (ydpnodong@ydp.go.kr)로 서류 제출하여 신청하시거나 영등포구청 일자리경제과(구청 별관 A동 1층)로 방문하셔서 서류 제출 후 신청하실 수 있습니다
WLF00006518,플랫폼 배달노동자 산재보험 지원,basfrm,2026-07-28T14:32:12.057332+00:00,4,주민등록등본,https://www.gov.kr/mw/AA020InfoCappView.do?CappBizCD=13100000015,certificate_issuance,4,현금지급,2,전용 메일 (ydpnodong@ydp.go.kr)로 서류 제출하여 신청하시거나 영등포구청 일자리경제과(구청 별관 A동 1층)로 방문하셔서 서류 제출 후 신청하실 수 있습니다
WLF00006588,타시도소재 학교 신입생 입학준비금 지원,basfrm,2026-07-28T14:32:12.057332+00:00,1,입학지원금 신청서,https://www.bokjiro.go.kr/ssis-tbu/CmmFileUtil/siteQnaInfoDownload.do?atcflId=20260715UUWBM1409550201289101&atcflSn=1,form_download,3,기타,2,"교육지원과 신청서류 제출(방문 또는 담당자 이메일) - 신청서류: 지원신청서, 주민등록등본, 입학증명서(또는 학생증)"
WLF00006588,타시도소재 학교 신입생 입학준비금 지원,basfrm,2026-07-28T14:32:12.057332+00:00,2,주민등록등본,https://www.gov.kr/mw/AA020InfoCappView.do?CappBizCD=13100000015,certificate_issuance,3,기타,2,"교육지원과 신청서류 제출(방문 또는 담당자 이메일) - 신청서류: 지원신청서, 주민등록등본, 입학증명서(또는 학생증)"
WLF00006588,타시도소재 학교 신입생 입학준비금 지원,basfrm,2026-07-28T14:32:12.057332+00:00,3,입학증명서,,,3,기타,2,"교육지원과 신청서류 제출(방문 또는 담당자 이메일) - 신청서류: 지원신청서, 주민등록등본, 입학증명서(또는 학생증)"
WLF00006643,성동구 미숙아 호흡기세포융합바이러스 예방접종비 지원,basfrm,2026-07-28T14:32:12.057332+00:00,1,미숙아 호흡기세포융합바이러스 예방접종비 지원 신청서,https://www.bokjiro.go.kr/ssis-tbu/CmmFileUtil/siteQnaInfoDownload.do?atcflId=20260721UUWBM1129490201855198&atcflSn=1,form_download,3,현금지급,1,온라인 신청(성동구청 신속예약 누리집) 또는 방문신청
WLF00006643,성동구 미숙아 호흡기세포융합바이러스 예방접종비 지원,basfrm,2026-07-28T14:32:12.057332+00:00,2,신분증,,,3,현금지급,1,온라인 신청(성동구청 신속예약 누리집) 또는 방문신청
WLF00006643,성동구 미숙아 호흡기세포융합바이러스 예방접종비 지원,basfrm,2026-07-28T14:32:12.057332+00:00,3,주민등록등본,https://www.gov.kr/mw/AA020InfoCappView.do?CappBizCD=13100000015,certificate_issuance,3,현금지급,1,온라인 신청(성동구청 신속예약 누리집) 또는 방문신청
WLF00006656,관악구 한의약 난임치료 지원 사업,basfrm,2026-07-28T14:32:12.057332+00:00,1,관악형 한의약 난임치료 지원 신청서,https://www.bokjiro.go.kr/ssis-tbu/CmmFileUtil/siteQnaInfoDownload.do?atcflId=20260721UUWBM0937590201821904&atcflSn=1,form_download,6,기타,3,"- 집중 치료 최소 1개월 이상, 최대 3개월 한약 비용의 90% 지원(1인 120만원), 10% 본인 부담 ※ 기초생활수급자 및 차상위 계층 100% 전액 지원- 치료기간: 3개월(집중 치료)+2개월(관찰 기간)-"
WLF00006656,관악구 한의약 난임치료 지원 사업,basfrm,2026-07-28T14:32:12.057332+00:00,2,개인정보 수집·이용 동의서,,,6,기타,3,"- 집중 치료 최소 1개월 이상, 최대 3개월 한약 비용의 90% 지원(1인 120만원), 10% 본인 부담 ※ 기초생활수급자 및 차상위 계층 100% 전액 지원- 치료기간: 3개월(집중 치료)+2개월(관찰 기간)-"
WLF00006656,관악구 한의약 난임치료 지원 사업,basfrm,2026-07-28T14:32:12.057332+00:00,3,한의약 난임치료 동의서(사실혼관계),,,6,기타,3,"- 집중 치료 최소 1개월 이상, 최대 3개월 한약 비용의 90% 지원(1인 120만원), 10% 본인 부담 ※ 기초생활수급자 및 차상위 계층 100% 전액 지원- 치료기간: 3개월(집중 치료)+2개월(관찰 기간)-"
WLF00006656,관악구 한의약 난임치료 지원 사업,basfrm,2026-07-28T14:32:12.057332+00:00,4,신분증,,,6,기타,3,"- 집중 치료 최소 1개월 이상, 최대 3개월 한약 비용의 90% 지원(1인 120만원), 10% 본인 부담 ※ 기초생활수급자 및 차상위 계층 100% 전액 지원- 치료기간: 3개월(집중 치료)+2개월(관찰 기간)-"
WLF00006656,관악구 한의약 난임치료 지원 사업,basfrm,2026-07-28T14:32:12.057332+00:00,5,주민등록등본,https://www.gov.kr/mw/AA020InfoCappView.do?CappBizCD=13100000015,certificate_issuance,6,기타,3,"- 집중 치료 최소 1개월 이상, 최대 3개월 한약 비용의 90% 지원(1인 120만원), 10% 본인 부담 ※ 기초생활수급자 및 차상위 계층 100% 전액 지원- 치료기간: 3개월(집중 치료)+2개월(관찰 기간)-"
WLF00006656,관악구 한의약 난임치료 지원 사업,basfrm,2026-07-28T14:32:12.057332+00:00,6,진단서,,,6,기타,3,"- 집중 치료 최소 1개월 이상, 최대 3개월 한약 비용의 90% 지원(1인 120만원), 10% 본인 부담 ※ 기초생활수급자 및 차상위 계층 100% 전액 지원- 치료기간: 3개월(집중 치료)+2개월(관찰 기간)-"
WLF00006680,발달장애인 배상책임보험(생활안심보험) 가입 지원,basfrm,2026-07-28T14:38:03.506973+00:00,1,발달장애인 배상책임보험 신청서,,,5,기타,2,"보험사는 DB손해보험이며 사고가 발생하면 발달장애인 본인 또는 보호자가 전용 상담창구(☎02-2038-0828, 자동응답전화 ①번)를 통해 직접 사고를 접수하고 보험금을 청구해야 함"
WLF00006680,발달장애인 배상책임보험(생활안심보험) 가입 지원,basfrm,2026-07-28T14:38:03.506973+00:00,2,개인정보 수집·이용 동의서,,,5,기타,2,"보험사는 DB손해보험이며 사고가 발생하면 발달장애인 본인 또는 보호자가 전용 상담창구(☎02-2038-0828, 자동응답전화 ①번)를 통해 직접 사고를 접수하고 보험금을 청구해야 함"
WLF00006680,발달장애인 배상책임보험(생활안심보험) 가입 지원,basfrm,2026-07-28T14:38:03.506973+00:00,3,신분증,,,5,기타,2,"보험사는 DB손해보험이며 사고가 발생하면 발달장애인 본인 또는 보호자가 전용 상담창구(☎02-2038-0828, 자동응답전화 ①번)를 통해 직접 사고를 접수하고 보험금을 청구해야 함"
WLF00006680,발달장애인 배상책임보험(생활안심보험) 가입 지원,basfrm,2026-07-28T14:38:03.506973+00:00,4,장애인등록증,https://www.gov.kr,certificate_issuance,5,기타,2,"보험사는 DB손해보험이며 사고가 발생하면 발달장애인 본인 또는 보호자가 전용 상담창구(☎02-2038-0828, 자동응답전화 ①번)를 통해 직접 사고를 접수하고 보험금을 청구해야 함"
WLF00006680,발달장애인 배상책임보험(생활안심보험) 가입 지원,basfrm,2026-07-28T14:38:03.506973+00:00,5,주민등록등본,https://www.gov.kr/mw/AA020InfoCappView.do?CappBizCD=13100000015,certificate_issuance,5,기타,2,"보험사는 DB손해보험이며 사고가 발생하면 발달장애인 본인 또는 보호자가 전용 상담창구(☎02-2038-0828, 자동응답전화 ①번)를 통해 직접 사고를 접수하고 보험금을 청구해야 함"
WLF00000022,산재근로자 사회심리재활지원,generic_fallback,2026-07-28T13:24:04.878341+00:00,1,신분증,,,2,현물지급,1,"신청기관연락처목록: 거주지 읍/면/동 주민센터, 근로복지공단에서 ‘서비스 신청’ 조사기관연락처목록: 담당 시/군/구청 또는 근로복지공단에서 조사 및 심사 결정기관연락처목록: 담당 시/군/구청 또는 근로복지공단에서 보"
WLF00000022,산재근로자 사회심리재활지원,generic_fallback,2026-07-28T13:24:04.878341+00:00,2,신청서,,,2,현물지급,1,"신청기관연락처목록: 거주지 읍/면/동 주민센터, 근로복지공단에서 ‘서비스 신청’ 조사기관연락처목록: 담당 시/군/구청 또는 근로복지공단에서 조사 및 심사 결정기관연락처목록: 담당 시/군/구청 또는 근로복지공단에서 보"
WLF00000023,농어가목돈마련저축 저축장려금 지급,generic_fallback,2026-07-28T13:23:55.594458+00:00,1,신분증,,,3,현금지급,0,"신청기관연락처목록: 거주지 읍/면/동 주민센터, 관할 취급기관(농협, 축협, 수협 및 산림조합)에서 ‘서비스 신청’ 조사기관연락처목록: 담당 시/군/구청 또는 위탁 저축기관에서 조사 및 심사 결정기관연락처목록: 담당"
WLF00000023,농어가목돈마련저축 저축장려금 지급,generic_fallback,2026-07-28T13:23:55.594458+00:00,2,신청서,,,3,현금지급,0,"신청기관연락처목록: 거주지 읍/면/동 주민센터, 관할 취급기관(농협, 축협, 수협 및 산림조합)에서 ‘서비스 신청’ 조사기관연락처목록: 담당 시/군/구청 또는 위탁 저축기관에서 조사 및 심사 결정기관연락처목록: 담당"
WLF00000023,농어가목돈마련저축 저축장려금 지급,generic_fallback,2026-07-28T13:23:55.594458+00:00,3,통장사본,,,3,현금지급,0,"신청기관연락처목록: 거주지 읍/면/동 주민센터, 관할 취급기관(농협, 축협, 수협 및 산림조합)에서 ‘서비스 신청’ 조사기관연락처목록: 담당 시/군/구청 또는 위탁 저축기관에서 조사 및 심사 결정기관연락처목록: 담당"
WLF00000027,장애인 운전교육 사업,generic_fallback,2026-07-28T13:24:04.878341+00:00,1,신분증,,,2,프로그램/서비스(서비스),0,"신청기관연락처목록: 거주지 읍/면/동 주민센터, 국립재활원에서 ‘서비스 신청’ 조사기관연락처목록: 담당 시/군/구청 또는 국립재활원에서 조사 및 심사 결정기관연락처목록: 담당 시/군/구청 또는 국립재활원에서 보장 결"
WLF00000027,장애인 운전교육 사업,generic_fallback,2026-07-28T13:24:04.878341+00:00,2,신청서,,,2,프로그램/서비스(서비스),0,"신청기관연락처목록: 거주지 읍/면/동 주민센터, 국립재활원에서 ‘서비스 신청’ 조사기관연락처목록: 담당 시/군/구청 또는 국립재활원에서 조사 및 심사 결정기관연락처목록: 담당 시/군/구청 또는 국립재활원에서 보장 결"
WLF00000028,공동육아나눔터 운영,generic_fallback,2026-07-28T13:24:04.878341+00:00,1,신분증,,,2,프로그램/서비스(서비스),1,조사기관연락처목록: 담당 시/군/구청 또는 수급자 선정방식 아니므로 조사 절차 없음에서 조사 및 심사 결정기관연락처목록: 담당 시/군/구청 또는 수급자 선정방식 아니므로 결정기관 없음에서 보장 결정 지급기관연락처목록
WLF00000028,공동육아나눔터 운영,generic_fallback,2026-07-28T13:24:04.878341+00:00,2,신청서,,,2,프로그램/서비스(서비스),1,조사기관연락처목록: 담당 시/군/구청 또는 수급자 선정방식 아니므로 조사 절차 없음에서 조사 및 심사 결정기관연락처목록: 담당 시/군/구청 또는 수급자 선정방식 아니므로 결정기관 없음에서 보장 결정 지급기관연락처목록
WLF00000030,육아종합지원서비스 제공,generic_fallback,2026-07-28T13:24:04.878341+00:00,1,신분증,,,2,프로그램/서비스(서비스),1,조사기관연락처목록: 담당 시/군/구청 또는 교육부 영유아정책총괄과에서 조사 및 심사 결정기관연락처목록: 담당 시/군/구청 또는 교육부 영유아정책총괄과에서 보장 결정 지급기관연락처목록: 담당 시/군/구청 또는 중앙(교
WLF00000030,육아종합지원서비스 제공,generic_fallback,2026-07-28T13:24:04.878341+00:00,2,신청서,,,2,프로그램/서비스(서비스),1,조사기관연락처목록: 담당 시/군/구청 또는 교육부 영유아정책총괄과에서 조사 및 심사 결정기관연락처목록: 담당 시/군/구청 또는 교육부 영유아정책총괄과에서 보장 결정 지급기관연락처목록: 담당 시/군/구청 또는 중앙(교
WLF00000031,노후준비서비스,generic_fallback,2026-07-28T13:24:04.878341+00:00,1,신분증,,,2,프로그램/서비스(서비스),0,조사기관연락처목록: 담당 시/군/구청 또는 광역 및 지역노후준비지원센터에서 조사 및 심사 결정기관연락처목록: 담당 시/군/구청 또는 광역 및 지역노후준비지원센터에서 보장 결정 이의신청접수기관연락처목록: 이의가 있을 
WLF00000031,노후준비서비스,generic_fallback,2026-07-28T13:24:04.878341+00:00,2,신청서,,,2,프로그램/서비스(서비스),0,조사기관연락처목록: 담당 시/군/구청 또는 광역 및 지역노후준비지원센터에서 조사 및 심사 결정기관연락처목록: 담당 시/군/구청 또는 광역 및 지역노후준비지원센터에서 보장 결정 이의신청접수기관연락처목록: 이의가 있을 
WLF00000032,실종아동 등 보호 및 지원,generic_fallback,2026-07-28T13:24:19.267373+00:00,1,신분증,,,2,프로그램/서비스(서비스),1,조사기관연락처목록: 담당 시/군/구청 또는 실종아동전문기관에서 조사 및 심사 결정기관연락처목록: 담당 시/군/구청 또는 실종아동전문기관에서 보장 결정 지급기관연락처목록: 담당 시/군/구청 또는 실종아동전문기관에서 대
WLF00000032,실종아동 등 보호 및 지원,generic_fallback,2026-07-28T13:24:19.267373+00:00,2,신청서,,,2,프로그램/서비스(서비스),1,조사기관연락처목록: 담당 시/군/구청 또는 실종아동전문기관에서 조사 및 심사 결정기관연락처목록: 담당 시/군/구청 또는 실종아동전문기관에서 보장 결정 지급기관연락처목록: 담당 시/군/구청 또는 실종아동전문기관에서 대
WLF00000036,주거취약계층 주거상향 지원사업,generic_fallback,2026-07-28T13:29:47.132375+00:00,1,신분증,,,2,기타,2,"신청기관연락처목록: 거주지 읍/면/동 주민센터, 전국 광역지자체에서 ‘서비스 신청’ 신청기관연락처목록: 거주지 읍/면/동 주민센터, 전국 기초지자체에서 ‘서비스 신청’ 신청기관연락처목록: 거주지 읍/면/동 주민센터,"
WLF00000036,주거취약계층 주거상향 지원사업,generic_fallback,2026-07-28T13:29:47.132375+00:00,2,신청서,,,2,기타,2,"신청기관연락처목록: 거주지 읍/면/동 주민센터, 전국 광역지자체에서 ‘서비스 신청’ 신청기관연락처목록: 거주지 읍/면/동 주민센터, 전국 기초지자체에서 ‘서비스 신청’ 신청기관연락처목록: 거주지 읍/면/동 주민센터,"
WLF00000038,독립유공자 제수비 지급,generic_fallback,2026-07-28T13:29:47.132375+00:00,1,신분증,,,3,현금지급,0,"신청기관연락처목록: 거주지 읍/면/동 주민센터, 보훈(지)청에서 ‘서비스 신청’ 조사기관연락처목록: 담당 시/군/구청 또는 지방보훈관서에서 조사 및 심사 결정기관연락처목록: 담당 시/군/구청 또는 지방보훈관서에서 보"
WLF00000038,독립유공자 제수비 지급,generic_fallback,2026-07-28T13:29:47.132375+00:00,2,신청서,,,3,현금지급,0,"신청기관연락처목록: 거주지 읍/면/동 주민센터, 보훈(지)청에서 ‘서비스 신청’ 조사기관연락처목록: 담당 시/군/구청 또는 지방보훈관서에서 조사 및 심사 결정기관연락처목록: 담당 시/군/구청 또는 지방보훈관서에서 보"
WLF00000038,독립유공자 제수비 지급,generic_fallback,2026-07-28T13:29:47.132375+00:00,3,통장사본,,,3,현금지급,0,"신청기관연락처목록: 거주지 읍/면/동 주민센터, 보훈(지)청에서 ‘서비스 신청’ 조사기관연락처목록: 담당 시/군/구청 또는 지방보훈관서에서 조사 및 심사 결정기관연락처목록: 담당 시/군/구청 또는 지방보훈관서에서 보"
WLF00000040,선천성대사이상 검사 및 환아관리,generic_fallback,2026-07-28T13:29:47.132375+00:00,1,신분증,,,3,"현금지급, 현물지급",1,"신청기관연락처목록: 거주지 읍/면/동 주민센터, 보건소에서 ‘서비스 신청’ 조사기관연락처목록: 담당 시/군/구청 또는 보건소에서 조사 및 심사 결정기관연락처목록: 담당 시/군/구청 또는 보건소에서 보장 결정 지급기관"
WLF00000040,선천성대사이상 검사 및 환아관리,generic_fallback,2026-07-28T13:29:47.132375+00:00,2,신청서,,,3,"현금지급, 현물지급",1,"신청기관연락처목록: 거주지 읍/면/동 주민센터, 보건소에서 ‘서비스 신청’ 조사기관연락처목록: 담당 시/군/구청 또는 보건소에서 조사 및 심사 결정기관연락처목록: 담당 시/군/구청 또는 보건소에서 보장 결정 지급기관"
WLF00000040,선천성대사이상 검사 및 환아관리,generic_fallback,2026-07-28T13:29:47.132375+00:00,3,통장사본,,,3,"현금지급, 현물지급",1,"신청기관연락처목록: 거주지 읍/면/동 주민센터, 보건소에서 ‘서비스 신청’ 조사기관연락처목록: 담당 시/군/구청 또는 보건소에서 조사 및 심사 결정기관연락처목록: 담당 시/군/구청 또는 보건소에서 보장 결정 지급기관"
WLF00000048,국가유공자등대부지원,generic_fallback,2026-07-28T13:29:47.132375+00:00,1,신분증,,,2,현금대여(융자),1,"신청기관연락처목록: 거주지 읍/면/동 주민센터, 보훈(지)청 부실채권양수,위탁:위탁금융기관에서 ‘서비스 신청’ 조사기관연락처목록: 담당 시/군/구청 또는 보훈(지)청 위탁:위탁금융기관에서 조사 및 심사 결정기관연락처"
WLF00000048,국가유공자등대부지원,generic_fallback,2026-07-28T13:29:47.132375+00:00,2,신청서,,,2,현금대여(융자),1,"신청기관연락처목록: 거주지 읍/면/동 주민센터, 보훈(지)청 부실채권양수,위탁:위탁금융기관에서 ‘서비스 신청’ 조사기관연락처목록: 담당 시/군/구청 또는 보훈(지)청 위탁:위탁금융기관에서 조사 및 심사 결정기관연락처"
WLF00000052,인문100년장학금,generic_fallback,2026-07-28T13:29:47.132375+00:00,1,신분증,,,3,현금지급,1,"신청기관연락처목록: 거주지 읍/면/동 주민센터, 한국장학재단 홈페이지에서 ‘서비스 신청’ 조사기관연락처목록: 담당 시/군/구청 또는 한국장학재단 홈페이지에서 조사 및 심사 결정기관연락처목록: 담당 시/군/구청 또는 "
WLF00000052,인문100년장학금,generic_fallback,2026-07-28T13:29:47.132375+00:00,2,신청서,,,3,현금지급,1,"신청기관연락처목록: 거주지 읍/면/동 주민센터, 한국장학재단 홈페이지에서 ‘서비스 신청’ 조사기관연락처목록: 담당 시/군/구청 또는 한국장학재단 홈페이지에서 조사 및 심사 결정기관연락처목록: 담당 시/군/구청 또는 "
WLF00000052,인문100년장학금,generic_fallback,2026-07-28T13:29:47.132375+00:00,3,통장사본,,,3,현금지급,1,"신청기관연락처목록: 거주지 읍/면/동 주민센터, 한국장학재단 홈페이지에서 ‘서비스 신청’ 조사기관연락처목록: 담당 시/군/구청 또는 한국장학재단 홈페이지에서 조사 및 심사 결정기관연락처목록: 담당 시/군/구청 또는 "
WLF00000057,공공분양,generic_fallback,2026-07-28T13:29:47.132375+00:00,1,신분증,,,2,현물지급,2,"신청기관연락처목록: 거주지 읍/면/동 주민센터, 한국토지주택공사, 지방공사(SH공사, 경기도시공사 등)에서 ‘서비스 신청’ 조사기관연락처목록: 담당 시/군/구청 또는 한국토지주택공사, 지방공사(SH공사, 경기도시공사"
WLF00000057,공공분양,generic_fallback,2026-07-28T13:29:47.132375+00:00,2,신청서,,,2,현물지급,2,"신청기관연락처목록: 거주지 읍/면/동 주민센터, 한국토지주택공사, 지방공사(SH공사, 경기도시공사 등)에서 ‘서비스 신청’ 조사기관연락처목록: 담당 시/군/구청 또는 한국토지주택공사, 지방공사(SH공사, 경기도시공사"
WLF00000059,희망복지지원단 통합사례관리,generic_fallback,2026-07-28T13:29:47.132375+00:00,1,신분증,,,2,프로그램/서비스(서비스),1,"결정기관연락처목록: 담당 시/군/구청 또는 행정주민센터에서 보장 결정 신청기관연락처목록: 거주지 읍/면/동 주민센터, 읍면동 주민센터에서 ‘서비스 신청’ 조사기관연락처목록: 담당 시/군/구청 또는 희망복지지원단에서 "
WLF00000059,희망복지지원단 통합사례관리,generic_fallback,2026-07-28T13:29:47.132375+00:00,2,신청서,,,2,프로그램/서비스(서비스),1,"결정기관연락처목록: 담당 시/군/구청 또는 행정주민센터에서 보장 결정 신청기관연락처목록: 거주지 읍/면/동 주민센터, 읍면동 주민센터에서 ‘서비스 신청’ 조사기관연락처목록: 담당 시/군/구청 또는 희망복지지원단에서 "
WLF00000060,청년내일저축계좌,generic_fallback,2026-07-28T13:29:47.132375+00:00,1,신분증,,,3,현금지급,2,"신청기관연락처목록: 거주지 읍/면/동 주민센터, 주민센터 또는 복지로 웹사이트(PC/모바일앱)에서 ‘서비스 신청’ 신청기관연락처목록: 거주지 읍/면/동 주민센터, 복지로(www.bokjiro.go.kr) 또는 복지로"
WLF00000060,청년내일저축계좌,generic_fallback,2026-07-28T13:29:47.132375+00:00,2,신청서,,,3,현금지급,2,"신청기관연락처목록: 거주지 읍/면/동 주민센터, 주민센터 또는 복지로 웹사이트(PC/모바일앱)에서 ‘서비스 신청’ 신청기관연락처목록: 거주지 읍/면/동 주민센터, 복지로(www.bokjiro.go.kr) 또는 복지로"
WLF00000060,청년내일저축계좌,generic_fallback,2026-07-28T13:29:47.132375+00:00,3,통장사본,,,3,현금지급,2,"신청기관연락처목록: 거주지 읍/면/동 주민센터, 주민센터 또는 복지로 웹사이트(PC/모바일앱)에서 ‘서비스 신청’ 신청기관연락처목록: 거주지 읍/면/동 주민센터, 복지로(www.bokjiro.go.kr) 또는 복지로"
WLF00000066,장애인 집합 정보화교육,generic_fallback,2026-07-28T13:29:47.132375+00:00,1,신분증,,,2,프로그램/서비스(서비스),0,"신청기관연락처목록: 거주지 읍/면/동 주민센터, 17개 광역시·도에서 선정한 교육기관(집합 교육)에서 ‘서비스 신청’ 조사기관연락처목록: 담당 시/군/구청 또는 17개 광역시·도(교육기관 선정)에서 조사 및 심사 결"
WLF00000066,장애인 집합 정보화교육,generic_fallback,2026-07-28T13:29:47.132375+00:00,2,신청서,,,2,프로그램/서비스(서비스),0,"신청기관연락처목록: 거주지 읍/면/동 주민센터, 17개 광역시·도에서 선정한 교육기관(집합 교육)에서 ‘서비스 신청’ 조사기관연락처목록: 담당 시/군/구청 또는 17개 광역시·도(교육기관 선정)에서 조사 및 심사 결"
WLF00000072,에너지바우처,generic_fallback,2026-07-28T13:29:47.132375+00:00,1,신분증,,,2,전자바우처(바우처),3,"신청기관연락처목록: 거주지 읍/면/동 주민센터, 주민등록상 거주지 읍면동 행정복지센터 또는 복지로 웹사이트(PC/모바일앱)에서 ‘서비스 신청’ 조사기관연락처목록: 담당 시/군/구청 또는 해당없음에서 조사 및 심사 결"
WLF00000072,에너지바우처,generic_fallback,2026-07-28T13:29:47.132375+00:00,2,신청서,,,2,전자바우처(바우처),3,"신청기관연락처목록: 거주지 읍/면/동 주민센터, 주민등록상 거주지 읍면동 행정복지센터 또는 복지로 웹사이트(PC/모바일앱)에서 ‘서비스 신청’ 조사기관연락처목록: 담당 시/군/구청 또는 해당없음에서 조사 및 심사 결"
WLF00000074,양곡할인,generic_fallback,2026-07-28T13:29:47.132375+00:00,1,신분증,,,2,현물지급,1,"신청기관연락처목록: 거주지 읍/면/동 주민센터, 읍면동 에서 ‘서비스 신청’ 조사기관연락처목록: 담당 시/군/구청 또는 읍면동 에서 조사 및 심사 결정기관연락처목록: 담당 시/군/구청 또는 읍면동 에서 보장 결정 이"
WLF00000074,양곡할인,generic_fallback,2026-07-28T13:29:47.132375+00:00,2,신청서,,,2,현물지급,1,"신청기관연락처목록: 거주지 읍/면/동 주민센터, 읍면동 에서 ‘서비스 신청’ 조사기관연락처목록: 담당 시/군/구청 또는 읍면동 에서 조사 및 심사 결정기관연락처목록: 담당 시/군/구청 또는 읍면동 에서 보장 결정 이"
WLF00000077,원폭피해자지원,generic_fallback,2026-07-28T13:34:47.114419+00:00,1,신분증,,,3,현금지급,0,"지급기관연락처목록: 담당 시/군/구청 또는 대한적십자 에서 대상자에게 서비스 제공 신청기관연락처목록: 거주지 읍/면/동 주민센터, 대한적십자 에서 ‘서비스 신청’ 조사기관연락처목록: 담당 시/군/구청 또는 대한적십자"
WLF00000077,원폭피해자지원,generic_fallback,2026-07-28T13:34:47.114419+00:00,2,신청서,,,3,현금지급,0,"지급기관연락처목록: 담당 시/군/구청 또는 대한적십자 에서 대상자에게 서비스 제공 신청기관연락처목록: 거주지 읍/면/동 주민센터, 대한적십자 에서 ‘서비스 신청’ 조사기관연락처목록: 담당 시/군/구청 또는 대한적십자"
WLF00000077,원폭피해자지원,generic_fallback,2026-07-28T13:34:47.114419+00:00,3,통장사본,,,3,현금지급,0,"지급기관연락처목록: 담당 시/군/구청 또는 대한적십자 에서 대상자에게 서비스 제공 신청기관연락처목록: 거주지 읍/면/동 주민센터, 대한적십자 에서 ‘서비스 신청’ 조사기관연락처목록: 담당 시/군/구청 또는 대한적십자"
WLF00000086,(북한이탈주민) 탈북청소년 교육지원,generic_fallback,2026-07-28T13:29:47.132375+00:00,1,신분증,,,3,"프로그램/서비스(서비스), 현금지급",1,"신청기관연락처목록: 거주지 읍/면/동 주민센터, 남북하나재단에서 ‘서비스 신청’ 조사기관연락처목록: 담당 시/군/구청 또는 남북하나재단에서 조사 및 심사 결정기관연락처목록: 담당 시/군/구청 또는 남북하나재단에서 보"
WLF00000086,(북한이탈주민) 탈북청소년 교육지원,generic_fallback,2026-07-28T13:29:47.132375+00:00,2,신청서,,,3,"프로그램/서비스(서비스), 현금지급",1,"신청기관연락처목록: 거주지 읍/면/동 주민센터, 남북하나재단에서 ‘서비스 신청’ 조사기관연락처목록: 담당 시/군/구청 또는 남북하나재단에서 조사 및 심사 결정기관연락처목록: 담당 시/군/구청 또는 남북하나재단에서 보"
WLF00000086,(북한이탈주민) 탈북청소년 교육지원,generic_fallback,2026-07-28T13:29:47.132375+00:00,3,통장사본,,,3,"프로그램/서비스(서비스), 현금지급",1,"신청기관연락처목록: 거주지 읍/면/동 주민센터, 남북하나재단에서 ‘서비스 신청’ 조사기관연락처목록: 담당 시/군/구청 또는 남북하나재단에서 조사 및 심사 결정기관연락처목록: 담당 시/군/구청 또는 남북하나재단에서 보"
WLF00000089,다함께 돌봄 사업,generic_fallback,2026-07-28T13:29:47.132375+00:00,1,신분증,,,2,프로그램/서비스(서비스),1,"신청기관연락처목록: 거주지 읍/면/동 주민센터, 다함께돌봄센터에서 ‘서비스 신청’ 조사기관연락처목록: 담당 시/군/구청 또는 보건복지부 및 광역 시도에서 조사 및 심사 결정기관연락처목록: 담당 시/군/구청 또는 서비"
WLF00000089,다함께 돌봄 사업,generic_fallback,2026-07-28T13:29:47.132375+00:00,2,신청서,,,2,프로그램/서비스(서비스),1,"신청기관연락처목록: 거주지 읍/면/동 주민센터, 다함께돌봄센터에서 ‘서비스 신청’ 조사기관연락처목록: 담당 시/군/구청 또는 보건복지부 및 광역 시도에서 조사 및 심사 결정기관연락처목록: 담당 시/군/구청 또는 서비"
WLF00000090,대학의 장애학생지원센터 운영 지원,generic_fallback,2026-07-28T13:29:47.132375+00:00,1,신분증,,,2,기타,0,"신청기관연락처목록: 거주지 읍/면/동 주민센터, 한국대학교육협의회에서 ‘서비스 신청’ 조사기관연락처목록: 담당 시/군/구청 또는 대학에서 조사 및 심사 결정기관연락처목록: 담당 시/군/구청 또는 한국대학교육협의회에서"
WLF00000090,대학의 장애학생지원센터 운영 지원,generic_fallback,2026-07-28T13:29:47.132375+00:00,2,신청서,,,2,기타,0,"신청기관연락처목록: 거주지 읍/면/동 주민센터, 한국대학교육협의회에서 ‘서비스 신청’ 조사기관연락처목록: 담당 시/군/구청 또는 대학에서 조사 및 심사 결정기관연락처목록: 담당 시/군/구청 또는 한국대학교육협의회에서"
WLF00000092,저소득층 기저귀·조제분유 지원,generic_fallback,2026-07-28T13:29:47.132375+00:00,1,신분증,,,2,전자바우처(바우처),1,"신청기관연락처목록: 거주지 읍/면/동 주민센터, 보건소 또는 복지로 웹사이트(PC/모바일앱)에서 ‘서비스 신청’ 신청기관연락처목록: 거주지 읍/면/동 주민센터, 주민센터 또는 복지로 웹사이트(PC/모바일앱)에서 ‘서"
WLF00000092,저소득층 기저귀·조제분유 지원,generic_fallback,2026-07-28T13:29:47.132375+00:00,2,신청서,,,2,전자바우처(바우처),1,"신청기관연락처목록: 거주지 읍/면/동 주민센터, 보건소 또는 복지로 웹사이트(PC/모바일앱)에서 ‘서비스 신청’ 신청기관연락처목록: 거주지 읍/면/동 주민센터, 주민센터 또는 복지로 웹사이트(PC/모바일앱)에서 ‘서"
WLF00000099,저소득장애인 진단서 발급비 및 검사비 지원사업,generic_fallback,2026-07-28T13:29:47.132375+00:00,1,신분증,,,3,현금지급,1,"신청기관연락처목록: 거주지 읍/면/동 주민센터, 읍면동에서 ‘서비스 신청’ 조사기관연락처목록: 담당 시/군/구청 또는 시군구에서 조사 및 심사 결정기관연락처목록: 담당 시/군/구청 또는 시군구에서 보장 결정 지급기관"
WLF00000099,저소득장애인 진단서 발급비 및 검사비 지원사업,generic_fallback,2026-07-28T13:29:47.132375+00:00,2,신청서,,,3,현금지급,1,"신청기관연락처목록: 거주지 읍/면/동 주민센터, 읍면동에서 ‘서비스 신청’ 조사기관연락처목록: 담당 시/군/구청 또는 시군구에서 조사 및 심사 결정기관연락처목록: 담당 시/군/구청 또는 시군구에서 보장 결정 지급기관"
WLF00000099,저소득장애인 진단서 발급비 및 검사비 지원사업,generic_fallback,2026-07-28T13:29:47.132375+00:00,3,통장사본,,,3,현금지급,1,"신청기관연락처목록: 거주지 읍/면/동 주민센터, 읍면동에서 ‘서비스 신청’ 조사기관연락처목록: 담당 시/군/구청 또는 시군구에서 조사 및 심사 결정기관연락처목록: 담당 시/군/구청 또는 시군구에서 보장 결정 지급기관"
WLF00000102,의료급여(의료급여),generic_fallback,2026-07-28T13:29:47.132375+00:00,1,신분증,,,3,"현금지급, 현물지급",1,"신청기관연락처목록: 거주지 읍/면/동 주민센터, 시군구에서 ‘서비스 신청’ 조사기관연락처목록: 담당 시/군/구청 또는 시군구에서 조사 및 심사 결정기관연락처목록: 담당 시/군/구청 또는 시군구에서 보장 결정 지급기관"
WLF00000102,의료급여(의료급여),generic_fallback,2026-07-28T13:29:47.132375+00:00,2,신청서,,,3,"현금지급, 현물지급",1,"신청기관연락처목록: 거주지 읍/면/동 주민센터, 시군구에서 ‘서비스 신청’ 조사기관연락처목록: 담당 시/군/구청 또는 시군구에서 조사 및 심사 결정기관연락처목록: 담당 시/군/구청 또는 시군구에서 보장 결정 지급기관"
WLF00000102,의료급여(의료급여),generic_fallback,2026-07-28T13:29:47.132375+00:00,3,통장사본,,,3,"현금지급, 현물지급",1,"신청기관연락처목록: 거주지 읍/면/동 주민센터, 시군구에서 ‘서비스 신청’ 조사기관연락처목록: 담당 시/군/구청 또는 시군구에서 조사 및 심사 결정기관연락처목록: 담당 시/군/구청 또는 시군구에서 보장 결정 지급기관"
WLF00000664,독거노인 사회안전망강화 사업,generic_fallback,2026-07-28T13:34:47.114419+00:00,1,신분증,,,2,현물지급,1,
WLF00000664,독거노인 사회안전망강화 사업,generic_fallback,2026-07-28T13:34:47.114419+00:00,2,신청서,,,2,현물지급,1,
WLF00000692,장애인활동지원 구비추가지원사업,generic_fallback,2026-07-28T13:34:47.114419+00:00,1,신분증,,,2,전자바우처(바우처),1,"(신청) 거주지 관할 동주민센터 → (결정,통지) 자치구 → (기관) 대상자에게 서비스 시행(※ 신청 기간 별도 확인 필요)"
WLF00000692,장애인활동지원 구비추가지원사업,generic_fallback,2026-07-28T13:34:47.114419+00:00,2,신청서,,,2,전자바우처(바우처),1,"(신청) 거주지 관할 동주민센터 → (결정,통지) 자치구 → (기관) 대상자에게 서비스 시행(※ 신청 기간 별도 확인 필요)"
WLF00000695,여성취(창)업지원사업,generic_fallback,2026-07-28T13:34:47.114419+00:00,1,신분증,,,2,기타,1,
WLF00000695,여성취(창)업지원사업,generic_fallback,2026-07-28T13:34:47.114419+00:00,2,신청서,,,2,기타,1,
WLF00000696,저소득 노인 보행보조차 지원,generic_fallback,2026-07-28T13:34:47.114419+00:00,1,신분증,,,2,현물지급,1,1)신청방법 : 동주민센터로 지원 신청2)지급시기 : 매년 8~9월중3)지급방법 : 구 일괄구매하여 동 주민센터를 통해 전달
WLF00000696,저소득 노인 보행보조차 지원,generic_fallback,2026-07-28T13:34:47.114419+00:00,2,신청서,,,2,현물지급,1,1)신청방법 : 동주민센터로 지원 신청2)지급시기 : 매년 8~9월중3)지급방법 : 구 일괄구매하여 동 주민센터를 통해 전달
WLF00000697,저소득주민 위문사업,generic_fallback,2026-07-28T13:34:47.114419+00:00,1,신분증,,,3,현금지급,1,
WLF00000697,저소득주민 위문사업,generic_fallback,2026-07-28T13:34:47.114419+00:00,2,신청서,,,3,현금지급,1,
WLF00000697,저소득주민 위문사업,generic_fallback,2026-07-28T13:34:47.114419+00:00,3,통장사본,,,3,현금지급,1,
WLF00000698,건강음료비 지원,generic_fallback,2026-07-28T13:34:47.114419+00:00,1,신분증,,,2,현물지급,1,동 주민센터 업무 담당자에게 신청
WLF00000698,건강음료비 지원,generic_fallback,2026-07-28T13:34:47.114419+00:00,2,신청서,,,2,현물지급,1,동 주민센터 업무 담당자에게 신청
WLF00000725,장애인활동지원 구비추가,generic_fallback,2026-07-28T13:34:47.114419+00:00,1,신분증,,,2,전자바우처(바우처),1,동주민센터에 신청 후 익월 부터 사용 가능(국비보조 및 시비추가로 제공되는 활동보조 시간을 모두 소진한 후 사용)
WLF00000725,장애인활동지원 구비추가,generic_fallback,2026-07-28T13:34:47.114419+00:00,2,신청서,,,2,전자바우처(바우처),1,동주민센터에 신청 후 익월 부터 사용 가능(국비보조 및 시비추가로 제공되는 활동보조 시간을 모두 소진한 후 사용)
WLF00000726,저소득층 아동학습지 무료지원사업,generic_fallback,2026-07-28T13:34:47.114419+00:00,1,신분증,,,2,기타,1,- 맞춤형기초생활보장(생계급여)대상 가정의 아동(초등학교 2~6학년) 중 희망자가 거주지 동주민센터에 신청 - 예산범위 내에서 지원대상자 적합여부 선별 - 학습지업체 청구에 의거 학습지지원 대상 아동의 학습지 이용요
WLF00000726,저소득층 아동학습지 무료지원사업,generic_fallback,2026-07-28T13:34:47.114419+00:00,2,신청서,,,2,기타,1,- 맞춤형기초생활보장(생계급여)대상 가정의 아동(초등학교 2~6학년) 중 희망자가 거주지 동주민센터에 신청 - 예산범위 내에서 지원대상자 적합여부 선별 - 학습지업체 청구에 의거 학습지지원 대상 아동의 학습지 이용요
WLF00000730,기초생활보장수급자 노인 생신축하금 지급,generic_fallback,2026-07-28T13:34:47.114419+00:00,1,신분증,,,3,현금지급,1,
WLF00000730,기초생활보장수급자 노인 생신축하금 지급,generic_fallback,2026-07-28T13:34:47.114419+00:00,2,신청서,,,3,현금지급,1,
WLF00000730,기초생활보장수급자 노인 생신축하금 지급,generic_fallback,2026-07-28T13:34:47.114419+00:00,3,통장사본,,,3,현금지급,1,
WLF00000747,중장기복무 제대군인 무료법률 구조지원,generic_fallback,2026-07-28T13:34:47.114419+00:00,1,신분증,,,2,프로그램/서비스(서비스),1,"신청기관연락처목록: 거주지 읍/면/동 주민센터, 대한법률구조공단에서 ‘서비스 신청’ 조사기관연락처목록: 담당 시/군/구청 또는 대한법률구조공단에서 조사 및 심사 결정기관연락처목록: 담당 시/군/구청 또는 대한법률구조"
WLF00000747,중장기복무 제대군인 무료법률 구조지원,generic_fallback,2026-07-28T13:34:47.114419+00:00,2,신청서,,,2,프로그램/서비스(서비스),1,"신청기관연락처목록: 거주지 읍/면/동 주민센터, 대한법률구조공단에서 ‘서비스 신청’ 조사기관연락처목록: 담당 시/군/구청 또는 대한법률구조공단에서 조사 및 심사 결정기관연락처목록: 담당 시/군/구청 또는 대한법률구조"
WLF00000751,청소년복지시설 운영 지원,generic_fallback,2026-07-28T13:34:47.114419+00:00,1,신분증,,,2,시설입소,0,"신청기관연락처목록: 거주지 읍/면/동 주민센터, 지자체,청소년복지시설에서 ‘서비스 신청’ 조사기관연락처목록: 담당 시/군/구청 또는 지자체,청소년복지시설에서 조사 및 심사 결정기관연락처목록: 담당 시/군/구청 또는 "
WLF00000751,청소년복지시설 운영 지원,generic_fallback,2026-07-28T13:34:47.114419+00:00,2,신청서,,,2,시설입소,0,"신청기관연락처목록: 거주지 읍/면/동 주민센터, 지자체,청소년복지시설에서 ‘서비스 신청’ 조사기관연락처목록: 담당 시/군/구청 또는 지자체,청소년복지시설에서 조사 및 심사 결정기관연락처목록: 담당 시/군/구청 또는 "
WLF00000765,한부모가족문화체험행사,generic_fallback,2026-07-28T13:34:47.114419+00:00,1,신분증,,,2,프로그램/서비스(서비스),1,구청 및 동주민센터에서 저소득 한부모가정 아동 선정 및 직접 동주민센터 신청
WLF00000765,한부모가족문화체험행사,generic_fallback,2026-07-28T13:34:47.114419+00:00,2,신청서,,,2,프로그램/서비스(서비스),1,구청 및 동주민센터에서 저소득 한부모가정 아동 선정 및 직접 동주민센터 신청
WLF00000766,성폭력 가정폭력 예방교육,generic_fallback,2026-07-28T13:34:47.114419+00:00,1,신분증,,,2,프로그램/서비스(서비스),1,전화 신청
WLF00000766,성폭력 가정폭력 예방교육,generic_fallback,2026-07-28T13:34:47.114419+00:00,2,신청서,,,2,프로그램/서비스(서비스),1,전화 신청
WLF00000767,한부모가족 명절 격려금 지급,generic_fallback,2026-07-28T13:34:47.114419+00:00,1,신분증,,,3,현금지급,1,
WLF00000767,한부모가족 명절 격려금 지급,generic_fallback,2026-07-28T13:34:47.114419+00:00,2,신청서,,,3,현금지급,1,
WLF00000767,한부모가족 명절 격려금 지급,generic_fallback,2026-07-28T13:34:47.114419+00:00,3,통장사본,,,3,현금지급,1,
WLF00000770,장애인활동지원 구비추가 사업,generic_fallback,2026-07-28T13:34:47.114419+00:00,1,신분증,,,2,전자바우처(바우처),1,. 동주민센터 및 관내 제공기관의 신청접수 및 추천. 세대 방문 및 실태조사(구청). 수급자격심의위원회 상정 지원 여부 및 급여량 심의(결정)
WLF00000770,장애인활동지원 구비추가 사업,generic_fallback,2026-07-28T13:34:47.114419+00:00,2,신청서,,,2,전자바우처(바우처),1,. 동주민센터 및 관내 제공기관의 신청접수 및 추천. 세대 방문 및 실태조사(구청). 수급자격심의위원회 상정 지원 여부 및 급여량 심의(결정)
WLF00000789,보훈대상자 지원 (보훈대상자 위문),generic_fallback,2026-07-28T13:34:47.114419+00:00,1,신분증,,,3,현금지급,1,
WLF00000789,보훈대상자 지원 (보훈대상자 위문),generic_fallback,2026-07-28T13:34:47.114419+00:00,2,신청서,,,3,현금지급,1,
WLF00000789,보훈대상자 지원 (보훈대상자 위문),generic_fallback,2026-07-28T13:34:47.114419+00:00,3,통장사본,,,3,현금지급,1,
WLF00000790,저소득주민 위문,generic_fallback,2026-07-28T13:34:47.114419+00:00,1,신분증,,,3,현금지급,1,
WLF00000790,저소득주민 위문,generic_fallback,2026-07-28T13:34:47.114419+00:00,2,신청서,,,3,현금지급,1,
WLF00000790,저소득주민 위문,generic_fallback,2026-07-28T13:34:47.114419+00:00,3,통장사본,,,3,현금지급,1,
WLF00000792,보훈대상자 위문금 지급,generic_fallback,2026-07-28T13:34:47.114419+00:00,1,신분증,,,3,현금지급,1,
WLF00000792,보훈대상자 위문금 지급,generic_fallback,2026-07-28T13:34:47.114419+00:00,2,신청서,,,3,현금지급,1,
WLF00000792,보훈대상자 위문금 지급,generic_fallback,2026-07-28T13:34:47.114419+00:00,3,통장사본,,,3,현금지급,1,
WLF00000795,찾아가는 복지 방문 강화 사업,generic_fallback,2026-07-28T13:34:47.114419+00:00,1,신분증,,,2,현물지급,1,
WLF00000795,찾아가는 복지 방문 강화 사업,generic_fallback,2026-07-28T13:34:47.114419+00:00,2,신청서,,,2,현물지급,1,
WLF00000796,부랑인 노숙인 관리지원,generic_fallback,2026-07-28T13:34:47.114419+00:00,1,신분증,,,2,기타,1,
WLF00000796,부랑인 노숙인 관리지원,generic_fallback,2026-07-28T13:34:47.114419+00:00,2,신청서,,,2,기타,1,
WLF00000807,입양숙려기간 모자지원사업,generic_fallback,2026-07-28T13:34:47.114419+00:00,1,신분증,,,3,현금지급,2,"신청기관연락처목록: 거주지 읍/면/동 주민센터, 관할 시·군·구에서 ‘서비스 신청’ 조사기관연락처목록: 담당 시/군/구청 또는 관할 시·군·구에서 조사 및 심사 결정기관연락처목록: 담당 시/군/구청 또는 관할 시·군"
WLF00000807,입양숙려기간 모자지원사업,generic_fallback,2026-07-28T13:34:47.114419+00:00,2,신청서,,,3,현금지급,2,"신청기관연락처목록: 거주지 읍/면/동 주민센터, 관할 시·군·구에서 ‘서비스 신청’ 조사기관연락처목록: 담당 시/군/구청 또는 관할 시·군·구에서 조사 및 심사 결정기관연락처목록: 담당 시/군/구청 또는 관할 시·군"
WLF00000807,입양숙려기간 모자지원사업,generic_fallback,2026-07-28T13:34:47.114419+00:00,3,통장사본,,,3,현금지급,2,"신청기관연락처목록: 거주지 읍/면/동 주민센터, 관할 시·군·구에서 ‘서비스 신청’ 조사기관연락처목록: 담당 시/군/구청 또는 관할 시·군·구에서 조사 및 심사 결정기관연락처목록: 담당 시/군/구청 또는 관할 시·군"
WLF00000812,청년창업농장학금 지원,generic_fallback,2026-07-28T13:34:47.114419+00:00,1,신분증,,,3,현금지급,0,"신청기관연락처목록: 거주지 읍/면/동 주민센터, 농어촌희망재단에서 ‘서비스 신청’ 조사기관연락처목록: 담당 시/군/구청 또는 농어촌희망재단에서 조사 및 심사 결정기관연락처목록: 담당 시/군/구청 또는 농어촌희망재단에"
WLF00000812,청년창업농장학금 지원,generic_fallback,2026-07-28T13:34:47.114419+00:00,2,신청서,,,3,현금지급,0,"신청기관연락처목록: 거주지 읍/면/동 주민센터, 농어촌희망재단에서 ‘서비스 신청’ 조사기관연락처목록: 담당 시/군/구청 또는 농어촌희망재단에서 조사 및 심사 결정기관연락처목록: 담당 시/군/구청 또는 농어촌희망재단에"
WLF00000812,청년창업농장학금 지원,generic_fallback,2026-07-28T13:34:47.114419+00:00,3,통장사본,,,3,현금지급,0,"신청기관연락처목록: 거주지 읍/면/동 주민센터, 농어촌희망재단에서 ‘서비스 신청’ 조사기관연락처목록: 담당 시/군/구청 또는 농어촌희망재단에서 조사 및 심사 결정기관연락처목록: 담당 시/군/구청 또는 농어촌희망재단에"
WLF00000814,노후공공임대주택시설개선,generic_fallback,2026-07-28T13:34:47.114419+00:00,1,신분증,,,2,"현물지급,기타",0,"조사기관연락처목록: 담당 시/군/구청 또는 공공주택사업자에서 조사 및 심사 결정기관연락처목록: 담당 시/군/구청 또는 국토교통부에서 보장 결정 지급기관연락처목록: 담당 시/군/구청 또는 사업주체(지자체, LH)에서 "
WLF00000814,노후공공임대주택시설개선,generic_fallback,2026-07-28T13:34:47.114419+00:00,2,신청서,,,2,"현물지급,기타",0,"조사기관연락처목록: 담당 시/군/구청 또는 공공주택사업자에서 조사 및 심사 결정기관연락처목록: 담당 시/군/구청 또는 국토교통부에서 보장 결정 지급기관연락처목록: 담당 시/군/구청 또는 사업주체(지자체, LH)에서 "
WLF00000820,국민기초생활보장수급자 생활폐기물봉투 운반수수료 지원,generic_fallback,2026-07-28T13:34:47.114419+00:00,1,신분증,,,2,기타,1,
WLF00000820,국민기초생활보장수급자 생활폐기물봉투 운반수수료 지원,generic_fallback,2026-07-28T13:34:47.114419+00:00,2,신청서,,,2,기타,1,
WLF00000822,노인 성인용 보행기 지원,generic_fallback,2026-07-28T13:34:47.114419+00:00,1,신분증,,,2,현물지급,1,거주지 동 주민센터에 신청서 제출
WLF00000822,노인 성인용 보행기 지원,generic_fallback,2026-07-28T13:34:47.114419+00:00,2,신청서,,,2,현물지급,1,거주지 동 주민센터에 신청서 제출
WLF00000823,아동친화도시 인프라구축 등 조성,generic_fallback,2026-07-28T13:39:22.126501+00:00,1,신분증,,,2,프로그램/서비스(서비스),1,
WLF00000823,아동친화도시 인프라구축 등 조성,generic_fallback,2026-07-28T13:39:22.126501+00:00,2,신청서,,,2,프로그램/서비스(서비스),1,
WLF00000842,보육교직원 인건비 지원,generic_fallback,2026-07-28T14:53:46.828259+00:00,1,신분증,,,3,현금지급,1,"신청기관연락처목록: 거주지 읍/면/동 주민센터, 어린이집원장에서 ‘서비스 신청’ 조사기관연락처목록: 담당 시/군/구청 또는 관할 시군구 확인에서 조사 및 심사 결정기관연락처목록: 담당 시/군/구청 또는 시군구에서 보"
WLF00000842,보육교직원 인건비 지원,generic_fallback,2026-07-28T14:53:46.828259+00:00,2,신청서,,,3,현금지급,1,"신청기관연락처목록: 거주지 읍/면/동 주민센터, 어린이집원장에서 ‘서비스 신청’ 조사기관연락처목록: 담당 시/군/구청 또는 관할 시군구 확인에서 조사 및 심사 결정기관연락처목록: 담당 시/군/구청 또는 시군구에서 보"
WLF00000842,보육교직원 인건비 지원,generic_fallback,2026-07-28T14:53:46.828259+00:00,3,통장사본,,,3,현금지급,1,"신청기관연락처목록: 거주지 읍/면/동 주민센터, 어린이집원장에서 ‘서비스 신청’ 조사기관연락처목록: 담당 시/군/구청 또는 관할 시군구 확인에서 조사 및 심사 결정기관연락처목록: 담당 시/군/구청 또는 시군구에서 보"
WLF00000844,효행장려금 지급,generic_fallback,2026-07-28T13:34:47.114419+00:00,1,신분증,,,3,현금지급,1,- 주소지 동주민센터 방문하여 서류 접수- 동 담당자가 현지 사실조사 후 어르신복지과로 신청- 매년 10월 31일(휴일인 경우 그 전) 효행가정에 지급
WLF00000844,효행장려금 지급,generic_fallback,2026-07-28T13:34:47.114419+00:00,2,신청서,,,3,현금지급,1,- 주소지 동주민센터 방문하여 서류 접수- 동 담당자가 현지 사실조사 후 어르신복지과로 신청- 매년 10월 31일(휴일인 경우 그 전) 효행가정에 지급
WLF00000844,효행장려금 지급,generic_fallback,2026-07-28T13:34:47.114419+00:00,3,통장사본,,,3,현금지급,1,- 주소지 동주민센터 방문하여 서류 접수- 동 담당자가 현지 사실조사 후 어르신복지과로 신청- 매년 10월 31일(휴일인 경우 그 전) 효행가정에 지급
WLF00000846,서울형 장애인 부가급여,generic_fallback,2026-07-28T13:34:47.114419+00:00,1,신분증,,,3,현금지급,1,동주민센터 방문 신청
WLF00000846,서울형 장애인 부가급여,generic_fallback,2026-07-28T13:34:47.114419+00:00,2,신청서,,,3,현금지급,1,동주민센터 방문 신청
WLF00000846,서울형 장애인 부가급여,generic_fallback,2026-07-28T13:34:47.114419+00:00,3,통장사본,,,3,현금지급,1,동주민센터 방문 신청
WLF00000888,영구임대주택공급,generic_fallback,2026-07-28T13:34:47.114419+00:00,1,신분증,,,2,현물지급,3,"신청기관연락처목록: 거주지 읍/면/동 주민센터, 시군구, 읍면동에서 ‘서비스 신청’ 조사기관연락처목록: 담당 시/군/구청 또는 시군구, 읍면동에서 조사 및 심사 결정기관연락처목록: 담당 시/군/구청 또는 시군구, 읍"
WLF00000888,영구임대주택공급,generic_fallback,2026-07-28T13:34:47.114419+00:00,2,신청서,,,2,현물지급,3,"신청기관연락처목록: 거주지 읍/면/동 주민센터, 시군구, 읍면동에서 ‘서비스 신청’ 조사기관연락처목록: 담당 시/군/구청 또는 시군구, 읍면동에서 조사 및 심사 결정기관연락처목록: 담당 시/군/구청 또는 시군구, 읍"
WLF00000892,긴급복지 장제비지원,generic_fallback,2026-07-28T13:39:22.126501+00:00,1,신분증,,,3,현금지급,1,"조사기관연락처목록: 담당 시/군/구청 또는 시군구에서 조사 및 심사 결정기관연락처목록: 담당 시/군/구청 또는 시군구에서 보장 결정 이의신청접수기관연락처목록: 이의가 있을 경우, 담당 시/군/구청 또는 시군구에 이의"
WLF00000892,긴급복지 장제비지원,generic_fallback,2026-07-28T13:39:22.126501+00:00,2,신청서,,,3,현금지급,1,"조사기관연락처목록: 담당 시/군/구청 또는 시군구에서 조사 및 심사 결정기관연락처목록: 담당 시/군/구청 또는 시군구에서 보장 결정 이의신청접수기관연락처목록: 이의가 있을 경우, 담당 시/군/구청 또는 시군구에 이의"
WLF00000892,긴급복지 장제비지원,generic_fallback,2026-07-28T13:39:22.126501+00:00,3,통장사본,,,3,현금지급,1,"조사기관연락처목록: 담당 시/군/구청 또는 시군구에서 조사 및 심사 결정기관연락처목록: 담당 시/군/구청 또는 시군구에서 보장 결정 이의신청접수기관연락처목록: 이의가 있을 경우, 담당 시/군/구청 또는 시군구에 이의"
WLF00000896,중독관리통합지원센터 지원,generic_fallback,2026-07-28T13:39:22.126501+00:00,1,신분증,,,2,프로그램/서비스(서비스),1,조사기관연락처목록: 담당 시/군/구청 또는 중독관리통합지원센터에서 조사 및 심사 결정기관연락처목록: 담당 시/군/구청 또는 중독관리통합지원센터 에서 보장 결정 지급기관연락처목록: 담당 시/군/구청 또는 중독관리통합지
WLF00000896,중독관리통합지원센터 지원,generic_fallback,2026-07-28T13:39:22.126501+00:00,2,신청서,,,2,프로그램/서비스(서비스),1,조사기관연락처목록: 담당 시/군/구청 또는 중독관리통합지원센터에서 조사 및 심사 결정기관연락처목록: 담당 시/군/구청 또는 중독관리통합지원센터 에서 보장 결정 지급기관연락처목록: 담당 시/군/구청 또는 중독관리통합지
WLF00000917,긴급복지 주거지원,generic_fallback,2026-07-28T13:39:22.126501+00:00,1,신분증,,,3,"현물지급, 현금지급",1,"조사기관연락처목록: 담당 시/군/구청 또는 시군구에서 조사 및 심사 결정기관연락처목록: 담당 시/군/구청 또는 시군구에서 보장 결정 이의신청접수기관연락처목록: 이의가 있을 경우, 담당 시/군/구청 또는 시군구에 이의"
WLF00000917,긴급복지 주거지원,generic_fallback,2026-07-28T13:39:22.126501+00:00,2,신청서,,,3,"현물지급, 현금지급",1,"조사기관연락처목록: 담당 시/군/구청 또는 시군구에서 조사 및 심사 결정기관연락처목록: 담당 시/군/구청 또는 시군구에서 보장 결정 이의신청접수기관연락처목록: 이의가 있을 경우, 담당 시/군/구청 또는 시군구에 이의"
WLF00000917,긴급복지 주거지원,generic_fallback,2026-07-28T13:39:22.126501+00:00,3,통장사본,,,3,"현물지급, 현금지급",1,"조사기관연락처목록: 담당 시/군/구청 또는 시군구에서 조사 및 심사 결정기관연락처목록: 담당 시/군/구청 또는 시군구에서 보장 결정 이의신청접수기관연락처목록: 이의가 있을 경우, 담당 시/군/구청 또는 시군구에 이의"
WLF00000921,(북한이탈주민)상담 지원,generic_fallback,2026-07-28T13:34:47.114419+00:00,1,신분증,,,2,프로그램/서비스(서비스),1,"신청기관연락처목록: 거주지 읍/면/동 주민센터, 북한이탈주민지원재단에서 ‘서비스 신청’ 신청기관연락처목록: 거주지 읍/면/동 주민센터, 북한이탈주민 지역적응센터에서 ‘서비스 신청’ 조사기관연락처목록: 담당 시/군/구"
WLF00000921,(북한이탈주민)상담 지원,generic_fallback,2026-07-28T13:34:47.114419+00:00,2,신청서,,,2,프로그램/서비스(서비스),1,"신청기관연락처목록: 거주지 읍/면/동 주민센터, 북한이탈주민지원재단에서 ‘서비스 신청’ 신청기관연락처목록: 거주지 읍/면/동 주민센터, 북한이탈주민 지역적응센터에서 ‘서비스 신청’ 조사기관연락처목록: 담당 시/군/구"
WLF00000923,"의료급여 중증질환, 희귀질환 및 중증난치질환자 지원",generic_fallback,2026-07-28T13:39:22.126501+00:00,1,신분증,,,2,현물지급,1,"신청기관연락처목록: 거주지 읍/면/동 주민센터, 시군구에서 ‘서비스 신청’ 조사기관연락처목록: 담당 시/군/구청 또는 시군구에서 조사 및 심사 결정기관연락처목록: 담당 시/군/구청 또는 시군구에서 보장 결정 이의신청"
WLF00000923,"의료급여 중증질환, 희귀질환 및 중증난치질환자 지원",generic_fallback,2026-07-28T13:39:22.126501+00:00,2,신청서,,,2,현물지급,1,"신청기관연락처목록: 거주지 읍/면/동 주민센터, 시군구에서 ‘서비스 신청’ 조사기관연락처목록: 담당 시/군/구청 또는 시군구에서 조사 및 심사 결정기관연락처목록: 담당 시/군/구청 또는 시군구에서 보장 결정 이의신청"
WLF00000946,산림복지서비스이용권,generic_fallback,2026-07-28T13:39:22.126501+00:00,1,신분증,,,2,전자바우처(바우처),0,"신청기관연락처목록: 거주지 읍/면/동 주민센터, 한국산림복지진흥원에서 ‘서비스 신청’ 조사기관연락처목록: 담당 시/군/구청 또는 한국산림복지진흥원에서 조사 및 심사 결정기관연락처목록: 담당 시/군/구청 또는 한국산림"
WLF00000946,산림복지서비스이용권,generic_fallback,2026-07-28T13:39:22.126501+00:00,2,신청서,,,2,전자바우처(바우처),0,"신청기관연락처목록: 거주지 읍/면/동 주민센터, 한국산림복지진흥원에서 ‘서비스 신청’ 조사기관연락처목록: 담당 시/군/구청 또는 한국산림복지진흥원에서 조사 및 심사 결정기관연락처목록: 담당 시/군/구청 또는 한국산림"
WLF00000948,학교 밖 청소년 지원,generic_fallback,2026-07-28T13:39:22.126501+00:00,1,신분증,,,2,프로그램/서비스(서비스),1,"신청기관연락처목록: 거주지 읍/면/동 주민센터, 학교밖청소년지원센터에서 ‘서비스 신청’ 조사기관연락처목록: 담당 시/군/구청 또는 학교밖청소년지원센터에서 조사 및 심사 결정기관연락처목록: 담당 시/군/구청 또는 학교"
WLF00000948,학교 밖 청소년 지원,generic_fallback,2026-07-28T13:39:22.126501+00:00,2,신청서,,,2,프로그램/서비스(서비스),1,"신청기관연락처목록: 거주지 읍/면/동 주민센터, 학교밖청소년지원센터에서 ‘서비스 신청’ 조사기관연락처목록: 담당 시/군/구청 또는 학교밖청소년지원센터에서 조사 및 심사 결정기관연락처목록: 담당 시/군/구청 또는 학교"
WLF00000968,위탁병원진료,generic_fallback,2026-07-28T13:39:22.126501+00:00,1,신분증,,,2,프로그램/서비스(서비스),1,"신청기관연락처목록: 거주지 읍/면/동 주민센터, 위탁병원에서 ‘서비스 신청’ 조사기관연락처목록: 담당 시/군/구청 또는 한국보훈복지의료공단에서 조사 및 심사 결정기관연락처목록: 담당 시/군/구청 또는 국가보훈부에서 "
WLF00000968,위탁병원진료,generic_fallback,2026-07-28T13:39:22.126501+00:00,2,신청서,,,2,프로그램/서비스(서비스),1,"신청기관연락처목록: 거주지 읍/면/동 주민센터, 위탁병원에서 ‘서비스 신청’ 조사기관연락처목록: 담당 시/군/구청 또는 한국보훈복지의료공단에서 조사 및 심사 결정기관연락처목록: 담당 시/군/구청 또는 국가보훈부에서 "
WLF00000975,여성창업액셀러레이팅,generic_fallback,2026-07-28T13:39:22.126501+00:00,1,신분증,,,2,프로그램/서비스(서비스),0,"신청기관연락처목록: 거주지 읍/면/동 주민센터, (재)여성기업종합지원센터에서 ‘서비스 신청’ 조사기관연락처목록: 담당 시/군/구청 또는 (재)여성기업종합지원센터에서 조사 및 심사 결정기관연락처목록: 담당 시/군/구청"
WLF00000975,여성창업액셀러레이팅,generic_fallback,2026-07-28T13:39:22.126501+00:00,2,신청서,,,2,프로그램/서비스(서비스),0,"신청기관연락처목록: 거주지 읍/면/동 주민센터, (재)여성기업종합지원센터에서 ‘서비스 신청’ 조사기관연락처목록: 담당 시/군/구청 또는 (재)여성기업종합지원센터에서 조사 및 심사 결정기관연락처목록: 담당 시/군/구청"
WLF00000977,장애인 휠체어 수리 지원,generic_fallback,2026-07-28T13:39:22.126501+00:00,1,신분증,,,2,기타,1,1) 신청방법 - 동주민센터에서 수시접수(수리를 원하는 장애인이 휠체어 수리지정 업체 사전확인후 동주민센터 방문 신청서 작성) 2) 지급시기 및 지급방법 - 지급개시일 : 연중 수시 - 지급방법 : 휠체어 수리후 수
WLF00000977,장애인 휠체어 수리 지원,generic_fallback,2026-07-28T13:39:22.126501+00:00,2,신청서,,,2,기타,1,1) 신청방법 - 동주민센터에서 수시접수(수리를 원하는 장애인이 휠체어 수리지정 업체 사전확인후 동주민센터 방문 신청서 작성) 2) 지급시기 및 지급방법 - 지급개시일 : 연중 수시 - 지급방법 : 휠체어 수리후 수
WLF00000981,저소득자 및 보훈단체 지원(국가유공자 및 유족격려),generic_fallback,2026-07-28T13:45:50.135552+00:00,1,신분증,,,3,현금지급,1,
WLF00000981,저소득자 및 보훈단체 지원(국가유공자 및 유족격려),generic_fallback,2026-07-28T13:45:50.135552+00:00,2,신청서,,,3,현금지급,1,
WLF00000981,저소득자 및 보훈단체 지원(국가유공자 및 유족격려),generic_fallback,2026-07-28T13:45:50.135552+00:00,3,통장사본,,,3,현금지급,1,
WLF00000982,노숙인(부랑인)보호관리,generic_fallback,2026-07-28T13:39:22.126501+00:00,1,신분증,,,2,기타,1,
WLF00000982,노숙인(부랑인)보호관리,generic_fallback,2026-07-28T13:39:22.126501+00:00,2,신청서,,,2,기타,1,
WLF00000998,보훈병원 진료,generic_fallback,2026-07-28T13:45:50.135552+00:00,1,신분증,,,2,프로그램/서비스(서비스),1,조사기관연락처목록: 담당 시/군/구청 또는 한국보훈복지의료공단에서 조사 및 심사 결정기관연락처목록: 담당 시/군/구청 또는 국가보훈부에서 보장 결정 지급기관연락처목록: 담당 시/군/구청 또는 국가보훈부에서 대상자에게
WLF00000998,보훈병원 진료,generic_fallback,2026-07-28T13:45:50.135552+00:00,2,신청서,,,2,프로그램/서비스(서비스),1,조사기관연락처목록: 담당 시/군/구청 또는 한국보훈복지의료공단에서 조사 및 심사 결정기관연락처목록: 담당 시/군/구청 또는 국가보훈부에서 보장 결정 지급기관연락처목록: 담당 시/군/구청 또는 국가보훈부에서 대상자에게
WLF00000999,시각장애인을 위한 도서 녹음사업 운영,generic_fallback,2026-07-28T13:39:22.126501+00:00,1,신분증,,,2,현물대여,1,
WLF00000999,시각장애인을 위한 도서 녹음사업 운영,generic_fallback,2026-07-28T13:39:22.126501+00:00,2,신청서,,,2,현물대여,1,
WLF00001000,장애인무료급식소 운영,generic_fallback,2026-07-28T13:39:22.126501+00:00,1,신분증,,,2,기타,1,1) 신청대상: 지역 저소득 장애인2) 신청방법: 신청자가 방문3) 이용요금: 무료
WLF00001000,장애인무료급식소 운영,generic_fallback,2026-07-28T13:39:22.126501+00:00,2,신청서,,,2,기타,1,1) 신청대상: 지역 저소득 장애인2) 신청방법: 신청자가 방문3) 이용요금: 무료
WLF00001001,중증 재가 장애인 밑반찬 지원,generic_fallback,2026-07-28T13:39:22.126501+00:00,1,신분증,,,2,현물지급,1,
WLF00001001,중증 재가 장애인 밑반찬 지원,generic_fallback,2026-07-28T13:39:22.126501+00:00,2,신청서,,,2,현물지급,1,
WLF00001004,저소득 독거 어르신 안부확인(음료배달),generic_fallback,2026-07-28T13:39:22.126501+00:00,1,신분증,,,2,현물지급,1,본인 신청 및 동주민센터에서 돌봄사각지대 어르신발굴
WLF00001004,저소득 독거 어르신 안부확인(음료배달),generic_fallback,2026-07-28T13:39:22.126501+00:00,2,신청서,,,2,현물지급,1,본인 신청 및 동주민센터에서 돌봄사각지대 어르신발굴
WLF00001027,경로의 달 위문행사,generic_fallback,2026-07-28T13:39:22.126501+00:00,1,신분증,,,2,기타,1,
WLF00001027,경로의 달 위문행사,generic_fallback,2026-07-28T13:39:22.126501+00:00,2,신청서,,,2,기타,1,
WLF00001028,저소득 장애인 가정 명절위문,generic_fallback,2026-07-28T13:45:50.135552+00:00,1,신분증,,,2,실물바우처,1,
WLF00001028,저소득 장애인 가정 명절위문,generic_fallback,2026-07-28T13:45:50.135552+00:00,2,신청서,,,2,실물바우처,1,
WLF00001054,밑반찬 배달사업 지원,generic_fallback,2026-07-28T13:39:22.126501+00:00,1,신분증,,,2,현물지급,1,- 운영주체 : 구립 성북장애인복지관 - 신청방법 : 전화 혹은 내방
WLF00001054,밑반찬 배달사업 지원,generic_fallback,2026-07-28T13:39:22.126501+00:00,2,신청서,,,2,현물지급,1,- 운영주체 : 구립 성북장애인복지관 - 신청방법 : 전화 혹은 내방
WLF00001060,대학생 근로장학금 지원,generic_fallback,2026-07-28T13:39:22.126501+00:00,1,신분증,,,3,현금지급,1,"신청기관연락처목록: 거주지 읍/면/동 주민센터, 한국장학재단에서 ‘서비스 신청’ 조사기관연락처목록: 담당 시/군/구청 또는 한국장학재단에서 조사 및 심사 결정기관연락처목록: 담당 시/군/구청 또는 한국장학재단에서 보"
WLF00001060,대학생 근로장학금 지원,generic_fallback,2026-07-28T13:39:22.126501+00:00,2,신청서,,,3,현금지급,1,"신청기관연락처목록: 거주지 읍/면/동 주민센터, 한국장학재단에서 ‘서비스 신청’ 조사기관연락처목록: 담당 시/군/구청 또는 한국장학재단에서 조사 및 심사 결정기관연락처목록: 담당 시/군/구청 또는 한국장학재단에서 보"
WLF00001060,대학생 근로장학금 지원,generic_fallback,2026-07-28T13:39:22.126501+00:00,3,통장사본,,,3,현금지급,1,"신청기관연락처목록: 거주지 읍/면/동 주민센터, 한국장학재단에서 ‘서비스 신청’ 조사기관연락처목록: 담당 시/군/구청 또는 한국장학재단에서 조사 및 심사 결정기관연락처목록: 담당 시/군/구청 또는 한국장학재단에서 보"
WLF00001069,산재근로자 합병증 등 예방관리,generic_fallback,2026-07-28T13:45:50.135552+00:00,1,신분증,,,2,현물지급,1,"신청기관연락처목록: 거주지 읍/면/동 주민센터, 근로복지공단에서 ‘서비스 신청’ 조사기관연락처목록: 담당 시/군/구청 또는 근로복지공단에서 조사 및 심사 결정기관연락처목록: 담당 시/군/구청 또는 근로복지공단에서 보"
WLF00001069,산재근로자 합병증 등 예방관리,generic_fallback,2026-07-28T13:45:50.135552+00:00,2,신청서,,,2,현물지급,1,"신청기관연락처목록: 거주지 읍/면/동 주민센터, 근로복지공단에서 ‘서비스 신청’ 조사기관연락처목록: 담당 시/군/구청 또는 근로복지공단에서 조사 및 심사 결정기관연락처목록: 담당 시/군/구청 또는 근로복지공단에서 보"
WLF00001070,척수장애인재활훈련지원,generic_fallback,2026-07-28T13:45:50.135552+00:00,1,신분증,,,2,프로그램/서비스(서비스),0,조사기관연락처목록: 담당 시/군/구청 또는 한국척수장애인협회에서 조사 및 심사 결정기관연락처목록: 담당 시/군/구청 또는 한국척수장애인협회에서 보장 결정 지급기관연락처목록: 담당 시/군/구청 또는 한국척수장애인협회에
WLF00001070,척수장애인재활훈련지원,generic_fallback,2026-07-28T13:45:50.135552+00:00,2,신청서,,,2,프로그램/서비스(서비스),0,조사기관연락처목록: 담당 시/군/구청 또는 한국척수장애인협회에서 조사 및 심사 결정기관연락처목록: 담당 시/군/구청 또는 한국척수장애인협회에서 보장 결정 지급기관연락처목록: 담당 시/군/구청 또는 한국척수장애인협회에
WLF00001071,우수학생 국가장학금 지원,generic_fallback,2026-07-28T13:45:50.135552+00:00,1,신분증,,,3,현금지급,1,"신청기관연락처목록: 거주지 읍/면/동 주민센터, 한국장학재단에서 ‘서비스 신청’ 조사기관연락처목록: 담당 시/군/구청 또는 한국장학재단에서 조사 및 심사 결정기관연락처목록: 담당 시/군/구청 또는 한국장학재단에서 보"
WLF00001071,우수학생 국가장학금 지원,generic_fallback,2026-07-28T13:45:50.135552+00:00,2,신청서,https://bokjiro.go.kr/ssis-tbu/CmmFileUtil/getDownload.do?atcflId=5470GOWF15GOWF155470&atcflSn=1,form_download,3,현금지급,1,"신청기관연락처목록: 거주지 읍/면/동 주민센터, 한국장학재단에서 ‘서비스 신청’ 조사기관연락처목록: 담당 시/군/구청 또는 한국장학재단에서 조사 및 심사 결정기관연락처목록: 담당 시/군/구청 또는 한국장학재단에서 보"
WLF00001071,우수학생 국가장학금 지원,generic_fallback,2026-07-28T13:45:50.135552+00:00,3,통장사본,,,3,현금지급,1,"신청기관연락처목록: 거주지 읍/면/동 주민센터, 한국장학재단에서 ‘서비스 신청’ 조사기관연락처목록: 담당 시/군/구청 또는 한국장학재단에서 조사 및 심사 결정기관연락처목록: 담당 시/군/구청 또는 한국장학재단에서 보"
WLF00001073,장기복무제대군인수업료지원,generic_fallback,2026-07-28T13:45:50.135552+00:00,1,신분증,,,2,감면,1,"신청기관연락처목록: 거주지 읍/면/동 주민센터, 보훈(지)청에서 ‘서비스 신청’ 조사기관연락처목록: 담당 시/군/구청 또는 보훈(지)청에서 조사 및 심사 결정기관연락처목록: 담당 시/군/구청 또는 보훈(지)청에서 보"
WLF00001073,장기복무제대군인수업료지원,generic_fallback,2026-07-28T13:45:50.135552+00:00,2,신청서,,,2,감면,1,"신청기관연락처목록: 거주지 읍/면/동 주민센터, 보훈(지)청에서 ‘서비스 신청’ 조사기관연락처목록: 담당 시/군/구청 또는 보훈(지)청에서 조사 및 심사 결정기관연락처목록: 담당 시/군/구청 또는 보훈(지)청에서 보"
WLF00001074,재해보상금,generic_fallback,2026-07-28T13:45:50.135552+00:00,1,신분증,,,3,현금지급,1,"신청기관연락처목록: 거주지 읍/면/동 주민센터, 보훈(지)청에서 ‘서비스 신청’ 조사기관연락처목록: 담당 시/군/구청 또는 보훈(지)청에서 조사 및 심사 결정기관연락처목록: 담당 시/군/구청 또는 보훈(지)청에서 보"
WLF00001074,재해보상금,generic_fallback,2026-07-28T13:45:50.135552+00:00,2,신청서,,,3,현금지급,1,"신청기관연락처목록: 거주지 읍/면/동 주민센터, 보훈(지)청에서 ‘서비스 신청’ 조사기관연락처목록: 담당 시/군/구청 또는 보훈(지)청에서 조사 및 심사 결정기관연락처목록: 담당 시/군/구청 또는 보훈(지)청에서 보"
WLF00001074,재해보상금,generic_fallback,2026-07-28T13:45:50.135552+00:00,3,통장사본,,,3,현금지급,1,"신청기관연락처목록: 거주지 읍/면/동 주민센터, 보훈(지)청에서 ‘서비스 신청’ 조사기관연락처목록: 담당 시/군/구청 또는 보훈(지)청에서 조사 및 심사 결정기관연락처목록: 담당 시/군/구청 또는 보훈(지)청에서 보"
WLF00001075,장애학생 정보격차 해소 지원,generic_fallback,2026-07-28T13:39:22.126501+00:00,1,신분증,,,2,프로그램/서비스(서비스),1,"조사기관연락처목록: 담당 시/군/구청 또는 학교에서 조사 및 심사 결정기관연락처목록: 담당 시/군/구청 또는 학교에서 보장 결정 이의신청접수기관연락처목록: 이의가 있을 경우, 담당 시/군/구청 또는 학교에 이의 신청"
WLF00001075,장애학생 정보격차 해소 지원,generic_fallback,2026-07-28T13:39:22.126501+00:00,2,신청서,,,2,프로그램/서비스(서비스),1,"조사기관연락처목록: 담당 시/군/구청 또는 학교에서 조사 및 심사 결정기관연락처목록: 담당 시/군/구청 또는 학교에서 보장 결정 이의신청접수기관연락처목록: 이의가 있을 경우, 담당 시/군/구청 또는 학교에 이의 신청"
WLF00001077,가정폭력상담소 운영지원,generic_fallback,2026-07-28T13:45:50.135552+00:00,1,신분증,,,2,프로그램/서비스(서비스),1,조사기관연락처목록: 담당 시/군/구청 또는 전국 가정폭력상담소에서 조사 및 심사 결정기관연락처목록: 담당 시/군/구청 또는 전국 가정폭력상담소에서 보장 결정 지급기관연락처목록: 담당 시/군/구청 또는 전국 가정폭력상
WLF00001077,가정폭력상담소 운영지원,generic_fallback,2026-07-28T13:45:50.135552+00:00,2,신청서,,,2,프로그램/서비스(서비스),1,조사기관연락처목록: 담당 시/군/구청 또는 전국 가정폭력상담소에서 조사 및 심사 결정기관연락처목록: 담당 시/군/구청 또는 전국 가정폭력상담소에서 보장 결정 지급기관연락처목록: 담당 시/군/구청 또는 전국 가정폭력상
WLF00001080,산재근로자 생활안정자금융자,generic_fallback,2026-07-28T13:39:22.126501+00:00,1,신분증,,,2,현금대여(융자),1,"신청기관연락처목록: 거주지 읍/면/동 주민센터, 근로복지공단에서 ‘서비스 신청’ 조사기관연락처목록: 담당 시/군/구청 또는 근로복지공단에서 조사 및 심사 결정기관연락처목록: 담당 시/군/구청 또는 근로복지공단에서 보"
WLF00001080,산재근로자 생활안정자금융자,generic_fallback,2026-07-28T13:39:22.126501+00:00,2,신청서,,,2,현금대여(융자),1,"신청기관연락처목록: 거주지 읍/면/동 주민센터, 근로복지공단에서 ‘서비스 신청’ 조사기관연락처목록: 담당 시/군/구청 또는 근로복지공단에서 조사 및 심사 결정기관연락처목록: 담당 시/군/구청 또는 근로복지공단에서 보"
WLF00001083,디지털배움터,generic_fallback,2026-07-28T13:45:50.135552+00:00,1,신분증,,,2,프로그램/서비스(서비스),0,"신청기관연락처목록: 거주지 읍/면/동 주민센터, 한국지능정보사회진흥원에서 ‘서비스 신청’ 조사기관연락처목록: 담당 시/군/구청 또는 한국지능정보사회진흥원에서 조사 및 심사 결정기관연락처목록: 담당 시/군/구청 또는 "
WLF00001083,디지털배움터,generic_fallback,2026-07-28T13:45:50.135552+00:00,2,신청서,,,2,프로그램/서비스(서비스),0,"신청기관연락처목록: 거주지 읍/면/동 주민센터, 한국지능정보사회진흥원에서 ‘서비스 신청’ 조사기관연락처목록: 담당 시/군/구청 또는 한국지능정보사회진흥원에서 조사 및 심사 결정기관연락처목록: 담당 시/군/구청 또는 "
WLF00001084,여성긴급전화 1366센터 운영 지원,generic_fallback,2026-07-28T13:45:50.135552+00:00,1,신분증,,,2,프로그램/서비스(서비스),1,조사기관연락처목록: 담당 시/군/구청 또는 1366센터에서 조사 및 심사 결정기관연락처목록: 담당 시/군/구청 또는 1366센터에서 보장 결정 지급기관연락처목록: 담당 시/군/구청 또는 1366센터에서 대상자에게 서
WLF00001084,여성긴급전화 1366센터 운영 지원,generic_fallback,2026-07-28T13:45:50.135552+00:00,2,신청서,,,2,프로그램/서비스(서비스),1,조사기관연락처목록: 담당 시/군/구청 또는 1366센터에서 조사 및 심사 결정기관연락처목록: 담당 시/군/구청 또는 1366센터에서 보장 결정 지급기관연락처목록: 담당 시/군/구청 또는 1366센터에서 대상자에게 서
WLF00001088,고위험 임산부 의료비 지원,generic_fallback,2026-07-28T13:39:22.126501+00:00,1,신분증,,,3,현금지급,1,"신청기관연락처목록: 거주지 읍/면/동 주민센터, 시군구 보건소에서 ‘서비스 신청’ 신청기관연락처목록: 거주지 읍/면/동 주민센터, e보건소에서 ‘서비스 신청’ 조사기관연락처목록: 담당 시/군/구청 또는 시군구 보건소"
WLF00001088,고위험 임산부 의료비 지원,generic_fallback,2026-07-28T13:39:22.126501+00:00,2,신청서,,,3,현금지급,1,"신청기관연락처목록: 거주지 읍/면/동 주민센터, 시군구 보건소에서 ‘서비스 신청’ 신청기관연락처목록: 거주지 읍/면/동 주민센터, e보건소에서 ‘서비스 신청’ 조사기관연락처목록: 담당 시/군/구청 또는 시군구 보건소"
WLF00001088,고위험 임산부 의료비 지원,generic_fallback,2026-07-28T13:39:22.126501+00:00,3,통장사본,,,3,현금지급,1,"신청기관연락처목록: 거주지 읍/면/동 주민센터, 시군구 보건소에서 ‘서비스 신청’ 신청기관연락처목록: 거주지 읍/면/동 주민센터, e보건소에서 ‘서비스 신청’ 조사기관연락처목록: 담당 시/군/구청 또는 시군구 보건소"
WLF00001090,장애인고용장려금,generic_fallback,2026-07-28T13:45:50.135552+00:00,1,신분증,,,3,현금지급,1,"신청기관연락처목록: 거주지 읍/면/동 주민센터, 한국장애인고용공단에서 ‘서비스 신청’ 조사기관연락처목록: 담당 시/군/구청 또는 한국장애인고용공단에서 조사 및 심사 결정기관연락처목록: 담당 시/군/구청 또는 한국장애"
WLF00001090,장애인고용장려금,generic_fallback,2026-07-28T13:45:50.135552+00:00,2,신청서,,,3,현금지급,1,"신청기관연락처목록: 거주지 읍/면/동 주민센터, 한국장애인고용공단에서 ‘서비스 신청’ 조사기관연락처목록: 담당 시/군/구청 또는 한국장애인고용공단에서 조사 및 심사 결정기관연락처목록: 담당 시/군/구청 또는 한국장애"
WLF00001090,장애인고용장려금,generic_fallback,2026-07-28T13:45:50.135552+00:00,3,통장사본,,,3,현금지급,1,"신청기관연락처목록: 거주지 읍/면/동 주민센터, 한국장애인고용공단에서 ‘서비스 신청’ 조사기관연락처목록: 담당 시/군/구청 또는 한국장애인고용공단에서 조사 및 심사 결정기관연락처목록: 담당 시/군/구청 또는 한국장애"
WLF00001092,요양급여(보조기)-산재보험급여,generic_fallback,2026-07-28T13:45:50.135552+00:00,1,신분증,,,3,"현금지급,현물지급",0,"신청기관연락처목록: 거주지 읍/면/동 주민센터, 근로복지공단에서 ‘서비스 신청’ 조사기관연락처목록: 담당 시/군/구청 또는 근로복지공단에서 조사 및 심사 결정기관연락처목록: 담당 시/군/구청 또는 근로복지공단에서 보"
WLF00001092,요양급여(보조기)-산재보험급여,generic_fallback,2026-07-28T13:45:50.135552+00:00,2,신청서,,,3,"현금지급,현물지급",0,"신청기관연락처목록: 거주지 읍/면/동 주민센터, 근로복지공단에서 ‘서비스 신청’ 조사기관연락처목록: 담당 시/군/구청 또는 근로복지공단에서 조사 및 심사 결정기관연락처목록: 담당 시/군/구청 또는 근로복지공단에서 보"
WLF00001092,요양급여(보조기)-산재보험급여,generic_fallback,2026-07-28T13:45:50.135552+00:00,3,통장사본,,,3,"현금지급,현물지급",0,"신청기관연락처목록: 거주지 읍/면/동 주민센터, 근로복지공단에서 ‘서비스 신청’ 조사기관연락처목록: 담당 시/군/구청 또는 근로복지공단에서 조사 및 심사 결정기관연락처목록: 담당 시/군/구청 또는 근로복지공단에서 보"
WLF00001094,"어린이집지원(교사근무환경개선비,교사겸직원장지원비)",generic_fallback,2026-07-28T14:53:46.828259+00:00,1,신분증,,,3,현금지급,0,"신청기관연락처목록: 거주지 읍/면/동 주민센터, 어린이집에서 ‘서비스 신청’ 조사기관연락처목록: 담당 시/군/구청 또는 시군구에서 조사 및 심사 결정기관연락처목록: 담당 시/군/구청 또는 시군구에서 보장 결정 지급기"
WLF00001094,"어린이집지원(교사근무환경개선비,교사겸직원장지원비)",generic_fallback,2026-07-28T14:53:46.828259+00:00,2,신청서,,,3,현금지급,0,"신청기관연락처목록: 거주지 읍/면/동 주민센터, 어린이집에서 ‘서비스 신청’ 조사기관연락처목록: 담당 시/군/구청 또는 시군구에서 조사 및 심사 결정기관연락처목록: 담당 시/군/구청 또는 시군구에서 보장 결정 지급기"
WLF00001094,"어린이집지원(교사근무환경개선비,교사겸직원장지원비)",generic_fallback,2026-07-28T14:53:46.828259+00:00,3,통장사본,,,3,현금지급,0,"신청기관연락처목록: 거주지 읍/면/동 주민센터, 어린이집에서 ‘서비스 신청’ 조사기관연락처목록: 담당 시/군/구청 또는 시군구에서 조사 및 심사 결정기관연락처목록: 담당 시/군/구청 또는 시군구에서 보장 결정 지급기"
WLF00001096,농촌출신대학생학자금융자,generic_fallback,2026-07-28T13:45:50.135552+00:00,1,신분증,,,2,현금대여(융자),0,"신청기관연락처목록: 거주지 읍/면/동 주민센터, 한국장학재단에서 ‘서비스 신청’ 조사기관연락처목록: 담당 시/군/구청 또는 한국장학재단에서 조사 및 심사 결정기관연락처목록: 담당 시/군/구청 또는 한국장학재단에서 보"
WLF00001096,농촌출신대학생학자금융자,generic_fallback,2026-07-28T13:45:50.135552+00:00,2,신청서,,,2,현금대여(융자),0,"신청기관연락처목록: 거주지 읍/면/동 주민센터, 한국장학재단에서 ‘서비스 신청’ 조사기관연락처목록: 담당 시/군/구청 또는 한국장학재단에서 조사 및 심사 결정기관연락처목록: 담당 시/군/구청 또는 한국장학재단에서 보"
WLF00001098,온가족보듬사업,generic_fallback,2026-07-28T13:39:22.126501+00:00,1,신분증,,,2,프로그램/서비스(서비스),1,"신청기관연락처목록: 거주지 읍/면/동 주민센터, 지역 가족센터에서 ‘서비스 신청’ 조사기관연락처목록: 담당 시/군/구청 또는 지역 가족센터에서 조사 및 심사 결정기관연락처목록: 담당 시/군/구청 또는 지역 가족센터에"
WLF00001098,온가족보듬사업,generic_fallback,2026-07-28T13:39:22.126501+00:00,2,신청서,,,2,프로그램/서비스(서비스),1,"신청기관연락처목록: 거주지 읍/면/동 주민센터, 지역 가족센터에서 ‘서비스 신청’ 조사기관연락처목록: 담당 시/군/구청 또는 지역 가족센터에서 조사 및 심사 결정기관연락처목록: 담당 시/군/구청 또는 지역 가족센터에"
WLF00001100,큰글자책 보급 지원,generic_fallback,2026-07-28T13:45:50.135552+00:00,1,신분증,,,2,기타,0,조사기관연락처목록: 담당 시/군/구청 또는 해당없음에서 조사 및 심사 결정기관연락처목록: 담당 시/군/구청 또는 해당없음에서 보장 결정 지급기관연락처목록: 담당 시/군/구청 또는 해당없음에서 대상자에게 서비스 제공 
WLF00001100,큰글자책 보급 지원,generic_fallback,2026-07-28T13:45:50.135552+00:00,2,신청서,,,2,기타,0,조사기관연락처목록: 담당 시/군/구청 또는 해당없음에서 조사 및 심사 결정기관연락처목록: 담당 시/군/구청 또는 해당없음에서 보장 결정 지급기관연락처목록: 담당 시/군/구청 또는 해당없음에서 대상자에게 서비스 제공 
WLF00001101,폭력피해자 주거지원 사업,generic_fallback,2026-07-28T13:45:50.135552+00:00,1,신분증,,,2,"기타, 시설입소",0,조사기관연락처목록: 담당 시/군/구청 또는 주거지원 운영기관에서 조사 및 심사 결정기관연락처목록: 담당 시/군/구청 또는 주거지원 운영기관에서 보장 결정 지급기관연락처목록: 담당 시/군/구청 또는 주거지원 운영기관에
WLF00001101,폭력피해자 주거지원 사업,generic_fallback,2026-07-28T13:45:50.135552+00:00,2,신청서,,,2,"기타, 시설입소",0,조사기관연락처목록: 담당 시/군/구청 또는 주거지원 운영기관에서 조사 및 심사 결정기관연락처목록: 담당 시/군/구청 또는 주거지원 운영기관에서 보장 결정 지급기관연락처목록: 담당 시/군/구청 또는 주거지원 운영기관에
WLF00001107,지역아동센터 지원,generic_fallback,2026-07-28T13:39:22.126501+00:00,1,신분증,,,2,프로그램/서비스(서비스),1,"신청기관연락처목록: 거주지 읍/면/동 주민센터, 읍면동 또는 지역아동센터에서 ‘서비스 신청’ 조사기관연락처목록: 담당 시/군/구청 또는 읍면동에서 조사 및 심사 결정기관연락처목록: 담당 시/군/구청 또는 시군구에서 "
WLF00001107,지역아동센터 지원,generic_fallback,2026-07-28T13:39:22.126501+00:00,2,신청서,,,2,프로그램/서비스(서비스),1,"신청기관연락처목록: 거주지 읍/면/동 주민센터, 읍면동 또는 지역아동센터에서 ‘서비스 신청’ 조사기관연락처목록: 담당 시/군/구청 또는 읍면동에서 조사 및 심사 결정기관연락처목록: 담당 시/군/구청 또는 시군구에서 "
WLF00001108,주택담보노후연금보증,generic_fallback,2026-07-28T13:39:22.126501+00:00,1,신분증,,,3,현금지급,2,"신청기관연락처목록: 거주지 읍/면/동 주민센터, 한국주택금융공사에서 ‘서비스 신청’ 조사기관연락처목록: 담당 시/군/구청 또는 한국주택금융공사에서 조사 및 심사 결정기관연락처목록: 담당 시/군/구청 또는 한국주택금융"
WLF00001108,주택담보노후연금보증,generic_fallback,2026-07-28T13:39:22.126501+00:00,2,신청서,,,3,현금지급,2,"신청기관연락처목록: 거주지 읍/면/동 주민센터, 한국주택금융공사에서 ‘서비스 신청’ 조사기관연락처목록: 담당 시/군/구청 또는 한국주택금융공사에서 조사 및 심사 결정기관연락처목록: 담당 시/군/구청 또는 한국주택금융"
WLF00001108,주택담보노후연금보증,generic_fallback,2026-07-28T13:39:22.126501+00:00,3,통장사본,,,3,현금지급,2,"신청기관연락처목록: 거주지 읍/면/동 주민센터, 한국주택금융공사에서 ‘서비스 신청’ 조사기관연락처목록: 담당 시/군/구청 또는 한국주택금융공사에서 조사 및 심사 결정기관연락처목록: 담당 시/군/구청 또는 한국주택금융"
WLF00001111,취약지역 어르신 문화누림,generic_fallback,2026-07-28T13:45:50.135552+00:00,1,신분증,,,2,프로그램/서비스(서비스),0,조사기관연락처목록: 담당 시/군/구청 또는 한국문화원연합회에서 조사 및 심사 결정기관연락처목록: 담당 시/군/구청 또는 한국문화원연합회에서 보장 결정 지급기관연락처목록: 담당 시/군/구청 또는 한국문화원연합회에서 대
WLF00001111,취약지역 어르신 문화누림,generic_fallback,2026-07-28T13:45:50.135552+00:00,2,신청서,,,2,프로그램/서비스(서비스),0,조사기관연락처목록: 담당 시/군/구청 또는 한국문화원연합회에서 조사 및 심사 결정기관연락처목록: 담당 시/군/구청 또는 한국문화원연합회에서 보장 결정 지급기관연락처목록: 담당 시/군/구청 또는 한국문화원연합회에서 대
WLF00001113,(특수교육대상자) 치료지원서비스,generic_fallback,2026-07-28T13:45:50.135552+00:00,1,신분증,,,2,전자바우처(바우처),2,"신청기관연락처목록: 거주지 읍/면/동 주민센터, 유초중고등학교 및 특수학교에서 ‘서비스 신청’ 조사기관연락처목록: 담당 시/군/구청 또는 시도교육청에서 조사 및 심사 결정기관연락처목록: 담당 시/군/구청 또는 시도교"
WLF00001113,(특수교육대상자) 치료지원서비스,generic_fallback,2026-07-28T13:45:50.135552+00:00,2,신청서,,,2,전자바우처(바우처),2,"신청기관연락처목록: 거주지 읍/면/동 주민센터, 유초중고등학교 및 특수학교에서 ‘서비스 신청’ 조사기관연락처목록: 담당 시/군/구청 또는 시도교육청에서 조사 및 심사 결정기관연락처목록: 담당 시/군/구청 또는 시도교"
WLF00001114,이주배경 청소년 지원,generic_fallback,2026-07-28T13:50:44.211560+00:00,1,신분증,,,2,프로그램/서비스(서비스),0,조사기관연락처목록: 담당 시/군/구청 또는 이주배경청소년지원센터에서 조사 및 심사 결정기관연락처목록: 담당 시/군/구청 또는 이주배경청소년지원센터에서 보장 결정 지급기관연락처목록: 담당 시/군/구청 또는 이주배경청소
WLF00001114,이주배경 청소년 지원,generic_fallback,2026-07-28T13:50:44.211560+00:00,2,신청서,,,2,프로그램/서비스(서비스),0,조사기관연락처목록: 담당 시/군/구청 또는 이주배경청소년지원센터에서 조사 및 심사 결정기관연락처목록: 담당 시/군/구청 또는 이주배경청소년지원센터에서 보장 결정 지급기관연락처목록: 담당 시/군/구청 또는 이주배경청소
WLF00001115,노인 개안수술비 지원,generic_fallback,2026-07-28T13:45:50.135552+00:00,1,신분증,,,2,현물지급,2,"신청기관연락처목록: 거주지 읍/면/동 주민센터, 보건소에서 ‘서비스 신청’ 조사기관연락처목록: 담당 시/군/구청 또는 보건소 에서 조사 및 심사 결정기관연락처목록: 담당 시/군/구청 또는 한국실명예방재단에서 보장 결"
WLF00001115,노인 개안수술비 지원,generic_fallback,2026-07-28T13:45:50.135552+00:00,2,신청서,,,2,현물지급,2,"신청기관연락처목록: 거주지 읍/면/동 주민센터, 보건소에서 ‘서비스 신청’ 조사기관연락처목록: 담당 시/군/구청 또는 보건소 에서 조사 및 심사 결정기관연락처목록: 담당 시/군/구청 또는 한국실명예방재단에서 보장 결"
WLF00001116,입양비용지원,generic_fallback,2026-07-28T13:45:50.135552+00:00,1,신분증,,,3,현금지급,1,"신청기관연락처목록: 거주지 읍/면/동 주민센터, 시군구에서 ‘서비스 신청’ 조사기관연락처목록: 담당 시/군/구청 또는 시군구에서 조사 및 심사 결정기관연락처목록: 담당 시/군/구청 또는 시군구에서 보장 결정 지급기관"
WLF00001116,입양비용지원,generic_fallback,2026-07-28T13:45:50.135552+00:00,2,신청서,,,3,현금지급,1,"신청기관연락처목록: 거주지 읍/면/동 주민센터, 시군구에서 ‘서비스 신청’ 조사기관연락처목록: 담당 시/군/구청 또는 시군구에서 조사 및 심사 결정기관연락처목록: 담당 시/군/구청 또는 시군구에서 보장 결정 지급기관"
WLF00001116,입양비용지원,generic_fallback,2026-07-28T13:45:50.135552+00:00,3,통장사본,,,3,현금지급,1,"신청기관연락처목록: 거주지 읍/면/동 주민센터, 시군구에서 ‘서비스 신청’ 조사기관연락처목록: 담당 시/군/구청 또는 시군구에서 조사 및 심사 결정기관연락처목록: 담당 시/군/구청 또는 시군구에서 보장 결정 지급기관"
WLF00001118,고등학교 무상교육,generic_fallback,2026-07-28T13:45:50.135552+00:00,1,신분증,,,2,기타,1,조사기관연락처목록: 담당 시/군/구청 또는 시도교육청에서 조사 및 심사 결정기관연락처목록: 담당 시/군/구청 또는 시도교육청에서 보장 결정 지급기관연락처목록: 담당 시/군/구청 또는 시도교육청 에서 대상자에게 서비스
WLF00001118,고등학교 무상교육,generic_fallback,2026-07-28T13:45:50.135552+00:00,2,신청서,,,2,기타,1,조사기관연락처목록: 담당 시/군/구청 또는 시도교육청에서 조사 및 심사 결정기관연락처목록: 담당 시/군/구청 또는 시도교육청에서 보장 결정 지급기관연락처목록: 담당 시/군/구청 또는 시도교육청 에서 대상자에게 서비스
WLF00001121,장애입양아동 의료비지원,generic_fallback,2026-07-28T13:45:50.135552+00:00,1,신분증,,,3,현금지급,1,"신청기관연락처목록: 거주지 읍/면/동 주민센터, 시군구에서 ‘서비스 신청’ 조사기관연락처목록: 담당 시/군/구청 또는 시군구에서 조사 및 심사 결정기관연락처목록: 담당 시/군/구청 또는 시군구에서 보장 결정 지급기관"
WLF00001121,장애입양아동 의료비지원,generic_fallback,2026-07-28T13:45:50.135552+00:00,2,신청서,,,3,현금지급,1,"신청기관연락처목록: 거주지 읍/면/동 주민센터, 시군구에서 ‘서비스 신청’ 조사기관연락처목록: 담당 시/군/구청 또는 시군구에서 조사 및 심사 결정기관연락처목록: 담당 시/군/구청 또는 시군구에서 보장 결정 지급기관"
WLF00001121,장애입양아동 의료비지원,generic_fallback,2026-07-28T13:45:50.135552+00:00,3,통장사본,,,3,현금지급,1,"신청기관연락처목록: 거주지 읍/면/동 주민센터, 시군구에서 ‘서비스 신청’ 조사기관연락처목록: 담당 시/군/구청 또는 시군구에서 조사 및 심사 결정기관연락처목록: 담당 시/군/구청 또는 시군구에서 보장 결정 지급기관"
WLF00001125,산재근로자직업훈련,generic_fallback,2026-07-28T13:50:44.211560+00:00,1,신분증,,,3,현금지급,1,"신청기관연락처목록: 거주지 읍/면/동 주민센터, 근로복지공단에서 ‘서비스 신청’ 조사기관연락처목록: 담당 시/군/구청 또는 근로복지공단에서 조사 및 심사 결정기관연락처목록: 담당 시/군/구청 또는 근로복지공단에서 보"
WLF00001125,산재근로자직업훈련,generic_fallback,2026-07-28T13:50:44.211560+00:00,2,신청서,,,3,현금지급,1,"신청기관연락처목록: 거주지 읍/면/동 주민센터, 근로복지공단에서 ‘서비스 신청’ 조사기관연락처목록: 담당 시/군/구청 또는 근로복지공단에서 조사 및 심사 결정기관연락처목록: 담당 시/군/구청 또는 근로복지공단에서 보"
WLF00001125,산재근로자직업훈련,generic_fallback,2026-07-28T13:50:44.211560+00:00,3,통장사본,,,3,현금지급,1,"신청기관연락처목록: 거주지 읍/면/동 주민센터, 근로복지공단에서 ‘서비스 신청’ 조사기관연락처목록: 담당 시/군/구청 또는 근로복지공단에서 조사 및 심사 결정기관연락처목록: 담당 시/군/구청 또는 근로복지공단에서 보"
WLF00001134,권역재활병원 공공재활프로그램 운영지원,generic_fallback,2026-07-28T13:50:44.211560+00:00,1,신분증,,,2,프로그램/서비스(서비스),1,조사기관연락처목록: 담당 시/군/구청 또는 권역재활병원에서 조사 및 심사 결정기관연락처목록: 담당 시/군/구청 또는 권역재활병원에서 보장 결정 지급기관연락처목록: 담당 시/군/구청 또는 권역재활병원에서 대상자에게 서
WLF00001134,권역재활병원 공공재활프로그램 운영지원,generic_fallback,2026-07-28T13:50:44.211560+00:00,2,신청서,,,2,프로그램/서비스(서비스),1,조사기관연락처목록: 담당 시/군/구청 또는 권역재활병원에서 조사 및 심사 결정기관연락처목록: 담당 시/군/구청 또는 권역재활병원에서 보장 결정 지급기관연락처목록: 담당 시/군/구청 또는 권역재활병원에서 대상자에게 서
WLF00001138,"자활근로(기초, 차상위)",generic_fallback,2026-07-28T14:53:46.828259+00:00,1,신분증,,,3,현금지급,1,"신청기관연락처목록: 거주지 읍/면/동 주민센터, 읍면동에서 ‘서비스 신청’ 조사기관연락처목록: 담당 시/군/구청 또는 시군구에서 조사 및 심사 결정기관연락처목록: 담당 시/군/구청 또는 시군구에서 보장 결정 지급기관"
WLF00001138,"자활근로(기초, 차상위)",generic_fallback,2026-07-28T14:53:46.828259+00:00,2,신청서,,,3,현금지급,1,"신청기관연락처목록: 거주지 읍/면/동 주민센터, 읍면동에서 ‘서비스 신청’ 조사기관연락처목록: 담당 시/군/구청 또는 시군구에서 조사 및 심사 결정기관연락처목록: 담당 시/군/구청 또는 시군구에서 보장 결정 지급기관"
WLF00001138,"자활근로(기초, 차상위)",generic_fallback,2026-07-28T14:53:46.828259+00:00,3,통장사본,,,3,현금지급,1,"신청기관연락처목록: 거주지 읍/면/동 주민센터, 읍면동에서 ‘서비스 신청’ 조사기관연락처목록: 담당 시/군/구청 또는 시군구에서 조사 및 심사 결정기관연락처목록: 담당 시/군/구청 또는 시군구에서 보장 결정 지급기관"
WLF00001139,성매매 피해아동청소년 통합지원,generic_fallback,2026-07-28T13:55:45.159455+00:00,1,신분증,,,2,"프로그램/서비스(서비스), 기타",1,"조사기관연락처목록: 담당 시/군/구청 또는 검찰, 경찰, 지역별 위탁기관에서 조사 및 심사 신청기관연락처목록: 거주지 읍/면/동 주민센터, 검찰, 경찰, 지역별 위탁기관에서 ‘서비스 신청’ 신청기관연락처목록: 거주지"
WLF00001139,성매매 피해아동청소년 통합지원,generic_fallback,2026-07-28T13:55:45.159455+00:00,2,신청서,,,2,"프로그램/서비스(서비스), 기타",1,"조사기관연락처목록: 담당 시/군/구청 또는 검찰, 경찰, 지역별 위탁기관에서 조사 및 심사 신청기관연락처목록: 거주지 읍/면/동 주민센터, 검찰, 경찰, 지역별 위탁기관에서 ‘서비스 신청’ 신청기관연락처목록: 거주지"
WLF00001140,방과후보육료지원,generic_fallback,2026-07-28T13:45:50.135552+00:00,1,신분증,,,2,전자바우처(바우처),1,"신청기관연락처목록: 거주지 읍/면/동 주민센터, 읍면동 또는 복지로 웹사이트(PC/모바일앱)에서 ‘서비스 신청’ 조사기관연락처목록: 담당 시/군/구청 또는 시군구에서 조사 및 심사 결정기관연락처목록: 담당 시/군/구"
WLF00001140,방과후보육료지원,generic_fallback,2026-07-28T13:45:50.135552+00:00,2,신청서,,,2,전자바우처(바우처),1,"신청기관연락처목록: 거주지 읍/면/동 주민센터, 읍면동 또는 복지로 웹사이트(PC/모바일앱)에서 ‘서비스 신청’ 조사기관연락처목록: 담당 시/군/구청 또는 시군구에서 조사 및 심사 결정기관연락처목록: 담당 시/군/구"
WLF00001141,지역사회 청소년통합지원체계(청소년안전망),generic_fallback,2026-07-28T13:50:44.211560+00:00,1,신분증,,,2,프로그램/서비스(서비스),1,"신청기관연락처목록: 거주지 읍/면/동 주민센터, 전국 청소년상담복지센터에서 ‘서비스 신청’ 조사기관연락처목록: 담당 시/군/구청 또는 전국 청소년상담복지센터에서 조사 및 심사 결정기관연락처목록: 담당 시/군/구청 또"
WLF00001141,지역사회 청소년통합지원체계(청소년안전망),generic_fallback,2026-07-28T13:50:44.211560+00:00,2,신청서,,,2,프로그램/서비스(서비스),1,"신청기관연락처목록: 거주지 읍/면/동 주민센터, 전국 청소년상담복지센터에서 ‘서비스 신청’ 조사기관연락처목록: 담당 시/군/구청 또는 전국 청소년상담복지센터에서 조사 및 심사 결정기관연락처목록: 담당 시/군/구청 또"
WLF00001142,북한배경학생 교육 지원(멘토링 지원 등),generic_fallback,2026-07-28T13:45:50.135552+00:00,1,신분증,,,2,프로그램/서비스(서비스),1,"신청기관연락처목록: 거주지 읍/면/동 주민센터, 한국교육개발원에서 ‘서비스 신청’ 신청기관연락처목록: 거주지 읍/면/동 주민센터, 17개 시도교육청 및 지역교육지원청에서 ‘서비스 신청’ 신청기관연락처목록: 거주지 읍"
WLF00001142,북한배경학생 교육 지원(멘토링 지원 등),generic_fallback,2026-07-28T13:45:50.135552+00:00,2,신청서,,,2,프로그램/서비스(서비스),1,"신청기관연락처목록: 거주지 읍/면/동 주민센터, 한국교육개발원에서 ‘서비스 신청’ 신청기관연락처목록: 거주지 읍/면/동 주민센터, 17개 시도교육청 및 지역교육지원청에서 ‘서비스 신청’ 신청기관연락처목록: 거주지 읍"
WLF00001143,시각장애인음악재활센터지원,generic_fallback,2026-07-28T13:50:44.211560+00:00,1,신분증,,,2,프로그램/서비스(서비스),0,조사기관연락처목록: 담당 시/군/구청 또는 실로암시각장애인복지관에서 조사 및 심사 결정기관연락처목록: 담당 시/군/구청 또는 실로암시각장애인복지관에서 보장 결정 지급기관연락처목록: 담당 시/군/구청 또는 실로암시각장
WLF00001143,시각장애인음악재활센터지원,generic_fallback,2026-07-28T13:50:44.211560+00:00,2,신청서,,,2,프로그램/서비스(서비스),0,조사기관연락처목록: 담당 시/군/구청 또는 실로암시각장애인복지관에서 조사 및 심사 결정기관연락처목록: 담당 시/군/구청 또는 실로암시각장애인복지관에서 보장 결정 지급기관연락처목록: 담당 시/군/구청 또는 실로암시각장
WLF00001146,시설 퇴소청소년 자립지원수당 지급,generic_fallback,2026-07-28T13:45:50.135552+00:00,1,신분증,,,3,현금지급,3,"신청기관연락처목록: 거주지 읍/면/동 주민센터, 신청자 주민등록상 주소지 관할 시군구에서 ‘서비스 신청’ 조사기관연락처목록: 담당 시/군/구청 또는 신청자 주민등록상 주소지 관할 시군구에서 조사 및 심사 결정기관연락"
WLF00001146,시설 퇴소청소년 자립지원수당 지급,generic_fallback,2026-07-28T13:45:50.135552+00:00,2,신청서,,,3,현금지급,3,"신청기관연락처목록: 거주지 읍/면/동 주민센터, 신청자 주민등록상 주소지 관할 시군구에서 ‘서비스 신청’ 조사기관연락처목록: 담당 시/군/구청 또는 신청자 주민등록상 주소지 관할 시군구에서 조사 및 심사 결정기관연락"
WLF00001146,시설 퇴소청소년 자립지원수당 지급,generic_fallback,2026-07-28T13:45:50.135552+00:00,3,통장사본,,,3,현금지급,3,"신청기관연락처목록: 거주지 읍/면/동 주민센터, 신청자 주민등록상 주소지 관할 시군구에서 ‘서비스 신청’ 조사기관연락처목록: 담당 시/군/구청 또는 신청자 주민등록상 주소지 관할 시군구에서 조사 및 심사 결정기관연락"
WLF00001152,노숙인등 복지지원,generic_fallback,2026-07-28T13:55:45.159455+00:00,1,신분증,,,2,시설입소,1,조사기관연락처목록: 담당 시/군/구청 또는 시군구에서 조사 및 심사 결정기관연락처목록: 담당 시/군/구청 또는 시군구에서 보장 결정 지급기관연락처목록: 담당 시/군/구청 또는 노숙인시설운영기관에서 대상자에게 서비스 
WLF00001152,노숙인등 복지지원,generic_fallback,2026-07-28T13:55:45.159455+00:00,2,신청서,,,2,시설입소,1,조사기관연락처목록: 담당 시/군/구청 또는 시군구에서 조사 및 심사 결정기관연락처목록: 담당 시/군/구청 또는 시군구에서 보장 결정 지급기관연락처목록: 담당 시/군/구청 또는 노숙인시설운영기관에서 대상자에게 서비스 
WLF00001153,장애인보조견전문훈련기관지원,generic_fallback,2026-07-28T13:55:45.159455+00:00,1,신분증,,,2,프로그램/서비스(서비스),0,조사기관연락처목록: 담당 시/군/구청 또는 공모중에서 조사 및 심사 결정기관연락처목록: 담당 시/군/구청 또는 공모중에서 보장 결정 지급기관연락처목록: 담당 시/군/구청 또는 공모중에서 대상자에게 서비스 제공 사후관
WLF00001153,장애인보조견전문훈련기관지원,generic_fallback,2026-07-28T13:55:45.159455+00:00,2,신청서,,,2,프로그램/서비스(서비스),0,조사기관연락처목록: 담당 시/군/구청 또는 공모중에서 조사 및 심사 결정기관연락처목록: 담당 시/군/구청 또는 공모중에서 보장 결정 지급기관연락처목록: 담당 시/군/구청 또는 공모중에서 대상자에게 서비스 제공 사후관
WLF00001155,노인일자리 및 사회활동 지원사업,generic_fallback,2026-07-28T13:45:50.135552+00:00,1,신분증,,,3,현금지급,2,"신청기관연락처목록: 거주지 읍/면/동 주민센터, 기초자치단체 및 민간일자리 수행기관 또는 복지로 웹사이트(PC/모바일앱)에서 ‘서비스 신청’ 조사기관연락처목록: 담당 시/군/구청 또는 기초자치단체 및 민간일자리 수행"
WLF00001155,노인일자리 및 사회활동 지원사업,generic_fallback,2026-07-28T13:45:50.135552+00:00,2,신청서,,,3,현금지급,2,"신청기관연락처목록: 거주지 읍/면/동 주민센터, 기초자치단체 및 민간일자리 수행기관 또는 복지로 웹사이트(PC/모바일앱)에서 ‘서비스 신청’ 조사기관연락처목록: 담당 시/군/구청 또는 기초자치단체 및 민간일자리 수행"
WLF00001155,노인일자리 및 사회활동 지원사업,generic_fallback,2026-07-28T13:45:50.135552+00:00,3,통장사본,,,3,현금지급,2,"신청기관연락처목록: 거주지 읍/면/동 주민센터, 기초자치단체 및 민간일자리 수행기관 또는 복지로 웹사이트(PC/모바일앱)에서 ‘서비스 신청’ 조사기관연락처목록: 담당 시/군/구청 또는 기초자치단체 및 민간일자리 수행"
WLF00001157,지역자활센터 운영,generic_fallback,2026-07-28T13:55:45.159455+00:00,1,신분증,,,2,프로그램/서비스(서비스),1,조사기관연락처목록: 담당 시/군/구청 또는 시군구에서 조사 및 심사 결정기관연락처목록: 담당 시/군/구청 또는 시군구에서 보장 결정 지급기관연락처목록: 담당 시/군/구청 또는 지역자활센터에서 대상자에게 서비스 제공 
WLF00001157,지역자활센터 운영,generic_fallback,2026-07-28T13:55:45.159455+00:00,2,신청서,,,2,프로그램/서비스(서비스),1,조사기관연락처목록: 담당 시/군/구청 또는 시군구에서 조사 및 심사 결정기관연락처목록: 담당 시/군/구청 또는 시군구에서 보장 결정 지급기관연락처목록: 담당 시/군/구청 또는 지역자활센터에서 대상자에게 서비스 제공 
WLF00001160,노숙자 등 알코올중독자 사례관리 사업,generic_fallback,2026-07-28T13:55:45.159455+00:00,1,신분증,,,2,프로그램/서비스(서비스),1,"조사기관연락처목록: 담당 시/군/구청 또는 중독관리통합지원센터에서 조사 및 심사 결정기관연락처목록: 담당 시/군/구청 또는 중독관리통합지원센터에서 보장 결정 이의신청접수기관연락처목록: 이의가 있을 경우, 담당 시/군"
WLF00001160,노숙자 등 알코올중독자 사례관리 사업,generic_fallback,2026-07-28T13:55:45.159455+00:00,2,신청서,,,2,프로그램/서비스(서비스),1,"조사기관연락처목록: 담당 시/군/구청 또는 중독관리통합지원센터에서 조사 및 심사 결정기관연락처목록: 담당 시/군/구청 또는 중독관리통합지원센터에서 보장 결정 이의신청접수기관연락처목록: 이의가 있을 경우, 담당 시/군"
WLF00001162,긴급복지 연료비 및 전기요금,generic_fallback,2026-07-28T14:53:46.828259+00:00,1,신분증,,,3,"현물지급, 현금지급",1,"조사기관연락처목록: 담당 시/군/구청 또는 시군구에서 조사 및 심사 결정기관연락처목록: 담당 시/군/구청 또는 시군구에서 보장 결정 이의신청접수기관연락처목록: 이의가 있을 경우, 담당 시/군/구청 또는 시군구에 이의"
WLF00001162,긴급복지 연료비 및 전기요금,generic_fallback,2026-07-28T14:53:46.828259+00:00,2,신청서,,,3,"현물지급, 현금지급",1,"조사기관연락처목록: 담당 시/군/구청 또는 시군구에서 조사 및 심사 결정기관연락처목록: 담당 시/군/구청 또는 시군구에서 보장 결정 이의신청접수기관연락처목록: 이의가 있을 경우, 담당 시/군/구청 또는 시군구에 이의"
WLF00001162,긴급복지 연료비 및 전기요금,generic_fallback,2026-07-28T14:53:46.828259+00:00,3,통장사본,,,3,"현물지급, 현금지급",1,"조사기관연락처목록: 담당 시/군/구청 또는 시군구에서 조사 및 심사 결정기관연락처목록: 담당 시/군/구청 또는 시군구에서 보장 결정 이의신청접수기관연락처목록: 이의가 있을 경우, 담당 시/군/구청 또는 시군구에 이의"
WLF00001166,성폭력피해자 지원사업,generic_fallback,2026-07-28T14:00:56.236617+00:00,1,신분증,,,3,현금지급,2,"신청기관연락처목록: 거주지 읍/면/동 주민센터, 성폭력상담소 ,보호시설 ,통합지원센터 ,여성긴급전화 1366센터 등 피해자지원기관에서 ‘서비스 신청’ 조사기관연락처목록: 담당 시/군/구청 또는 지자체 성폭력 피해 담"
WLF00001166,성폭력피해자 지원사업,generic_fallback,2026-07-28T14:00:56.236617+00:00,2,신청서,,,3,현금지급,2,"신청기관연락처목록: 거주지 읍/면/동 주민센터, 성폭력상담소 ,보호시설 ,통합지원센터 ,여성긴급전화 1366센터 등 피해자지원기관에서 ‘서비스 신청’ 조사기관연락처목록: 담당 시/군/구청 또는 지자체 성폭력 피해 담"
WLF00001166,성폭력피해자 지원사업,generic_fallback,2026-07-28T14:00:56.236617+00:00,3,통장사본,,,3,현금지급,2,"신청기관연락처목록: 거주지 읍/면/동 주민센터, 성폭력상담소 ,보호시설 ,통합지원센터 ,여성긴급전화 1366센터 등 피해자지원기관에서 ‘서비스 신청’ 조사기관연락처목록: 담당 시/군/구청 또는 지자체 성폭력 피해 담"
WLF00001167,장애인기업종합지원센터운영,generic_fallback,2026-07-28T13:45:50.135552+00:00,1,신분증,,,2,프로그램/서비스(서비스),2,"신청기관연락처목록: 거주지 읍/면/동 주민센터, (재)장애인기업종합지원센터에서 ‘서비스 신청’ 조사기관연락처목록: 담당 시/군/구청 또는 (재)장애인기업종합지원센터에서 조사 및 심사 결정기관연락처목록: 담당 시/군/"
WLF00001167,장애인기업종합지원센터운영,generic_fallback,2026-07-28T13:45:50.135552+00:00,2,신청서,,,2,프로그램/서비스(서비스),2,"신청기관연락처목록: 거주지 읍/면/동 주민센터, (재)장애인기업종합지원센터에서 ‘서비스 신청’ 조사기관연락처목록: 담당 시/군/구청 또는 (재)장애인기업종합지원센터에서 조사 및 심사 결정기관연락처목록: 담당 시/군/"
WLF00001168,(북한이탈주민)자립자활지원,generic_fallback,2026-07-28T14:00:56.236617+00:00,1,신분증,,,2,프로그램/서비스(서비스),0,"신청기관연락처목록: 거주지 읍/면/동 주민센터, 북한이탈주민 지원재단에서 ‘서비스 신청’ 조사기관연락처목록: 담당 시/군/구청 또는 북한이탈주민 지원재단에서 조사 및 심사 결정기관연락처목록: 담당 시/군/구청 또는 "
WLF00001168,(북한이탈주민)자립자활지원,generic_fallback,2026-07-28T14:00:56.236617+00:00,2,신청서,,,2,프로그램/서비스(서비스),0,"신청기관연락처목록: 거주지 읍/면/동 주민센터, 북한이탈주민 지원재단에서 ‘서비스 신청’ 조사기관연락처목록: 담당 시/군/구청 또는 북한이탈주민 지원재단에서 조사 및 심사 결정기관연락처목록: 담당 시/군/구청 또는 "
WLF00001171,아동수당 지급,generic_fallback,2026-07-28T13:45:50.135552+00:00,1,신분증,,,3,현금지급,3,"신청기관연락처목록: 거주지 읍/면/동 주민센터, 읍면동주민센터 또는 복지로 웹사이트(PC/모바일앱)에서 ‘서비스 신청’ 조사기관연락처목록: 담당 시/군/구청 또는 시군구에서 조사 및 심사 결정기관연락처목록: 담당 시"
WLF00001171,아동수당 지급,generic_fallback,2026-07-28T13:45:50.135552+00:00,2,신청서,,,3,현금지급,3,"신청기관연락처목록: 거주지 읍/면/동 주민센터, 읍면동주민센터 또는 복지로 웹사이트(PC/모바일앱)에서 ‘서비스 신청’ 조사기관연락처목록: 담당 시/군/구청 또는 시군구에서 조사 및 심사 결정기관연락처목록: 담당 시"
WLF00001171,아동수당 지급,generic_fallback,2026-07-28T13:45:50.135552+00:00,3,통장사본,,,3,현금지급,3,"신청기관연락처목록: 거주지 읍/면/동 주민센터, 읍면동주민센터 또는 복지로 웹사이트(PC/모바일앱)에서 ‘서비스 신청’ 조사기관연락처목록: 담당 시/군/구청 또는 시군구에서 조사 및 심사 결정기관연락처목록: 담당 시"
WLF00001173,국립특수학교 및 국립부설학교 특수학급 지원,generic_fallback,2026-07-28T13:50:44.211560+00:00,1,신분증,,,2,프로그램/서비스(서비스),1,"신청기관연락처목록: 거주지 읍/면/동 주민센터, 국립특수학교 및 국립대학 부설학교에서 ‘서비스 신청’ 조사기관연락처목록: 담당 시/군/구청 또는 국립특수학교 및 국립대학 부설학교에서 조사 및 심사 결정기관연락처목록:"
WLF00001173,국립특수학교 및 국립부설학교 특수학급 지원,generic_fallback,2026-07-28T13:50:44.211560+00:00,2,신청서,,,2,프로그램/서비스(서비스),1,"신청기관연락처목록: 거주지 읍/면/동 주민센터, 국립특수학교 및 국립대학 부설학교에서 ‘서비스 신청’ 조사기관연락처목록: 담당 시/군/구청 또는 국립특수학교 및 국립대학 부설학교에서 조사 및 심사 결정기관연락처목록:"
WLF00001176,암검진사업,generic_fallback,2026-07-28T14:00:56.236617+00:00,1,신분증,,,2,현물지급,1,"신청기관연락처목록: 거주지 읍/면/동 주민센터, 지정암검진기관에서 ‘서비스 신청’ 조사기관연락처목록: 담당 시/군/구청 또는 국민건강보험공단에서 조사 및 심사 결정기관연락처목록: 담당 시/군/구청 또는 국민건강보험공"
WLF00001176,암검진사업,generic_fallback,2026-07-28T14:00:56.236617+00:00,2,신청서,,,2,현물지급,1,"신청기관연락처목록: 거주지 읍/면/동 주민센터, 지정암검진기관에서 ‘서비스 신청’ 조사기관연락처목록: 담당 시/군/구청 또는 국민건강보험공단에서 조사 및 심사 결정기관연락처목록: 담당 시/군/구청 또는 국민건강보험공"
WLF00001180,학대피해아동 쉼터 설치 및 운영,generic_fallback,2026-07-28T14:00:56.236617+00:00,1,신분증,,,2,시설입소,2,조사기관연락처목록: 담당 시/군/구청 또는 아동 주민등록상 주소지의 시군구에서 조사 및 심사 결정기관연락처목록: 담당 시/군/구청 또는 아동 주민등록상 주소지의 시군구에서 보장 결정 지급기관연락처목록: 담당 시/군/
WLF00001180,학대피해아동 쉼터 설치 및 운영,generic_fallback,2026-07-28T14:00:56.236617+00:00,2,신청서,,,2,시설입소,2,조사기관연락처목록: 담당 시/군/구청 또는 아동 주민등록상 주소지의 시군구에서 조사 및 심사 결정기관연락처목록: 담당 시/군/구청 또는 아동 주민등록상 주소지의 시군구에서 보장 결정 지급기관연락처목록: 담당 시/군/
WLF00001181,중앙노인돌봄지원기관 운영지원,generic_fallback,2026-07-28T14:00:56.236617+00:00,1,신분증,,,3,현금지급,1,조사기관연락처목록: 담당 시/군/구청 또는 보건복지부 노인정책과에서 조사 및 심사 결정기관연락처목록: 담당 시/군/구청 또는 보건복지부 노인정책과에서 보장 결정 지급기관연락처목록: 담당 시/군/구청 또는 중앙노인돌봄
WLF00001181,중앙노인돌봄지원기관 운영지원,generic_fallback,2026-07-28T14:00:56.236617+00:00,2,신청서,,,3,현금지급,1,조사기관연락처목록: 담당 시/군/구청 또는 보건복지부 노인정책과에서 조사 및 심사 결정기관연락처목록: 담당 시/군/구청 또는 보건복지부 노인정책과에서 보장 결정 지급기관연락처목록: 담당 시/군/구청 또는 중앙노인돌봄
WLF00001181,중앙노인돌봄지원기관 운영지원,generic_fallback,2026-07-28T14:00:56.236617+00:00,3,통장사본,,,3,현금지급,1,조사기관연락처목록: 담당 시/군/구청 또는 보건복지부 노인정책과에서 조사 및 심사 결정기관연락처목록: 담당 시/군/구청 또는 보건복지부 노인정책과에서 보장 결정 지급기관연락처목록: 담당 시/군/구청 또는 중앙노인돌봄
WLF00001182,학교우유급식,generic_fallback,2026-07-28T13:50:44.211560+00:00,1,신분증,,,2,현물지급,2,"신청기관연락처목록: 거주지 읍/면/동 주민센터, 초중고교에서 ‘서비스 신청’ 조사기관연락처목록: 담당 시/군/구청 또는 초중고교에서 조사 및 심사 결정기관연락처목록: 담당 시/군/구청 또는 초중고교에서 보장 결정 지"
WLF00001182,학교우유급식,generic_fallback,2026-07-28T13:50:44.211560+00:00,2,신청서,,,2,현물지급,2,"신청기관연락처목록: 거주지 읍/면/동 주민센터, 초중고교에서 ‘서비스 신청’ 조사기관연락처목록: 담당 시/군/구청 또는 초중고교에서 조사 및 심사 결정기관연락처목록: 담당 시/군/구청 또는 초중고교에서 보장 결정 지"
WLF00001185,의료급여수급권자 영유아건강검진비 지원,generic_fallback,2026-07-28T14:00:56.236617+00:00,1,신분증,,,2,현물지급,1,조사기관연락처목록: 담당 시/군/구청 또는 국민건강보험공단에서 조사 및 심사 결정기관연락처목록: 담당 시/군/구청 또는 국민건강보험공단에서 보장 결정 지급기관연락처목록: 담당 시/군/구청 또는 국민건강보험공단에서 대
WLF00001185,의료급여수급권자 영유아건강검진비 지원,generic_fallback,2026-07-28T14:00:56.236617+00:00,2,신청서,,,2,현물지급,1,조사기관연락처목록: 담당 시/군/구청 또는 국민건강보험공단에서 조사 및 심사 결정기관연락처목록: 담당 시/군/구청 또는 국민건강보험공단에서 보장 결정 지급기관연락처목록: 담당 시/군/구청 또는 국민건강보험공단에서 대
WLF00001214,저소득구민 지원(기초생계·의료급여 수급자 명절 위문금지원),generic_fallback,2026-07-28T14:00:56.236617+00:00,1,신분증,,,3,현금지급,1,
WLF00001214,저소득구민 지원(기초생계·의료급여 수급자 명절 위문금지원),generic_fallback,2026-07-28T14:00:56.236617+00:00,2,신청서,,,3,현금지급,1,
WLF00001214,저소득구민 지원(기초생계·의료급여 수급자 명절 위문금지원),generic_fallback,2026-07-28T14:00:56.236617+00:00,3,통장사본,,,3,현금지급,1,
WLF00001299,희망의 집수리사업,generic_fallback,2026-07-28T13:50:44.211560+00:00,1,신분증,,,2,현물지급,1,거주지 주소 관할 동주민센터 신청 접수(상하반기 2회 접수)
WLF00001299,희망의 집수리사업,generic_fallback,2026-07-28T13:50:44.211560+00:00,2,신청서,,,2,현물지급,1,거주지 주소 관할 동주민센터 신청 접수(상하반기 2회 접수)
WLF00001842,저소득 장애인 무료급식 지원 사업,generic_fallback,2026-07-28T13:50:44.211560+00:00,1,신분증,,,2,현물지급,1,구립동대문장애인종합복지관 신청후 대상자 선정
WLF00001842,저소득 장애인 무료급식 지원 사업,generic_fallback,2026-07-28T13:50:44.211560+00:00,2,신청서,,,2,현물지급,1,구립동대문장애인종합복지관 신청후 대상자 선정
WLF00001856,장애인보조기구수리사업,generic_fallback,2026-07-28T13:50:44.211560+00:00,1,신분증,,,3,현금지급,1,1. 강북구수어통역센터: 개별적 수리 후 수어통역센터를 통하여 수리비 신청2. 케어런의료기 전화상담 및 내방상담
WLF00001856,장애인보조기구수리사업,generic_fallback,2026-07-28T13:50:44.211560+00:00,2,신청서,,,3,현금지급,1,1. 강북구수어통역센터: 개별적 수리 후 수어통역센터를 통하여 수리비 신청2. 케어런의료기 전화상담 및 내방상담
WLF00001856,장애인보조기구수리사업,generic_fallback,2026-07-28T13:50:44.211560+00:00,3,통장사본,,,3,현금지급,1,1. 강북구수어통역센터: 개별적 수리 후 수어통역센터를 통하여 수리비 신청2. 케어런의료기 전화상담 및 내방상담
WLF00001859,마포 징검다리 주택사업,generic_fallback,2026-07-28T14:00:56.236617+00:00,1,신분증,,,3,"현금지급, 현금대여(융자), 기타",1,방문 신청(해당 동주민센터)
WLF00001859,마포 징검다리 주택사업,generic_fallback,2026-07-28T14:00:56.236617+00:00,2,신청서,,,3,"현금지급, 현금대여(융자), 기타",1,방문 신청(해당 동주민센터)
WLF00001859,마포 징검다리 주택사업,generic_fallback,2026-07-28T14:00:56.236617+00:00,3,통장사본,,,3,"현금지급, 현금대여(융자), 기타",1,방문 신청(해당 동주민센터)
WLF00002013,저소득주민 국민건강보험료 지원,generic_fallback,2026-07-28T14:00:56.236617+00:00,1,신분증,,,3,현금지급,1,
WLF00002013,저소득주민 국민건강보험료 지원,generic_fallback,2026-07-28T14:00:56.236617+00:00,2,신청서,,,3,현금지급,1,
WLF00002013,저소득주민 국민건강보험료 지원,generic_fallback,2026-07-28T14:00:56.236617+00:00,3,통장사본,,,3,현금지급,1,
WLF00002060,장난감세상 운영,generic_fallback,2026-07-28T14:00:56.236617+00:00,1,신분증,,,2,현물대여,1,장난감세상 회원가입 후 이용
WLF00002060,장난감세상 운영,generic_fallback,2026-07-28T14:00:56.236617+00:00,2,신청서,,,2,현물대여,1,장난감세상 회원가입 후 이용
WLF00002110,장애인활동 추가지원(구비추가사업),generic_fallback,2026-07-28T13:50:44.211560+00:00,1,신분증,,,2,전자바우처(바우처),1,은평구 장애인활동기관 및 동주민센터에서 신청
WLF00002110,장애인활동 추가지원(구비추가사업),generic_fallback,2026-07-28T13:50:44.211560+00:00,2,신청서,,,2,전자바우처(바우처),1,은평구 장애인활동기관 및 동주민센터에서 신청
WLF00002112,저소득주민 국민건강보험료 지원,generic_fallback,2026-07-28T14:00:56.236617+00:00,1,신분증,,,3,현금지급,1,
WLF00002112,저소득주민 국민건강보험료 지원,generic_fallback,2026-07-28T14:00:56.236617+00:00,2,신청서,,,3,현금지급,1,
WLF00002112,저소득주민 국민건강보험료 지원,generic_fallback,2026-07-28T14:00:56.236617+00:00,3,통장사본,,,3,현금지급,1,
WLF00002134,저소득 한부모 가정지원,generic_fallback,2026-07-28T13:50:44.211560+00:00,1,신분증,,,3,현금지급,1,
WLF00002134,저소득 한부모 가정지원,generic_fallback,2026-07-28T13:50:44.211560+00:00,2,신청서,,,3,현금지급,1,
WLF00002134,저소득 한부모 가정지원,generic_fallback,2026-07-28T13:50:44.211560+00:00,3,통장사본,,,3,현금지급,1,
WLF00002157,"저소득 한부모가족 지원(명절격려금, 학습참고서비)",generic_fallback,2026-07-28T14:05:57.338179+00:00,1,신분증,,,3,현금지급,1,
WLF00002157,"저소득 한부모가족 지원(명절격려금, 학습참고서비)",generic_fallback,2026-07-28T14:05:57.338179+00:00,2,신청서,,,3,현금지급,1,
WLF00002157,"저소득 한부모가족 지원(명절격려금, 학습참고서비)",generic_fallback,2026-07-28T14:05:57.338179+00:00,3,통장사본,,,3,현금지급,1,
WLF00002160,출생축하금지원사업(셋째아 이상),generic_fallback,2026-07-28T14:05:57.338179+00:00,1,신분증,,,3,현금지급,1,1) 신청방법 : - 방문신청:주소지 동주민센터 또는 민원여권과에서 출생신고 후 출생축하금 신청 - 온 라 인: 정부24(www.gov.kr) '행복출산' 신청 시 지자체서비스 중 출생축하금 신청 - 출생일로부터 1
WLF00002160,출생축하금지원사업(셋째아 이상),generic_fallback,2026-07-28T14:05:57.338179+00:00,2,신청서,,,3,현금지급,1,1) 신청방법 : - 방문신청:주소지 동주민센터 또는 민원여권과에서 출생신고 후 출생축하금 신청 - 온 라 인: 정부24(www.gov.kr) '행복출산' 신청 시 지자체서비스 중 출생축하금 신청 - 출생일로부터 1
WLF00002160,출생축하금지원사업(셋째아 이상),generic_fallback,2026-07-28T14:05:57.338179+00:00,3,통장사본,,,3,현금지급,1,1) 신청방법 : - 방문신청:주소지 동주민센터 또는 민원여권과에서 출생신고 후 출생축하금 신청 - 온 라 인: 정부24(www.gov.kr) '행복출산' 신청 시 지자체서비스 중 출생축하금 신청 - 출생일로부터 1
WLF00002161,현역병 문화체육활동지원,generic_fallback,2026-07-28T13:50:44.211560+00:00,1,신분증,,,3,현금지급,1,거주지 동 주민센터에 신청 -> 본인 계좌에 무통장 입금
WLF00002161,현역병 문화체육활동지원,generic_fallback,2026-07-28T13:50:44.211560+00:00,2,신청서,,,3,현금지급,1,거주지 동 주민센터에 신청 -> 본인 계좌에 무통장 입금
WLF00002161,현역병 문화체육활동지원,generic_fallback,2026-07-28T13:50:44.211560+00:00,3,통장사본,,,3,현금지급,1,거주지 동 주민센터에 신청 -> 본인 계좌에 무통장 입금
WLF00002162,국가보훈대상자 예우 및 공훈선양,generic_fallback,2026-07-28T13:50:44.211560+00:00,1,신분증,,,3,"현금지급, 현물지급",1,1) 국가보훈대상자 사망위로금 - 유가족이 신청서류 구비하여 구청에 신청 - 유가족 계좌로 입금2) 보훈예우수당 및 위문금 : ‘국가보훈대상자 보훈예우수당 및 위문금’을 받고자 하는 사람은 보훈수당 신청서 및 구비서
WLF00002162,국가보훈대상자 예우 및 공훈선양,generic_fallback,2026-07-28T13:50:44.211560+00:00,2,신청서,,,3,"현금지급, 현물지급",1,1) 국가보훈대상자 사망위로금 - 유가족이 신청서류 구비하여 구청에 신청 - 유가족 계좌로 입금2) 보훈예우수당 및 위문금 : ‘국가보훈대상자 보훈예우수당 및 위문금’을 받고자 하는 사람은 보훈수당 신청서 및 구비서
WLF00002162,국가보훈대상자 예우 및 공훈선양,generic_fallback,2026-07-28T13:50:44.211560+00:00,3,통장사본,,,3,"현금지급, 현물지급",1,1) 국가보훈대상자 사망위로금 - 유가족이 신청서류 구비하여 구청에 신청 - 유가족 계좌로 입금2) 보훈예우수당 및 위문금 : ‘국가보훈대상자 보훈예우수당 및 위문금’을 받고자 하는 사람은 보훈수당 신청서 및 구비서
WLF00002181,무의탁.독거노인 요구르트 배달 사업,generic_fallback,2026-07-28T13:50:44.211560+00:00,1,신분증,,,2,현물지급,1,관내 기초생활수급자 독거 어르신 중 안전확인이 필요한 경우 동 주민센터에 신청
WLF00002181,무의탁.독거노인 요구르트 배달 사업,generic_fallback,2026-07-28T13:50:44.211560+00:00,2,신청서,,,2,현물지급,1,관내 기초생활수급자 독거 어르신 중 안전확인이 필요한 경우 동 주민센터에 신청
WLF00002202,서울특별시 도봉구 장애인가정 출산지원금 지원,generic_fallback,2026-07-28T13:50:44.211560+00:00,1,신분증,,,3,현금지급,1,"신청 및 접수 : 동 주민센터(출산 이후, 주민등록 후 신청 가능)"
WLF00002202,서울특별시 도봉구 장애인가정 출산지원금 지원,generic_fallback,2026-07-28T13:50:44.211560+00:00,2,신청서,,,3,현금지급,1,"신청 및 접수 : 동 주민센터(출산 이후, 주민등록 후 신청 가능)"
WLF00002202,서울특별시 도봉구 장애인가정 출산지원금 지원,generic_fallback,2026-07-28T13:50:44.211560+00:00,3,통장사본,,,3,현금지급,1,"신청 및 접수 : 동 주민센터(출산 이후, 주민등록 후 신청 가능)"
WLF00002205,저소득 노인가구 국민건강보험료 지원,generic_fallback,2026-07-28T13:55:45.159455+00:00,1,신분증,,,3,"현금지급, 현물지급",1,"1) 사업진행절차 - 대상자 명단 통보(국민건강보험공단 → 구) : 소득, 재산, 소재여부 확인 완료한 명단 송부 - 대상자 확인 조사(구) : 대상자 연령, 보험료 확인 - 지원대상자 명단 확정 통보 (구 → 국민"
WLF00002205,저소득 노인가구 국민건강보험료 지원,generic_fallback,2026-07-28T13:55:45.159455+00:00,2,신청서,,,3,"현금지급, 현물지급",1,"1) 사업진행절차 - 대상자 명단 통보(국민건강보험공단 → 구) : 소득, 재산, 소재여부 확인 완료한 명단 송부 - 대상자 확인 조사(구) : 대상자 연령, 보험료 확인 - 지원대상자 명단 확정 통보 (구 → 국민"
WLF00002205,저소득 노인가구 국민건강보험료 지원,generic_fallback,2026-07-28T13:55:45.159455+00:00,3,통장사본,,,3,"현금지급, 현물지급",1,"1) 사업진행절차 - 대상자 명단 통보(국민건강보험공단 → 구) : 소득, 재산, 소재여부 확인 완료한 명단 송부 - 대상자 확인 조사(구) : 대상자 연령, 보험료 확인 - 지원대상자 명단 확정 통보 (구 → 국민"
WLF00002208,장애인 이동기기 수리센터 운영,generic_fallback,2026-07-28T13:55:45.159455+00:00,1,신분증,,,3,현금지급,1,수리업체 : 서대문햇살아래장애인자립생활센터 (대표번호:070-7549-1970)민원인이 센터에 전화로 수리 신청 → 출장(또는 방문)수리 → 센터에서 매달 수리비용 구청에 청구 → 수리내역서 확인 후 수리비 센터에 
WLF00002208,장애인 이동기기 수리센터 운영,generic_fallback,2026-07-28T13:55:45.159455+00:00,2,신청서,,,3,현금지급,1,수리업체 : 서대문햇살아래장애인자립생활센터 (대표번호:070-7549-1970)민원인이 센터에 전화로 수리 신청 → 출장(또는 방문)수리 → 센터에서 매달 수리비용 구청에 청구 → 수리내역서 확인 후 수리비 센터에 
WLF00002208,장애인 이동기기 수리센터 운영,generic_fallback,2026-07-28T13:55:45.159455+00:00,3,통장사본,,,3,현금지급,1,수리업체 : 서대문햇살아래장애인자립생활센터 (대표번호:070-7549-1970)민원인이 센터에 전화로 수리 신청 → 출장(또는 방문)수리 → 센터에서 매달 수리비용 구청에 청구 → 수리내역서 확인 후 수리비 센터에 
WLF00002209,저소득 어르신 무료급식 지원 사업,generic_fallback,2026-07-28T13:55:45.159455+00:00,1,신분증,,,2,기타,1,동주민센터에 신청
WLF00002209,저소득 어르신 무료급식 지원 사업,generic_fallback,2026-07-28T13:55:45.159455+00:00,2,신청서,,,2,기타,1,동주민센터에 신청
WLF00002210,저소득 장애인 생일축하 사업,generic_fallback,2026-07-28T13:55:45.159455+00:00,1,신분증,,,2,실물바우처,1,
WLF00002210,저소득 장애인 생일축하 사업,generic_fallback,2026-07-28T13:55:45.159455+00:00,2,신청서,,,2,실물바우처,1,
WLF00002224,저소득주민 명절위문금 지급,generic_fallback,2026-07-28T13:55:45.159455+00:00,1,신분증,,,3,현금지급,1,
WLF00002224,저소득주민 명절위문금 지급,generic_fallback,2026-07-28T13:55:45.159455+00:00,2,신청서,,,3,현금지급,1,
WLF00002224,저소득주민 명절위문금 지급,generic_fallback,2026-07-28T13:55:45.159455+00:00,3,통장사본,,,3,현금지급,1,
WLF00002225,저소득층 대학생 교육비 지원사업,generic_fallback,2026-07-28T13:55:45.159455+00:00,1,신분증,,,3,현금지급,1,"1) 신청방법 : 동주민센터에 신청2) 지급시기 및 지급방법 - 신청 및 지급시기 : 상,하반기 각 1회 - 지급방법 - 등록금 : 학교 계좌 지급 - 교육경비, 성적 향상 장학금, 근로대학생 학업 유지 격려금 : "
WLF00002225,저소득층 대학생 교육비 지원사업,generic_fallback,2026-07-28T13:55:45.159455+00:00,2,신청서,,,3,현금지급,1,"1) 신청방법 : 동주민센터에 신청2) 지급시기 및 지급방법 - 신청 및 지급시기 : 상,하반기 각 1회 - 지급방법 - 등록금 : 학교 계좌 지급 - 교육경비, 성적 향상 장학금, 근로대학생 학업 유지 격려금 : "
WLF00002225,저소득층 대학생 교육비 지원사업,generic_fallback,2026-07-28T13:55:45.159455+00:00,3,통장사본,,,3,현금지급,1,"1) 신청방법 : 동주민센터에 신청2) 지급시기 및 지급방법 - 신청 및 지급시기 : 상,하반기 각 1회 - 지급방법 - 등록금 : 학교 계좌 지급 - 교육경비, 성적 향상 장학금, 근로대학생 학업 유지 격려금 : "
WLF00002229,생활곤란 국가유공자 격려(월동대책비),generic_fallback,2026-07-28T14:05:57.338179+00:00,1,신분증,,,3,현금지급,1,
WLF00002229,생활곤란 국가유공자 격려(월동대책비),generic_fallback,2026-07-28T14:05:57.338179+00:00,2,신청서,,,3,현금지급,1,
WLF00002229,생활곤란 국가유공자 격려(월동대책비),generic_fallback,2026-07-28T14:05:57.338179+00:00,3,통장사본,,,3,현금지급,1,
WLF00002230,취약계층아동 위문격려,generic_fallback,2026-07-28T13:55:45.159455+00:00,1,신분증,,,3,현금지급,1,
WLF00002230,취약계층아동 위문격려,generic_fallback,2026-07-28T13:55:45.159455+00:00,2,신청서,,,3,현금지급,1,
WLF00002230,취약계층아동 위문격려,generic_fallback,2026-07-28T13:55:45.159455+00:00,3,통장사본,,,3,현금지급,1,
WLF00002235,서울형 긴급복지지원,generic_fallback,2026-07-28T14:11:19.301996+00:00,1,신분증,,,3,"현금지급, 현물지급",1,1. 위기 신고(다산콜센터 120 또는 동주민센터) -> 2. 위기상황 확인 (동주민센터) ->3. 동사례회의 개최 (지원여부 및 지원항목 결정) -> 4. 지원 ->5. 사후관리
WLF00002235,서울형 긴급복지지원,generic_fallback,2026-07-28T14:11:19.301996+00:00,2,신청서,,,3,"현금지급, 현물지급",1,1. 위기 신고(다산콜센터 120 또는 동주민센터) -> 2. 위기상황 확인 (동주민센터) ->3. 동사례회의 개최 (지원여부 및 지원항목 결정) -> 4. 지원 ->5. 사후관리
WLF00002235,서울형 긴급복지지원,generic_fallback,2026-07-28T14:11:19.301996+00:00,3,통장사본,,,3,"현금지급, 현물지급",1,1. 위기 신고(다산콜센터 120 또는 동주민센터) -> 2. 위기상황 확인 (동주민센터) ->3. 동사례회의 개최 (지원여부 및 지원항목 결정) -> 4. 지원 ->5. 사후관리
WLF00002251,장애인활동지원 구비추가지원 사업,generic_fallback,2026-07-28T14:05:57.338179+00:00,1,신분증,,,2,전자바우처(바우처),0,장애인활동지원 제공기관을 통해 동주민센터에 신청
WLF00002251,장애인활동지원 구비추가지원 사업,generic_fallback,2026-07-28T14:05:57.338179+00:00,2,신청서,,,2,전자바우처(바우처),0,장애인활동지원 제공기관을 통해 동주민센터에 신청
WLF00002252,저소득 주민 국민건강보험료 지원,generic_fallback,2026-07-28T14:53:46.828259+00:00,1,신분증,,,2,기타,1,
WLF00002252,저소득 주민 국민건강보험료 지원,generic_fallback,2026-07-28T14:53:46.828259+00:00,2,신청서,,,2,기타,1,
WLF00002278,장애인활동지원 구비추가 사업,generic_fallback,2026-07-28T13:55:45.159455+00:00,1,신분증,,,2,전자바우처(바우처),1,동 주민센터 신청 접수(예산 소진 시 대기자로 관리)
WLF00002278,장애인활동지원 구비추가 사업,generic_fallback,2026-07-28T13:55:45.159455+00:00,2,신청서,,,2,전자바우처(바우처),1,동 주민센터 신청 접수(예산 소진 시 대기자로 관리)
WLF00002279,저소득가정 자녀 지원,generic_fallback,2026-07-28T13:55:45.159455+00:00,1,신분증,,,3,현금지급,1,
WLF00002279,저소득가정 자녀 지원,generic_fallback,2026-07-28T13:55:45.159455+00:00,2,신청서,,,3,현금지급,1,
WLF00002279,저소득가정 자녀 지원,generic_fallback,2026-07-28T13:55:45.159455+00:00,3,통장사본,,,3,현금지급,1,
WLF00002280,저소득 장애인 명절위문금 지급,generic_fallback,2026-07-28T13:55:45.159455+00:00,1,신분증,,,3,현금지급,1,
WLF00002280,저소득 장애인 명절위문금 지급,generic_fallback,2026-07-28T13:55:45.159455+00:00,2,신청서,,,3,현금지급,1,
WLF00002280,저소득 장애인 명절위문금 지급,generic_fallback,2026-07-28T13:55:45.159455+00:00,3,통장사본,,,3,현금지급,1,
WLF00002307,노숙인 관리,generic_fallback,2026-07-28T14:05:57.338179+00:00,1,신분증,,,2,현물지급,1,
WLF00002307,노숙인 관리,generic_fallback,2026-07-28T14:05:57.338179+00:00,2,신청서,,,2,현물지급,1,
WLF00002308,서울특별시 송파구 저소득주민의 건강보험료 및 노인장기요양보험료 지원,generic_fallback,2026-07-28T14:11:19.301996+00:00,1,신분증,,,2,감면,1,
WLF00002308,서울특별시 송파구 저소득주민의 건강보험료 및 노인장기요양보험료 지원,generic_fallback,2026-07-28T14:11:19.301996+00:00,2,신청서,,,2,감면,1,
WLF00002327,장애인 편의증진 및 이동권 보장,generic_fallback,2026-07-28T13:55:45.159455+00:00,1,신분증,,,2,기타,1,
WLF00002327,장애인 편의증진 및 이동권 보장,generic_fallback,2026-07-28T13:55:45.159455+00:00,2,신청서,,,2,기타,1,
WLF00002328,저소득 긴급구호사업,generic_fallback,2026-07-28T13:55:45.159455+00:00,1,신분증,,,3,"현금지급, 기타",1,동주민센터 방문 → 동주민센터 사회복지담당자와 상담 → 생활실태 조사 → 결정 및 지원요청 → 대상자에게 지원 및 통보
WLF00002328,저소득 긴급구호사업,generic_fallback,2026-07-28T13:55:45.159455+00:00,2,신청서,,,3,"현금지급, 기타",1,동주민센터 방문 → 동주민센터 사회복지담당자와 상담 → 생활실태 조사 → 결정 및 지원요청 → 대상자에게 지원 및 통보
WLF00002328,저소득 긴급구호사업,generic_fallback,2026-07-28T13:55:45.159455+00:00,3,통장사본,,,3,"현금지급, 기타",1,동주민센터 방문 → 동주민센터 사회복지담당자와 상담 → 생활실태 조사 → 결정 및 지원요청 → 대상자에게 지원 및 통보
WLF00002335,저소득 한부모 가족 지원,generic_fallback,2026-07-28T14:11:19.301996+00:00,1,신분증,,,3,"현금지급, 현물지급",1,
WLF00002335,저소득 한부모 가족 지원,generic_fallback,2026-07-28T14:11:19.301996+00:00,2,신청서,,,3,"현금지급, 현물지급",1,
WLF00002335,저소득 한부모 가족 지원,generic_fallback,2026-07-28T14:11:19.301996+00:00,3,통장사본,,,3,"현금지급, 현물지급",1,
WLF00002337,출산축하금 지급,generic_fallback,2026-07-28T13:55:45.159455+00:00,1,신분증,,,3,현금지급,1,출생신고 후 180일 이내에 관할 동주민센터 신청
WLF00002337,출산축하금 지급,generic_fallback,2026-07-28T13:55:45.159455+00:00,2,신청서,,,3,현금지급,1,출생신고 후 180일 이내에 관할 동주민센터 신청
WLF00002337,출산축하금 지급,generic_fallback,2026-07-28T13:55:45.159455+00:00,3,통장사본,,,3,현금지급,1,출생신고 후 180일 이내에 관할 동주민센터 신청
WLF00002338,강동구 국가보훈대상자 위문금 지급,generic_fallback,2026-07-28T14:11:19.301996+00:00,1,신분증,,,3,현금지급,1,
WLF00002338,강동구 국가보훈대상자 위문금 지급,generic_fallback,2026-07-28T14:11:19.301996+00:00,2,신청서,,,3,현금지급,1,
WLF00002338,강동구 국가보훈대상자 위문금 지급,generic_fallback,2026-07-28T14:11:19.301996+00:00,3,통장사본,,,3,현금지급,1,
WLF00002365,장애인거주시설 이용자 명절위문금 지급,generic_fallback,2026-07-28T14:11:19.301996+00:00,1,신분증,,,3,현금지급,1,
WLF00002365,장애인거주시설 이용자 명절위문금 지급,generic_fallback,2026-07-28T14:11:19.301996+00:00,2,신청서,,,3,현금지급,1,
WLF00002365,장애인거주시설 이용자 명절위문금 지급,generic_fallback,2026-07-28T14:11:19.301996+00:00,3,통장사본,,,3,현금지급,1,
WLF00002393,저소득주민 국민건강보험료 지원,generic_fallback,2026-07-28T14:11:19.301996+00:00,1,신분증,,,3,현금지급,1,1) 신청방법 : 지원가능 대상자에게 안내문 발송 및 각 동주민센터에 매월 말일까지 신청2) 지급방법 : 매월 10일까지 건강보험공단 노원지사 청구계좌에 일괄 입금
WLF00002393,저소득주민 국민건강보험료 지원,generic_fallback,2026-07-28T14:11:19.301996+00:00,2,신청서,,,3,현금지급,1,1) 신청방법 : 지원가능 대상자에게 안내문 발송 및 각 동주민센터에 매월 말일까지 신청2) 지급방법 : 매월 10일까지 건강보험공단 노원지사 청구계좌에 일괄 입금
WLF00002393,저소득주민 국민건강보험료 지원,generic_fallback,2026-07-28T14:11:19.301996+00:00,3,통장사본,,,3,현금지급,1,1) 신청방법 : 지원가능 대상자에게 안내문 발송 및 각 동주민센터에 매월 말일까지 신청2) 지급방법 : 매월 10일까지 건강보험공단 노원지사 청구계좌에 일괄 입금
WLF00002421,다자녀특별장려금 및 입학축하금 지원 사업,generic_fallback,2026-07-28T14:53:46.828259+00:00,1,신분증,,,3,현금지급,1,다자녀특별장려금- 신청방법: 관할 동 주민센터 내방입학축하금- 신청방법: 관할 동 주민센터 내방
WLF00002421,다자녀특별장려금 및 입학축하금 지원 사업,generic_fallback,2026-07-28T14:53:46.828259+00:00,2,신청서,,,3,현금지급,1,다자녀특별장려금- 신청방법: 관할 동 주민센터 내방입학축하금- 신청방법: 관할 동 주민센터 내방
WLF00002421,다자녀특별장려금 및 입학축하금 지원 사업,generic_fallback,2026-07-28T14:53:46.828259+00:00,3,통장사본,,,3,현금지급,1,다자녀특별장려금- 신청방법: 관할 동 주민센터 내방입학축하금- 신청방법: 관할 동 주민센터 내방
WLF00002442,저소득가구 중증장애인 유료방송지원 사업,generic_fallback,2026-07-28T13:55:45.159455+00:00,1,신분증,,,3,"현금지급, 감면",1,1) 신청방법: 동주민센터로 신청2) 지원방법: 방송사로 지원신청 대상자 정보 제공 및 계약 체결
WLF00002442,저소득가구 중증장애인 유료방송지원 사업,generic_fallback,2026-07-28T13:55:45.159455+00:00,2,신청서,,,3,"현금지급, 감면",1,1) 신청방법: 동주민센터로 신청2) 지원방법: 방송사로 지원신청 대상자 정보 제공 및 계약 체결
WLF00002442,저소득가구 중증장애인 유료방송지원 사업,generic_fallback,2026-07-28T13:55:45.159455+00:00,3,통장사본,,,3,"현금지급, 감면",1,1) 신청방법: 동주민센터로 신청2) 지원방법: 방송사로 지원신청 대상자 정보 제공 및 계약 체결
WLF00002443,저소득층 생활지원(건강보험료 지원),generic_fallback,2026-07-28T13:55:45.159455+00:00,1,신분증,,,2,기타,1,1) 신청방법 : 읍면동주민센터로 저소득 취약계층 국민건강보험료 지원신청 2) 지급시기및 지급방법 - 지급개시일 : 신청일이 해당하는 월을 개시일로 함 - 지급방법 : 건강보험공단 계좌에 시군구청장이 직접 입금
WLF00002443,저소득층 생활지원(건강보험료 지원),generic_fallback,2026-07-28T13:55:45.159455+00:00,2,신청서,,,2,기타,1,1) 신청방법 : 읍면동주민센터로 저소득 취약계층 국민건강보험료 지원신청 2) 지급시기및 지급방법 - 지급개시일 : 신청일이 해당하는 월을 개시일로 함 - 지급방법 : 건강보험공단 계좌에 시군구청장이 직접 입금
WLF00002455,출산축하 유아용품 지원사업,generic_fallback,2026-07-28T14:53:46.828259+00:00,1,신분증,,,2,현물지급,1,1. 우리구 관내 동사무소에 출생신고 2. 출생신고 즉시 보육아동 담당자가 첫아이 출산축하 유아용품 지급 3. 동 담당자는 출산축하 유아용품 지급대장에 수령자 기재.
WLF00002455,출산축하 유아용품 지원사업,generic_fallback,2026-07-28T14:53:46.828259+00:00,2,신청서,,,2,현물지급,1,1. 우리구 관내 동사무소에 출생신고 2. 출생신고 즉시 보육아동 담당자가 첫아이 출산축하 유아용품 지급 3. 동 담당자는 출산축하 유아용품 지급대장에 수령자 기재.
WLF00002470,국가보훈대상자 및 보훈단체 지원,generic_fallback,2026-07-28T13:55:45.159455+00:00,1,신분증,,,2,기타,1,
WLF00002470,국가보훈대상자 및 보훈단체 지원,generic_fallback,2026-07-28T13:55:45.159455+00:00,2,신청서,,,2,기타,1,
WLF00002473,저소득주민 명절 위문품비 지원,generic_fallback,2026-07-28T13:55:45.159455+00:00,1,신분증,,,3,현금지급,1,
WLF00002473,저소득주민 명절 위문품비 지원,generic_fallback,2026-07-28T13:55:45.159455+00:00,2,신청서,,,3,현금지급,1,
WLF00002473,저소득주민 명절 위문품비 지원,generic_fallback,2026-07-28T13:55:45.159455+00:00,3,통장사본,,,3,현금지급,1,
WLF00002474,장애인활동지원 구비추가 지원사업,generic_fallback,2026-07-28T14:00:56.236617+00:00,1,신분증,,,2,전자바우처(바우처),1,1.신청방법 : 관할 동주민센터에 신청2.서비스 이용 : 활동지원 국고보조 및 시비추가 소진 후 사용
WLF00002474,장애인활동지원 구비추가 지원사업,generic_fallback,2026-07-28T14:00:56.236617+00:00,2,신청서,,,2,전자바우처(바우처),1,1.신청방법 : 관할 동주민센터에 신청2.서비스 이용 : 활동지원 국고보조 및 시비추가 소진 후 사용
WLF00002480,지역사회 복지자원 연계활성화,generic_fallback,2026-07-28T13:55:45.159455+00:00,1,신분증,,,2,기타,1,
WLF00002480,지역사회 복지자원 연계활성화,generic_fallback,2026-07-28T13:55:45.159455+00:00,2,신청서,,,2,기타,1,
WLF00002506,저소득층 가정지원 사업(한부모가족 명절위문금),generic_fallback,2026-07-28T14:11:19.301996+00:00,1,신분증,,,3,현금지급,1,
WLF00002506,저소득층 가정지원 사업(한부모가족 명절위문금),generic_fallback,2026-07-28T14:11:19.301996+00:00,2,신청서,,,3,현금지급,1,
WLF00002506,저소득층 가정지원 사업(한부모가족 명절위문금),generic_fallback,2026-07-28T14:11:19.301996+00:00,3,통장사본,,,3,현금지급,1,
WLF00002509,효도수당 지급,generic_fallback,2026-07-28T14:00:56.236617+00:00,1,신분증,,,3,현금지급,1,1) 신청방법 : 신청서류 등을 구비하여 동주민센터에 신청서 제출 → 동에서 현지사실조사 후 구에서 효도수당 지급 2) 지급시기 및 지급방법 - 지급시기 * 부양대상자가 100세 이상 기 도래자 : 신청일로 부터 한
WLF00002509,효도수당 지급,generic_fallback,2026-07-28T14:00:56.236617+00:00,2,신청서,,,3,현금지급,1,1) 신청방법 : 신청서류 등을 구비하여 동주민센터에 신청서 제출 → 동에서 현지사실조사 후 구에서 효도수당 지급 2) 지급시기 및 지급방법 - 지급시기 * 부양대상자가 100세 이상 기 도래자 : 신청일로 부터 한
WLF00002509,효도수당 지급,generic_fallback,2026-07-28T14:00:56.236617+00:00,3,통장사본,,,3,현금지급,1,1) 신청방법 : 신청서류 등을 구비하여 동주민센터에 신청서 제출 → 동에서 현지사실조사 후 구에서 효도수당 지급 2) 지급시기 및 지급방법 - 지급시기 * 부양대상자가 100세 이상 기 도래자 : 신청일로 부터 한
WLF00002510,국가유공자 위문,generic_fallback,2026-07-28T14:11:19.301996+00:00,1,신분증,,,3,현금지급,1,○ 지원방법 - 위 문 금 : 지급 월 강서구 거주 보훈대상자 또는 보훈단체장 추천으로 지급(계좌이체) - 사망위로금 : 유족의 신청으로 지급(계좌이체) - 보훈예우수당 : 개별 신청(동주민센터) 계좌이체 지급
WLF00002510,국가유공자 위문,generic_fallback,2026-07-28T14:11:19.301996+00:00,2,신청서,,,3,현금지급,1,○ 지원방법 - 위 문 금 : 지급 월 강서구 거주 보훈대상자 또는 보훈단체장 추천으로 지급(계좌이체) - 사망위로금 : 유족의 신청으로 지급(계좌이체) - 보훈예우수당 : 개별 신청(동주민센터) 계좌이체 지급
WLF00002510,국가유공자 위문,generic_fallback,2026-07-28T14:11:19.301996+00:00,3,통장사본,,,3,현금지급,1,○ 지원방법 - 위 문 금 : 지급 월 강서구 거주 보훈대상자 또는 보훈단체장 추천으로 지급(계좌이체) - 사망위로금 : 유족의 신청으로 지급(계좌이체) - 보훈예우수당 : 개별 신청(동주민센터) 계좌이체 지급
WLF00002511,국민기초생활보장사업지원(저소득주민 명절위문금),generic_fallback,2026-07-28T14:00:56.236617+00:00,1,신분증,,,3,현금지급,1,
WLF00002511,국민기초생활보장사업지원(저소득주민 명절위문금),generic_fallback,2026-07-28T14:00:56.236617+00:00,2,신청서,,,3,현금지급,1,
WLF00002511,국민기초생활보장사업지원(저소득주민 명절위문금),generic_fallback,2026-07-28T14:00:56.236617+00:00,3,통장사본,,,3,현금지급,1,
WLF00002512,저소득 틈새계층 국민건강보험료 지원,generic_fallback,2026-07-28T14:11:19.301996+00:00,1,신분증,,,2,기타,1,
WLF00002512,저소득 틈새계층 국민건강보험료 지원,generic_fallback,2026-07-28T14:11:19.301996+00:00,2,신청서,,,2,기타,1,
WLF00002515,보훈대상자 지원,generic_fallback,2026-07-28T14:00:56.236617+00:00,1,신분증,,,2,기타,1,
WLF00002515,보훈대상자 지원,generic_fallback,2026-07-28T14:00:56.236617+00:00,2,신청서,,,2,기타,1,
WLF00002517,혼자사는 어르신 건강음료 지원,generic_fallback,2026-07-28T14:00:56.236617+00:00,1,신분증,,,2,현물지급,1,"O 신청방법 : 동주민센터로 신청O 지급시기 및 지급방법 - 지급시기 : 신청일 기준 익월 지급 - 지급방법 : 주 3회 이상 배달, 1일 1개 지원(단, 대상자의 상황 또는 여건 등에 따라 주 3회 이상 배달이 어"
WLF00002517,혼자사는 어르신 건강음료 지원,generic_fallback,2026-07-28T14:00:56.236617+00:00,2,신청서,,,2,현물지급,1,"O 신청방법 : 동주민센터로 신청O 지급시기 및 지급방법 - 지급시기 : 신청일 기준 익월 지급 - 지급방법 : 주 3회 이상 배달, 1일 1개 지원(단, 대상자의 상황 또는 여건 등에 따라 주 3회 이상 배달이 어"
WLF00002536,보훈대상자 위문금 지원,generic_fallback,2026-07-28T14:16:21.278260+00:00,1,신분증,,,3,현금지급,1,"1) 신청방법 : 동주민센터 신청2) 지급시기 및 지급방법 - 위문금: 명절(설, 추석) 및 6월 호국 보훈의 달 지급 - 지급방법 : 수급자 계좌에 직접 입금"
WLF00002536,보훈대상자 위문금 지원,generic_fallback,2026-07-28T14:16:21.278260+00:00,2,신청서,,,3,현금지급,1,"1) 신청방법 : 동주민센터 신청2) 지급시기 및 지급방법 - 위문금: 명절(설, 추석) 및 6월 호국 보훈의 달 지급 - 지급방법 : 수급자 계좌에 직접 입금"
WLF00002536,보훈대상자 위문금 지원,generic_fallback,2026-07-28T14:16:21.278260+00:00,3,통장사본,,,3,현금지급,1,"1) 신청방법 : 동주민센터 신청2) 지급시기 및 지급방법 - 위문금: 명절(설, 추석) 및 6월 호국 보훈의 달 지급 - 지급방법 : 수급자 계좌에 직접 입금"
WLF00002538,저소득주민 국민건강보험료 등 지원,generic_fallback,2026-07-28T14:16:21.278260+00:00,1,신분증,,,2,감면,1,
WLF00002538,저소득주민 국민건강보험료 등 지원,generic_fallback,2026-07-28T14:16:21.278260+00:00,2,신청서,,,2,감면,1,
WLF00002540,발달장애인 직장적응체험훈련,generic_fallback,2026-07-28T14:00:56.236617+00:00,1,신분증,,,3,현금지급,1,신청 기간 내 신청하여 업무협약기관인 동작구지적장애인복지관의 전문상담 진행하여 사업수행이 가능할 경우 참여
WLF00002540,발달장애인 직장적응체험훈련,generic_fallback,2026-07-28T14:00:56.236617+00:00,2,신청서,,,3,현금지급,1,신청 기간 내 신청하여 업무협약기관인 동작구지적장애인복지관의 전문상담 진행하여 사업수행이 가능할 경우 참여
WLF00002540,발달장애인 직장적응체험훈련,generic_fallback,2026-07-28T14:00:56.236617+00:00,3,통장사본,,,3,현금지급,1,신청 기간 내 신청하여 업무협약기관인 동작구지적장애인복지관의 전문상담 진행하여 사업수행이 가능할 경우 참여
WLF00002602,저소득 한부모가족 명절위문금 지원,generic_fallback,2026-07-28T14:16:21.278260+00:00,1,신분증,,,3,현금지급,1,
WLF00002602,저소득 한부모가족 명절위문금 지원,generic_fallback,2026-07-28T14:16:21.278260+00:00,2,신청서,,,3,현금지급,1,
WLF00002602,저소득 한부모가족 명절위문금 지원,generic_fallback,2026-07-28T14:16:21.278260+00:00,3,통장사본,,,3,현금지급,1,
WLF00002603,고령자 취업 및 일자리사업 지원,generic_fallback,2026-07-28T14:52:33.826706+00:00,1,신분증,,,2,프로그램/서비스(서비스),1,50+행복아카데미 : 마포시니어클럽
WLF00002603,고령자 취업 및 일자리사업 지원,generic_fallback,2026-07-28T14:52:33.826706+00:00,2,신청서,,,2,프로그램/서비스(서비스),1,50+행복아카데미 : 마포시니어클럽
WLF00002615,장애인활동지원 구비추가 사업,generic_fallback,2026-07-28T14:00:56.236617+00:00,1,신분증,,,2,전자바우처(바우처),1,마포구 동주민센터에서 신청 및 접수하고 장애인활동지원 수급자격심의위원회에서 지원 결정하여 시군구에서 통보
WLF00002615,장애인활동지원 구비추가 사업,generic_fallback,2026-07-28T14:00:56.236617+00:00,2,신청서,,,2,전자바우처(바우처),1,마포구 동주민센터에서 신청 및 접수하고 장애인활동지원 수급자격심의위원회에서 지원 결정하여 시군구에서 통보
WLF00002617,신혼부부 임차보증금 지원사업,generic_fallback,2026-07-28T14:00:56.236617+00:00,1,신분증,,,3,현금지급,1,대출한도 조회 등 사전상담(신청자가 은행에서) - 전세계약(신청자) - 추천서 발급신청(신청자가 서울주거포털에서) - 신청서 검토 및 추천서 발급(서울시) - 대출신청(신청자가 은행에) - 대출심사(협약은행) - 전
WLF00002617,신혼부부 임차보증금 지원사업,generic_fallback,2026-07-28T14:00:56.236617+00:00,2,신청서,,,3,현금지급,1,대출한도 조회 등 사전상담(신청자가 은행에서) - 전세계약(신청자) - 추천서 발급신청(신청자가 서울주거포털에서) - 신청서 검토 및 추천서 발급(서울시) - 대출신청(신청자가 은행에) - 대출심사(협약은행) - 전
WLF00002617,신혼부부 임차보증금 지원사업,generic_fallback,2026-07-28T14:00:56.236617+00:00,3,통장사본,,,3,현금지급,1,대출한도 조회 등 사전상담(신청자가 은행에서) - 전세계약(신청자) - 추천서 발급신청(신청자가 서울주거포털에서) - 신청서 검토 및 추천서 발급(서울시) - 대출신청(신청자가 은행에) - 대출심사(협약은행) - 전
WLF00002623,중증장애인활동지원 구비추가사업,generic_fallback,2026-07-28T14:00:56.236617+00:00,1,신분증,,,2,프로그램/서비스(서비스),1,* 신청절차 (신청) 동주민센터 ⇒ (조사및결정) 구청 ⇒ (결과통보) 구청 ⇒ (서비스제공) 제공기관 ⇒ (결제 및 지급) 사회보장정보원
WLF00002623,중증장애인활동지원 구비추가사업,generic_fallback,2026-07-28T14:00:56.236617+00:00,2,신청서,,,2,프로그램/서비스(서비스),1,* 신청절차 (신청) 동주민센터 ⇒ (조사및결정) 구청 ⇒ (결과통보) 구청 ⇒ (서비스제공) 제공기관 ⇒ (결제 및 지급) 사회보장정보원
WLF00002625,보훈대상자 지원(보훈예우수당 지급),generic_fallback,2026-07-28T14:00:56.236617+00:00,1,신분증,,,3,현금지급,1,동 주민센터에 신청
WLF00002625,보훈대상자 지원(보훈예우수당 지급),generic_fallback,2026-07-28T14:00:56.236617+00:00,2,신청서,,,3,현금지급,1,동 주민센터에 신청
WLF00002625,보훈대상자 지원(보훈예우수당 지급),generic_fallback,2026-07-28T14:00:56.236617+00:00,3,통장사본,,,3,현금지급,1,동 주민센터에 신청
WLF00002626,신생아 건강보험료 지원(둘째이상 신생아 상해질병 보험료 지원),generic_fallback,2026-07-28T14:00:56.236617+00:00,1,신분증,,,2,기타,1,출생신고시 동주민센터에서 신생아 건강보험 신청서 작성 및 접수
WLF00002626,신생아 건강보험료 지원(둘째이상 신생아 상해질병 보험료 지원),generic_fallback,2026-07-28T14:00:56.236617+00:00,2,신청서,,,2,기타,1,출생신고시 동주민센터에서 신생아 건강보험 신청서 작성 및 접수
WLF00002643,발달장애인 주간활동서비스(구비지원),generic_fallback,2026-07-28T14:16:21.278260+00:00,1,신분증,,,2,기타,1,주민등록지 동주민센터 방문 신청
WLF00002643,발달장애인 주간활동서비스(구비지원),generic_fallback,2026-07-28T14:16:21.278260+00:00,2,신청서,,,2,기타,1,주민등록지 동주민센터 방문 신청
WLF00002651,국민기초생활보장(생계·의료급여 수급자)  명절위문금 지급,generic_fallback,2026-07-28T14:00:56.236617+00:00,1,신분증,,,3,현금지급,1,"1) 지급시기 - 명절(설, 추석) 전 예정일(매년 변동)2) 지급방법 - 각 동에서 지급기준일 기준 지급조서를 작성하여 구청에 제출 - 지급 예정일 수급자 계좌에 무통장 입금"
WLF00002651,국민기초생활보장(생계·의료급여 수급자)  명절위문금 지급,generic_fallback,2026-07-28T14:00:56.236617+00:00,2,신청서,,,3,현금지급,1,"1) 지급시기 - 명절(설, 추석) 전 예정일(매년 변동)2) 지급방법 - 각 동에서 지급기준일 기준 지급조서를 작성하여 구청에 제출 - 지급 예정일 수급자 계좌에 무통장 입금"
WLF00002651,국민기초생활보장(생계·의료급여 수급자)  명절위문금 지급,generic_fallback,2026-07-28T14:00:56.236617+00:00,3,통장사본,,,3,현금지급,1,"1) 지급시기 - 명절(설, 추석) 전 예정일(매년 변동)2) 지급방법 - 각 동에서 지급기준일 기준 지급조서를 작성하여 구청에 제출 - 지급 예정일 수급자 계좌에 무통장 입금"
WLF00002665,저소득층 명절위문,generic_fallback,2026-07-28T14:52:33.826706+00:00,1,신분증,,,3,"현금지급, 실물바우처",1,"1) 신청방법 : 동주민센터, 담당부서에서 대상자 조회하여 광진구에 주민등록을 두고 거주하고 있는 기초생활수급자(생계, 의료급여 대상자) 및 복지시설에 지원 2) 지급시기 및 지급방법 : - 명절 전 위문대상자 파악"
WLF00002665,저소득층 명절위문,generic_fallback,2026-07-28T14:52:33.826706+00:00,2,신청서,,,3,"현금지급, 실물바우처",1,"1) 신청방법 : 동주민센터, 담당부서에서 대상자 조회하여 광진구에 주민등록을 두고 거주하고 있는 기초생활수급자(생계, 의료급여 대상자) 및 복지시설에 지원 2) 지급시기 및 지급방법 : - 명절 전 위문대상자 파악"
WLF00002665,저소득층 명절위문,generic_fallback,2026-07-28T14:52:33.826706+00:00,3,통장사본,,,3,"현금지급, 실물바우처",1,"1) 신청방법 : 동주민센터, 담당부서에서 대상자 조회하여 광진구에 주민등록을 두고 거주하고 있는 기초생활수급자(생계, 의료급여 대상자) 및 복지시설에 지원 2) 지급시기 및 지급방법 : - 명절 전 위문대상자 파악"
WLF00002666,저소득주민 국민건강보험료 등 지원,generic_fallback,2026-07-28T14:00:56.236617+00:00,1,신분증,,,3,현금지급,1,1) 신청방법 : 동주민센터로 사회복지서비스 및 급여제공(차상위계층) 신청 2) 지급시기 및 지급방법 - 지급개시일 : 차상위계층 대상자 중 보험료 지원대상자로 결정된 이후 - 지급방법 : 국민건강보험공단 지사에서 
WLF00002666,저소득주민 국민건강보험료 등 지원,generic_fallback,2026-07-28T14:00:56.236617+00:00,2,신청서,,,3,현금지급,1,1) 신청방법 : 동주민센터로 사회복지서비스 및 급여제공(차상위계층) 신청 2) 지급시기 및 지급방법 - 지급개시일 : 차상위계층 대상자 중 보험료 지원대상자로 결정된 이후 - 지급방법 : 국민건강보험공단 지사에서 
WLF00002666,저소득주민 국민건강보험료 등 지원,generic_fallback,2026-07-28T14:00:56.236617+00:00,3,통장사본,,,3,현금지급,1,1) 신청방법 : 동주민센터로 사회복지서비스 및 급여제공(차상위계층) 신청 2) 지급시기 및 지급방법 - 지급개시일 : 차상위계층 대상자 중 보험료 지원대상자로 결정된 이후 - 지급방법 : 국민건강보험공단 지사에서 
WLF00002714,저소득주민 건강보험료 지원사업,generic_fallback,2026-07-28T14:00:56.236617+00:00,1,신분증,,,3,현금지급,1,
WLF00002714,저소득주민 건강보험료 지원사업,generic_fallback,2026-07-28T14:00:56.236617+00:00,2,신청서,,,3,현금지급,1,
WLF00002714,저소득주민 건강보험료 지원사업,generic_fallback,2026-07-28T14:00:56.236617+00:00,3,통장사본,,,3,현금지급,1,
WLF00002715,저소득주민 특별생계보호사업,generic_fallback,2026-07-28T14:00:56.236617+00:00,1,신분증,,,3,현금지급,1,거주지 동주민센터에서 상담 및 동주민센터에서 신청
WLF00002715,저소득주민 특별생계보호사업,generic_fallback,2026-07-28T14:00:56.236617+00:00,2,신청서,,,3,현금지급,1,거주지 동주민센터에서 상담 및 동주민센터에서 신청
WLF00002715,저소득주민 특별생계보호사업,generic_fallback,2026-07-28T14:00:56.236617+00:00,3,통장사본,,,3,현금지급,1,거주지 동주민센터에서 상담 및 동주민센터에서 신청
WLF00002722,출생축하금,generic_fallback,2026-07-28T14:16:21.278260+00:00,1,신분증,,,3,현금지급,1,거주지 동주민센터 신청
WLF00002722,출생축하금,generic_fallback,2026-07-28T14:16:21.278260+00:00,2,신청서,,,3,현금지급,1,거주지 동주민센터 신청
WLF00002722,출생축하금,generic_fallback,2026-07-28T14:16:21.278260+00:00,3,통장사본,,,3,현금지급,1,거주지 동주민센터 신청
WLF00002729,으뜸관악 청년통장,generic_fallback,2026-07-28T14:05:57.338179+00:00,1,신분증,,,3,현금지급,1,신청시 공고문 참조하여 서울시 희망두배 청년통장과 동시 신청
WLF00002729,으뜸관악 청년통장,generic_fallback,2026-07-28T14:05:57.338179+00:00,2,신청서,,,3,현금지급,1,신청시 공고문 참조하여 서울시 희망두배 청년통장과 동시 신청
WLF00002729,으뜸관악 청년통장,generic_fallback,2026-07-28T14:05:57.338179+00:00,3,통장사본,,,3,현금지급,1,신청시 공고문 참조하여 서울시 희망두배 청년통장과 동시 신청
WLF00002753,장애인이동기기 수리비 지원,generic_fallback,2026-07-28T14:05:57.338179+00:00,1,신분증,,,2,기타,1,1. 주민센터 방문 하여 신청서 작성2. 신청서류 지정업체에 제출하여 수리서비스
WLF00002753,장애인이동기기 수리비 지원,generic_fallback,2026-07-28T14:05:57.338179+00:00,2,신청서,,,2,기타,1,1. 주민센터 방문 하여 신청서 작성2. 신청서류 지정업체에 제출하여 수리서비스
WLF00002780,의.사상자및보훈단체지원,generic_fallback,2026-07-28T14:05:57.338179+00:00,1,신분증,,,3,현금지급,1,1) 신청방법 : 읍/면/동주민센터로 보훈예우수당 및 사망위로금 신청 2) 지급시기 및 지급방법 - 신청기한 보훈예우수당 : 종로구 주소를 둔 국가유공자 사망위로금 : 종로구 주민등록 거주 사망 국가유공자(본인) (
WLF00002780,의.사상자및보훈단체지원,generic_fallback,2026-07-28T14:05:57.338179+00:00,2,신청서,,,3,현금지급,1,1) 신청방법 : 읍/면/동주민센터로 보훈예우수당 및 사망위로금 신청 2) 지급시기 및 지급방법 - 신청기한 보훈예우수당 : 종로구 주소를 둔 국가유공자 사망위로금 : 종로구 주민등록 거주 사망 국가유공자(본인) (
WLF00002780,의.사상자및보훈단체지원,generic_fallback,2026-07-28T14:05:57.338179+00:00,3,통장사본,,,3,현금지급,1,1) 신청방법 : 읍/면/동주민센터로 보훈예우수당 및 사망위로금 신청 2) 지급시기 및 지급방법 - 신청기한 보훈예우수당 : 종로구 주소를 둔 국가유공자 사망위로금 : 종로구 주민등록 거주 사망 국가유공자(본인) (
WLF00002796,장애인활동지원 구비추가지원,generic_fallback,2026-07-28T14:05:57.338179+00:00,1,신분증,,,2,전자바우처(바우처),1,"동주민센터를 통해 신청받아 구에서 심사기준표에 의거, 선정"
WLF00002796,장애인활동지원 구비추가지원,generic_fallback,2026-07-28T14:05:57.338179+00:00,2,신청서,,,2,전자바우처(바우처),1,"동주민센터를 통해 신청받아 구에서 심사기준표에 의거, 선정"
WLF00002813,국민건강보험료 지원,generic_fallback,2026-07-28T14:16:21.278260+00:00,1,신분증,,,3,현금지급,1,"1) 지원시기 - 보험료 지원은 연중 실시하되, 월별 보험료 산정에 따라 매월 보험료 납부 마감일 전에 지원 2) 지원방법 - 보험료를 매월 보험료 납부마감일 전에 급여대상자에게 지급하되, 지급절차의 간소화 및 원활"
WLF00002813,국민건강보험료 지원,generic_fallback,2026-07-28T14:16:21.278260+00:00,2,신청서,,,3,현금지급,1,"1) 지원시기 - 보험료 지원은 연중 실시하되, 월별 보험료 산정에 따라 매월 보험료 납부 마감일 전에 지원 2) 지원방법 - 보험료를 매월 보험료 납부마감일 전에 급여대상자에게 지급하되, 지급절차의 간소화 및 원활"
WLF00002813,국민건강보험료 지원,generic_fallback,2026-07-28T14:16:21.278260+00:00,3,통장사본,,,3,현금지급,1,"1) 지원시기 - 보험료 지원은 연중 실시하되, 월별 보험료 산정에 따라 매월 보험료 납부 마감일 전에 지원 2) 지원방법 - 보험료를 매월 보험료 납부마감일 전에 급여대상자에게 지급하되, 지급절차의 간소화 및 원활"
WLF00002815,일반아동 보육료 차액지원,generic_fallback,2026-07-28T14:21:19.484566+00:00,1,신분증,,,2,기타,1,
WLF00002815,일반아동 보육료 차액지원,generic_fallback,2026-07-28T14:21:19.484566+00:00,2,신청서,,,2,기타,1,
WLF00002818,장애인 편익증진,generic_fallback,2026-07-28T14:05:57.338179+00:00,1,신분증,,,2,기타,1,"금천구청 민원여권과, 동주민센터 방문시 수어통역영상전화기 사용 신청"
WLF00002818,장애인 편익증진,generic_fallback,2026-07-28T14:05:57.338179+00:00,2,신청서,,,2,기타,1,"금천구청 민원여권과, 동주민센터 방문시 수어통역영상전화기 사용 신청"
WLF00002820,국민기초생활보장수급자 명절위문금 지원,generic_fallback,2026-07-28T14:21:19.484566+00:00,1,신분증,,,3,현금지급,1,
WLF00002820,국민기초생활보장수급자 명절위문금 지원,generic_fallback,2026-07-28T14:21:19.484566+00:00,2,신청서,,,3,현금지급,1,
WLF00002820,국민기초생활보장수급자 명절위문금 지원,generic_fallback,2026-07-28T14:21:19.484566+00:00,3,통장사본,,,3,현금지급,1,
WLF00002821,기초수급자 유료방송 이용요금 지원,generic_fallback,2026-07-28T14:05:57.338179+00:00,1,신분증,,,2,프로그램/서비스(서비스),1,동 주민센터에 방문 신청하여 신청서 작성
WLF00002821,기초수급자 유료방송 이용요금 지원,generic_fallback,2026-07-28T14:05:57.338179+00:00,2,신청서,,,2,프로그램/서비스(서비스),1,동 주민센터에 방문 신청하여 신청서 작성
WLF00002822,보훈대상자 보훈예우수당 지원,generic_fallback,2026-07-28T14:21:19.484566+00:00,1,신분증,,,3,현금지급,1,연중 상시동 주민센터에 접수
WLF00002822,보훈대상자 보훈예우수당 지원,generic_fallback,2026-07-28T14:21:19.484566+00:00,2,신청서,,,3,현금지급,1,연중 상시동 주민센터에 접수
WLF00002822,보훈대상자 보훈예우수당 지원,generic_fallback,2026-07-28T14:21:19.484566+00:00,3,통장사본,,,3,현금지급,1,연중 상시동 주민센터에 접수
WLF00002823,보훈대상자 사망위로금 지원,generic_fallback,2026-07-28T14:21:19.484566+00:00,1,신분증,,,3,현금지급,1,연중 상시동 주민센터에 접수
WLF00002823,보훈대상자 사망위로금 지원,generic_fallback,2026-07-28T14:21:19.484566+00:00,2,신청서,,,3,현금지급,1,연중 상시동 주민센터에 접수
WLF00002823,보훈대상자 사망위로금 지원,generic_fallback,2026-07-28T14:21:19.484566+00:00,3,통장사본,,,3,현금지급,1,연중 상시동 주민센터에 접수
WLF00002826,노숙인 보호,generic_fallback,2026-07-28T14:05:57.338179+00:00,1,신분증,,,2,기타,1,
WLF00002826,노숙인 보호,generic_fallback,2026-07-28T14:05:57.338179+00:00,2,신청서,,,2,기타,1,
WLF00002828,장애인 명절위문품 지원,generic_fallback,2026-07-28T14:05:57.338179+00:00,1,신분증,,,2,실물바우처,1,"- 지급시기 : 총 2회(설날, 추석) - 지급방법 : 장애인단체총연합회에 일괄배부 후 연합회 소속 분회에서 대상자에게 지급"
WLF00002828,장애인 명절위문품 지원,generic_fallback,2026-07-28T14:05:57.338179+00:00,2,신청서,,,2,실물바우처,1,"- 지급시기 : 총 2회(설날, 추석) - 지급방법 : 장애인단체총연합회에 일괄배부 후 연합회 소속 분회에서 대상자에게 지급"
WLF00002829,장애인활동지원 구비추가지원 사업,generic_fallback,2026-07-28T14:21:19.484566+00:00,1,신분증,,,2,전자바우처(바우처),1,"동주민센터 신청, 지원기준 충족여부 판단 후 결정"
WLF00002829,장애인활동지원 구비추가지원 사업,generic_fallback,2026-07-28T14:21:19.484566+00:00,2,신청서,,,2,전자바우처(바우처),1,"동주민센터 신청, 지원기준 충족여부 판단 후 결정"
WLF00002838,저소득 중증장애인 유료방송 이용요금 지원,generic_fallback,2026-07-28T14:05:57.338179+00:00,1,신분증,,,2,감면,1,1)신청방법: 동주민센터에 신청서제출 2)지급시기 및 지급방법 - 지급개시일 : 매월 유료방송 비용 지원 - 지급방법: 신청자의 유료방송 비용 50%에 해당하는 금액을 방송사에 지원하고 신청자는 무료시청
WLF00002838,저소득 중증장애인 유료방송 이용요금 지원,generic_fallback,2026-07-28T14:05:57.338179+00:00,2,신청서,,,2,감면,1,1)신청방법: 동주민센터에 신청서제출 2)지급시기 및 지급방법 - 지급개시일 : 매월 유료방송 비용 지원 - 지급방법: 신청자의 유료방송 비용 50%에 해당하는 금액을 방송사에 지원하고 신청자는 무료시청
WLF00003009,저소득 출산가정 본인부담금 지원,generic_fallback,2026-07-28T14:05:57.338179+00:00,1,신분증,,,3,현금지급,1,서비스 이용 신청시 본인부담금 지원 동시 신청
WLF00003009,저소득 출산가정 본인부담금 지원,generic_fallback,2026-07-28T14:05:57.338179+00:00,2,신청서,,,3,현금지급,1,서비스 이용 신청시 본인부담금 지원 동시 신청
WLF00003009,저소득 출산가정 본인부담금 지원,generic_fallback,2026-07-28T14:05:57.338179+00:00,3,통장사본,,,3,현금지급,1,서비스 이용 신청시 본인부담금 지원 동시 신청
WLF00003115,학교 밖 청소년 교통비 지원,generic_fallback,2026-07-28T14:05:57.338179+00:00,1,신분증,,,3,현금지급,1,강동구청소년지원센터(꿈드림) 방문 신청
WLF00003115,학교 밖 청소년 교통비 지원,generic_fallback,2026-07-28T14:05:57.338179+00:00,2,신청서,,,3,현금지급,1,강동구청소년지원센터(꿈드림) 방문 신청
WLF00003115,학교 밖 청소년 교통비 지원,generic_fallback,2026-07-28T14:05:57.338179+00:00,3,통장사본,,,3,현금지급,1,강동구청소년지원센터(꿈드림) 방문 신청
WLF00003169,정신건강복지센터 운영,generic_fallback,2026-07-28T14:21:19.484566+00:00,1,신분증,,,2,프로그램/서비스(서비스),1,"조사기관연락처목록: 담당 시/군/구청 또는 시도,시군구,정신건강복지센터에서 조사 및 심사 결정기관연락처목록: 담당 시/군/구청 또는 시도,시군구,정신건강복지센터에서 보장 결정 지급기관연락처목록: 담당 시/군/구청 또"
WLF00003169,정신건강복지센터 운영,generic_fallback,2026-07-28T14:21:19.484566+00:00,2,신청서,,,2,프로그램/서비스(서비스),1,"조사기관연락처목록: 담당 시/군/구청 또는 시도,시군구,정신건강복지센터에서 조사 및 심사 결정기관연락처목록: 담당 시/군/구청 또는 시도,시군구,정신건강복지센터에서 보장 결정 지급기관연락처목록: 담당 시/군/구청 또"
WLF00003170,장애인 창업점포 지원사업,generic_fallback,2026-07-28T14:21:19.484566+00:00,1,신분증,,,2,기타,2,"신청기관연락처목록: 거주지 읍/면/동 주민센터, (재)장애인기업종합지원센터에서 ‘서비스 신청’ 조사기관연락처목록: 담당 시/군/구청 또는 (재)장애인기업종합지원센터에서 조사 및 심사 결정기관연락처목록: 담당 시/군/"
WLF00003170,장애인 창업점포 지원사업,generic_fallback,2026-07-28T14:21:19.484566+00:00,2,신청서,,,2,기타,2,"신청기관연락처목록: 거주지 읍/면/동 주민센터, (재)장애인기업종합지원센터에서 ‘서비스 신청’ 조사기관연락처목록: 담당 시/군/구청 또는 (재)장애인기업종합지원센터에서 조사 및 심사 결정기관연락처목록: 담당 시/군/"
WLF00003174,장애인창업육성,generic_fallback,2026-07-28T14:53:46.828259+00:00,1,신분증,,,2,프로그램/서비스(서비스),3,"신청기관연락처목록: 거주지 읍/면/동 주민센터, (재)장애인기업종합지원센터에서 ‘서비스 신청’ 조사기관연락처목록: 담당 시/군/구청 또는 (재)장애인기업종합지원센터에서 조사 및 심사 결정기관연락처목록: 담당 시/군/"
WLF00003174,장애인창업육성,generic_fallback,2026-07-28T14:53:46.828259+00:00,2,신청서,,,2,프로그램/서비스(서비스),3,"신청기관연락처목록: 거주지 읍/면/동 주민센터, (재)장애인기업종합지원센터에서 ‘서비스 신청’ 조사기관연락처목록: 담당 시/군/구청 또는 (재)장애인기업종합지원센터에서 조사 및 심사 결정기관연락처목록: 담당 시/군/"
WLF00003175,결혼이민자 통번역 서비스,generic_fallback,2026-07-28T14:21:19.484566+00:00,1,신분증,,,2,프로그램/서비스(서비스),1,"신청기관연락처목록: 거주지 읍/면/동 주민센터, 다문화가족지원센터에서 ‘서비스 신청’ 조사기관연락처목록: 담당 시/군/구청 또는 다문화가족지원센터에서 조사 및 심사 결정기관연락처목록: 담당 시/군/구청 또는 다문화가"
WLF00003175,결혼이민자 통번역 서비스,generic_fallback,2026-07-28T14:21:19.484566+00:00,2,신청서,,,2,프로그램/서비스(서비스),1,"신청기관연락처목록: 거주지 읍/면/동 주민센터, 다문화가족지원센터에서 ‘서비스 신청’ 조사기관연락처목록: 담당 시/군/구청 또는 다문화가족지원센터에서 조사 및 심사 결정기관연락처목록: 담당 시/군/구청 또는 다문화가"
WLF00003179,긴급복지 의료지원,generic_fallback,2026-07-28T14:21:19.484566+00:00,1,신분증,,,2,현물지급,1,"조사기관연락처목록: 담당 시/군/구청 또는 시군구에서 조사 및 심사 결정기관연락처목록: 담당 시/군/구청 또는 시군구에서 보장 결정 이의신청접수기관연락처목록: 이의가 있을 경우, 담당 시/군/구청 또는 시군구에 이의"
WLF00003179,긴급복지 의료지원,generic_fallback,2026-07-28T14:21:19.484566+00:00,2,신청서,,,2,현물지급,1,"조사기관연락처목록: 담당 시/군/구청 또는 시군구에서 조사 및 심사 결정기관연락처목록: 담당 시/군/구청 또는 시군구에서 보장 결정 이의신청접수기관연락처목록: 이의가 있을 경우, 담당 시/군/구청 또는 시군구에 이의"
WLF00003182,산림복지일자리(산림서비스도우미),generic_fallback,2026-07-28T14:26:46.766033+00:00,1,신분증,,,3,현금지급,1,"신청기관연락처목록: 거주지 읍/면/동 주민센터, 시군구, 읍면동에서 ‘서비스 신청’ 조사기관연락처목록: 담당 시/군/구청 또는 시군구, 읍면동에서 조사 및 심사 결정기관연락처목록: 담당 시/군/구청 또는 시군구, 읍"
WLF00003182,산림복지일자리(산림서비스도우미),generic_fallback,2026-07-28T14:26:46.766033+00:00,2,신청서,,,3,현금지급,1,"신청기관연락처목록: 거주지 읍/면/동 주민센터, 시군구, 읍면동에서 ‘서비스 신청’ 조사기관연락처목록: 담당 시/군/구청 또는 시군구, 읍면동에서 조사 및 심사 결정기관연락처목록: 담당 시/군/구청 또는 시군구, 읍"
WLF00003182,산림복지일자리(산림서비스도우미),generic_fallback,2026-07-28T14:26:46.766033+00:00,3,통장사본,,,3,현금지급,1,"신청기관연락처목록: 거주지 읍/면/동 주민센터, 시군구, 읍면동에서 ‘서비스 신청’ 조사기관연락처목록: 담당 시/군/구청 또는 시군구, 읍면동에서 조사 및 심사 결정기관연락처목록: 담당 시/군/구청 또는 시군구, 읍"
WLF00003184,온동네 초등돌봄교육,generic_fallback,2026-07-28T14:05:57.338179+00:00,1,신분증,,,2,프로그램/서비스(서비스),1,"신청기관연락처목록: 거주지 읍/면/동 주민센터, 초등학교에서 ‘서비스 신청’ 조사기관연락처목록: 담당 시/군/구청 또는 초등학교에서 조사 및 심사 결정기관연락처목록: 담당 시/군/구청 또는 초등학교에서 보장 결정 이"
WLF00003184,온동네 초등돌봄교육,generic_fallback,2026-07-28T14:05:57.338179+00:00,2,신청서,,,2,프로그램/서비스(서비스),1,"신청기관연락처목록: 거주지 읍/면/동 주민센터, 초등학교에서 ‘서비스 신청’ 조사기관연락처목록: 담당 시/군/구청 또는 초등학교에서 조사 및 심사 결정기관연락처목록: 담당 시/군/구청 또는 초등학교에서 보장 결정 이"
WLF00003185,청소년치료재활센터 운영,generic_fallback,2026-07-28T14:05:57.338179+00:00,1,신분증,,,2,시설입소,0,"신청기관연락처목록: 거주지 읍/면/동 주민센터, 학교, 청소년 시설 등에서 ‘서비스 신청’ 조사기관연락처목록: 담당 시/군/구청 또는 국립중앙청소년디딤센터에서 조사 및 심사 조사기관연락처목록: 담당 시/군/구청 또는"
WLF00003185,청소년치료재활센터 운영,generic_fallback,2026-07-28T14:05:57.338179+00:00,2,신청서,,,2,시설입소,0,"신청기관연락처목록: 거주지 읍/면/동 주민센터, 학교, 청소년 시설 등에서 ‘서비스 신청’ 조사기관연락처목록: 담당 시/군/구청 또는 국립중앙청소년디딤센터에서 조사 및 심사 조사기관연락처목록: 담당 시/군/구청 또는"
WLF00003186,양육비 이행 원스톱 종합서비스,generic_fallback,2026-07-28T14:05:57.338179+00:00,1,신분증,,,2,프로그램/서비스(서비스),1,"신청기관연락처목록: 거주지 읍/면/동 주민센터, 양육비이행관리원에서 ‘서비스 신청’ 조사기관연락처목록: 담당 시/군/구청 또는 양육비이행관리원에서 조사 및 심사 결정기관연락처목록: 담당 시/군/구청 또는 양육비이행관"
WLF00003186,양육비 이행 원스톱 종합서비스,generic_fallback,2026-07-28T14:05:57.338179+00:00,2,신청서,,,2,프로그램/서비스(서비스),1,"신청기관연락처목록: 거주지 읍/면/동 주민센터, 양육비이행관리원에서 ‘서비스 신청’ 조사기관연락처목록: 담당 시/군/구청 또는 양육비이행관리원에서 조사 및 심사 결정기관연락처목록: 담당 시/군/구청 또는 양육비이행관"
WLF00003188,다문화·탈북학생 멘토링,generic_fallback,2026-07-28T14:05:57.338179+00:00,1,신분증,,,2,자원봉사,1,"신청기관연락처목록: 거주지 읍/면/동 주민센터, 시/도교육청(멘티), 대학(멘토)에서 ‘서비스 신청’ 조사기관연락처목록: 담당 시/군/구청 또는 시/도교육청(멘티), 대학(멘토)에서 조사 및 심사 결정기관연락처목록:"
WLF00003188,다문화·탈북학생 멘토링,generic_fallback,2026-07-28T14:05:57.338179+00:00,2,신청서,,,2,자원봉사,1,"신청기관연락처목록: 거주지 읍/면/동 주민센터, 시/도교육청(멘티), 대학(멘토)에서 ‘서비스 신청’ 조사기관연락처목록: 담당 시/군/구청 또는 시/도교육청(멘티), 대학(멘토)에서 조사 및 심사 결정기관연락처목록:"
WLF00003189,중증장애인직업재활지원,generic_fallback,2026-07-28T14:26:46.766033+00:00,1,신분증,,,3,현금지급,1,"신청기관연락처목록: 거주지 읍/면/동 주민센터, 중증장애인직업재활지원사업 수행기관에서 ‘서비스 신청’ 조사기관연락처목록: 담당 시/군/구청 또는 한국장애인개발원에서 조사 및 심사 결정기관연락처목록: 담당 시/군/구청"
WLF00003189,중증장애인직업재활지원,generic_fallback,2026-07-28T14:26:46.766033+00:00,2,신청서,,,3,현금지급,1,"신청기관연락처목록: 거주지 읍/면/동 주민센터, 중증장애인직업재활지원사업 수행기관에서 ‘서비스 신청’ 조사기관연락처목록: 담당 시/군/구청 또는 한국장애인개발원에서 조사 및 심사 결정기관연락처목록: 담당 시/군/구청"
WLF00003189,중증장애인직업재활지원,generic_fallback,2026-07-28T14:26:46.766033+00:00,3,통장사본,,,3,현금지급,1,"신청기관연락처목록: 거주지 읍/면/동 주민센터, 중증장애인직업재활지원사업 수행기관에서 ‘서비스 신청’ 조사기관연락처목록: 담당 시/군/구청 또는 한국장애인개발원에서 조사 및 심사 결정기관연락처목록: 담당 시/군/구청"
WLF00003192,다문화가족 방문교육 서비스,generic_fallback,2026-07-28T14:26:46.766033+00:00,1,신분증,,,2,프로그램/서비스(서비스),1,"신청기관연락처목록: 거주지 읍/면/동 주민센터, 방문교육서비스:주민센터 또는 복지로 웹사이트(PC/모바일앱)에서 ‘서비스 신청’ 조사기관연락처목록: 담당 시/군/구청 또는 방문교육서비스:주민센터에서 조사 및 심사 결"
WLF00003192,다문화가족 방문교육 서비스,generic_fallback,2026-07-28T14:26:46.766033+00:00,2,신청서,,,2,프로그램/서비스(서비스),1,"신청기관연락처목록: 거주지 읍/면/동 주민센터, 방문교육서비스:주민센터 또는 복지로 웹사이트(PC/모바일앱)에서 ‘서비스 신청’ 조사기관연락처목록: 담당 시/군/구청 또는 방문교육서비스:주민센터에서 조사 및 심사 결"
WLF00003196,도서민 여객선 운임지원,generic_fallback,2026-07-28T14:26:46.766033+00:00,1,신분증,,,2,감면,0,조사기관연락처목록: 담당 시/군/구청 또는 연안여객선사 관할 지자체에서 조사 및 심사 결정기관연락처목록: 담당 시/군/구청 또는 연안여객선사 관할 지자체에서 보장 결정 지급기관연락처목록: 담당 시/군/구청 또는 연안
WLF00003196,도서민 여객선 운임지원,generic_fallback,2026-07-28T14:26:46.766033+00:00,2,신청서,,,2,감면,0,조사기관연락처목록: 담당 시/군/구청 또는 연안여객선사 관할 지자체에서 조사 및 심사 결정기관연락처목록: 담당 시/군/구청 또는 연안여객선사 관할 지자체에서 보장 결정 지급기관연락처목록: 담당 시/군/구청 또는 연안
WLF00003197,"국가장학금(Ⅰ, Ⅱ유형)",generic_fallback,2026-07-28T14:05:57.338179+00:00,1,신분증,,,3,현금지급,1,"신청기관연락처목록: 거주지 읍/면/동 주민센터, 한국장학재단에서 ‘서비스 신청’ 조사기관연락처목록: 담당 시/군/구청 또는 보건복지부 한국사회보장정보원에서 조사 및 심사 결정기관연락처목록: 담당 시/군/구청 또는 한"
WLF00003197,"국가장학금(Ⅰ, Ⅱ유형)",generic_fallback,2026-07-28T14:05:57.338179+00:00,2,신청서,,,3,현금지급,1,"신청기관연락처목록: 거주지 읍/면/동 주민센터, 한국장학재단에서 ‘서비스 신청’ 조사기관연락처목록: 담당 시/군/구청 또는 보건복지부 한국사회보장정보원에서 조사 및 심사 결정기관연락처목록: 담당 시/군/구청 또는 한"
WLF00003197,"국가장학금(Ⅰ, Ⅱ유형)",generic_fallback,2026-07-28T14:05:57.338179+00:00,3,통장사본,,,3,현금지급,1,"신청기관연락처목록: 거주지 읍/면/동 주민센터, 한국장학재단에서 ‘서비스 신청’ 조사기관연락처목록: 담당 시/군/구청 또는 보건복지부 한국사회보장정보원에서 조사 및 심사 결정기관연락처목록: 담당 시/군/구청 또는 한"
WLF00003199,예술활동준비금 지원,generic_fallback,2026-07-28T14:05:57.338179+00:00,1,신분증,,,3,현금지급,2,"신청기관연락처목록: 거주지 읍/면/동 주민센터, 한국예술인복지재단에서 ‘서비스 신청’ 조사기관연락처목록: 담당 시/군/구청 또는 한국예술인복지재단에서 조사 및 심사 결정기관연락처목록: 담당 시/군/구청 또는 한국예술"
WLF00003199,예술활동준비금 지원,generic_fallback,2026-07-28T14:05:57.338179+00:00,2,신청서,,,3,현금지급,2,"신청기관연락처목록: 거주지 읍/면/동 주민센터, 한국예술인복지재단에서 ‘서비스 신청’ 조사기관연락처목록: 담당 시/군/구청 또는 한국예술인복지재단에서 조사 및 심사 결정기관연락처목록: 담당 시/군/구청 또는 한국예술"
WLF00003199,예술활동준비금 지원,generic_fallback,2026-07-28T14:05:57.338179+00:00,3,통장사본,,,3,현금지급,2,"신청기관연락처목록: 거주지 읍/면/동 주민센터, 한국예술인복지재단에서 ‘서비스 신청’ 조사기관연락처목록: 담당 시/군/구청 또는 한국예술인복지재단에서 조사 및 심사 결정기관연락처목록: 담당 시/군/구청 또는 한국예술"
WLF00003200,청소년동반자프로그램 운영,generic_fallback,2026-07-28T14:54:14.794749+00:00,1,신분증,,,2,프로그램/서비스(서비스),1,"신청기관연락처목록: 거주지 읍/면/동 주민센터, 전국 청소년상담복지센터에서 ‘서비스 신청’ 조사기관연락처목록: 담당 시/군/구청 또는 전국 청소년상담복지센터에서 조사 및 심사 결정기관연락처목록: 담당 시/군/구청 또"
WLF00003200,청소년동반자프로그램 운영,generic_fallback,2026-07-28T14:54:14.794749+00:00,2,신청서,,,2,프로그램/서비스(서비스),1,"신청기관연락처목록: 거주지 읍/면/동 주민센터, 전국 청소년상담복지센터에서 ‘서비스 신청’ 조사기관연락처목록: 담당 시/군/구청 또는 전국 청소년상담복지센터에서 조사 및 심사 결정기관연락처목록: 담당 시/군/구청 또"
WLF00003201,주거급여(맞춤형 급여),generic_fallback,2026-07-28T14:05:57.338179+00:00,1,신분증,,,3,"현금지급, 기타",2,"신청기관연락처목록: 거주지 읍/면/동 주민센터, 읍면동 또는 복지로 웹사이트(PC/모바일앱)에서 ‘서비스 신청’ 조사기관연락처목록: 담당 시/군/구청 또는 시군구에서 조사 및 심사 결정기관연락처목록: 담당 시/군/구"
WLF00003201,주거급여(맞춤형 급여),generic_fallback,2026-07-28T14:05:57.338179+00:00,2,신청서,,,3,"현금지급, 기타",2,"신청기관연락처목록: 거주지 읍/면/동 주민센터, 읍면동 또는 복지로 웹사이트(PC/모바일앱)에서 ‘서비스 신청’ 조사기관연락처목록: 담당 시/군/구청 또는 시군구에서 조사 및 심사 결정기관연락처목록: 담당 시/군/구"
WLF00003201,주거급여(맞춤형 급여),generic_fallback,2026-07-28T14:05:57.338179+00:00,3,통장사본,,,3,"현금지급, 기타",2,"신청기관연락처목록: 거주지 읍/면/동 주민센터, 읍면동 또는 복지로 웹사이트(PC/모바일앱)에서 ‘서비스 신청’ 조사기관연락처목록: 담당 시/군/구청 또는 시군구에서 조사 및 심사 결정기관연락처목록: 담당 시/군/구"
WLF00003204,청소년상담1388 온라인상담,generic_fallback,2026-07-28T14:26:46.766033+00:00,1,신분증,,,2,프로그램/서비스(서비스),1,조사기관연락처목록: 담당 시/군/구청 또는 한국청소년상담복지개발원에서 조사 및 심사 결정기관연락처목록: 담당 시/군/구청 또는 한국청소년상담복지개발원에서 보장 결정 지급기관연락처목록: 담당 시/군/구청 또는 한국청소
WLF00003204,청소년상담1388 온라인상담,generic_fallback,2026-07-28T14:26:46.766033+00:00,2,신청서,,,2,프로그램/서비스(서비스),1,조사기관연락처목록: 담당 시/군/구청 또는 한국청소년상담복지개발원에서 조사 및 심사 결정기관연락처목록: 담당 시/군/구청 또는 한국청소년상담복지개발원에서 보장 결정 지급기관연락처목록: 담당 시/군/구청 또는 한국청소
WLF00003208,장기복무제대군인 취업지원,generic_fallback,2026-07-28T14:11:19.301996+00:00,1,신분증,,,2,프로그램/서비스(서비스),1,"신청기관연락처목록: 거주지 읍/면/동 주민센터, <취업지원> 보훈(지)청에서 ‘서비스 신청’ 조사기관연락처목록: 담당 시/군/구청 또는 <취업지원> 보훈(지)청에서 조사 및 심사 결정기관연락처목록: 담당 시/군/구청"
WLF00003208,장기복무제대군인 취업지원,generic_fallback,2026-07-28T14:11:19.301996+00:00,2,신청서,,,2,프로그램/서비스(서비스),1,"신청기관연락처목록: 거주지 읍/면/동 주민센터, <취업지원> 보훈(지)청에서 ‘서비스 신청’ 조사기관연락처목록: 담당 시/군/구청 또는 <취업지원> 보훈(지)청에서 조사 및 심사 결정기관연락처목록: 담당 시/군/구청"
WLF00003216,국가보훈대상자학습보조비지급,generic_fallback,2026-07-28T14:26:46.766033+00:00,1,신분증,,,3,현금지급,1,조사기관연락처목록: 담당 시/군/구청 또는 보훈(지)청에서 조사 및 심사 결정기관연락처목록: 담당 시/군/구청 또는 학교소재지 관할 보훈(지)청에서 보장 결정 지급기관연락처목록: 담당 시/군/구청 또는 보훈(지)청에
WLF00003216,국가보훈대상자학습보조비지급,generic_fallback,2026-07-28T14:26:46.766033+00:00,2,신청서,,,3,현금지급,1,조사기관연락처목록: 담당 시/군/구청 또는 보훈(지)청에서 조사 및 심사 결정기관연락처목록: 담당 시/군/구청 또는 학교소재지 관할 보훈(지)청에서 보장 결정 지급기관연락처목록: 담당 시/군/구청 또는 보훈(지)청에
WLF00003216,국가보훈대상자학습보조비지급,generic_fallback,2026-07-28T14:26:46.766033+00:00,3,통장사본,,,3,현금지급,1,조사기관연락처목록: 담당 시/군/구청 또는 보훈(지)청에서 조사 및 심사 결정기관연락처목록: 담당 시/군/구청 또는 학교소재지 관할 보훈(지)청에서 보장 결정 지급기관연락처목록: 담당 시/군/구청 또는 보훈(지)청에
WLF00003217,장애인자립생활지원센터 지원,generic_fallback,2026-07-28T14:54:14.794749+00:00,1,신분증,,,2,프로그램/서비스(서비스),0,"신청기관연락처목록: 거주지 읍/면/동 주민센터, 중증장애인자립생활지원센터에서 ‘서비스 신청’ 조사기관연락처목록: 담당 시/군/구청 또는 중증장애인자립생활지원센터에서 조사 및 심사 결정기관연락처목록: 담당 시/군/구청"
WLF00003217,장애인자립생활지원센터 지원,generic_fallback,2026-07-28T14:54:14.794749+00:00,2,신청서,,,2,프로그램/서비스(서비스),0,"신청기관연락처목록: 거주지 읍/면/동 주민센터, 중증장애인자립생활지원센터에서 ‘서비스 신청’ 조사기관연락처목록: 담당 시/군/구청 또는 중증장애인자립생활지원센터에서 조사 및 심사 결정기관연락처목록: 담당 시/군/구청"
WLF00003218,의료급여(의료급여건강생활유지비),generic_fallback,2026-07-28T14:32:12.057332+00:00,1,신분증,,,3,현금지급,0,"조사기관연락처목록: 담당 시/군/구청 또는 시군구에서 조사 및 심사 결정기관연락처목록: 담당 시/군/구청 또는 시군구에서 보장 결정 이의신청접수기관연락처목록: 이의가 있을 경우, 담당 시/군/구청 또는 시군구에 이의"
WLF00003218,의료급여(의료급여건강생활유지비),generic_fallback,2026-07-28T14:32:12.057332+00:00,2,신청서,,,3,현금지급,0,"조사기관연락처목록: 담당 시/군/구청 또는 시군구에서 조사 및 심사 결정기관연락처목록: 담당 시/군/구청 또는 시군구에서 보장 결정 이의신청접수기관연락처목록: 이의가 있을 경우, 담당 시/군/구청 또는 시군구에 이의"
WLF00003218,의료급여(의료급여건강생활유지비),generic_fallback,2026-07-28T14:32:12.057332+00:00,3,통장사본,,,3,현금지급,0,"조사기관연락처목록: 담당 시/군/구청 또는 시군구에서 조사 및 심사 결정기관연락처목록: 담당 시/군/구청 또는 시군구에서 보장 결정 이의신청접수기관연락처목록: 이의가 있을 경우, 담당 시/군/구청 또는 시군구에 이의"
WLF00003219,통신중계서비스 제공,generic_fallback,2026-07-28T14:11:19.301996+00:00,1,신분증,,,2,프로그램/서비스(서비스),1,조사기관연락처목록: 담당 시/군/구청 또는 한국지능정보사회진흥원(손말이음센터)에서 조사 및 심사 결정기관연락처목록: 담당 시/군/구청 또는 한국지능정보사회진흥원(손말이음센터)에서 보장 결정 지급기관연락처목록: 담당 
WLF00003219,통신중계서비스 제공,generic_fallback,2026-07-28T14:11:19.301996+00:00,2,신청서,,,2,프로그램/서비스(서비스),1,조사기관연락처목록: 담당 시/군/구청 또는 한국지능정보사회진흥원(손말이음센터)에서 조사 및 심사 결정기관연락처목록: 담당 시/군/구청 또는 한국지능정보사회진흥원(손말이음센터)에서 보장 결정 지급기관연락처목록: 담당 
WLF00003220,여성장애인교육지원,generic_fallback,2026-07-28T14:26:46.766033+00:00,1,신분증,,,2,프로그램/서비스(서비스),1,"신청기관연락처목록: 거주지 읍/면/동 주민센터, 여성장애인 교육수행기관에서 ‘서비스 신청’ 조사기관연락처목록: 담당 시/군/구청 또는 광역지차제에서 조사 및 심사 결정기관연락처목록: 담당 시/군/구청 또는 광역지차제"
WLF00003220,여성장애인교육지원,generic_fallback,2026-07-28T14:26:46.766033+00:00,2,신청서,,,2,프로그램/서비스(서비스),1,"신청기관연락처목록: 거주지 읍/면/동 주민센터, 여성장애인 교육수행기관에서 ‘서비스 신청’ 조사기관연락처목록: 담당 시/군/구청 또는 광역지차제에서 조사 및 심사 결정기관연락처목록: 담당 시/군/구청 또는 광역지차제"
WLF00003222,버팀목전세자금대출,generic_fallback,2026-07-28T14:11:19.301996+00:00,1,신분증,,,2,현금대여(융자),2,"신청기관연락처목록: 거주지 읍/면/동 주민센터, 주택도시기금 수탁은행(우리, 국민, 신한, 하나, 농협 등)에서 ‘서비스 신청’ 조사기관연락처목록: 담당 시/군/구청 또는 주택도시기금 수탁은행(우리, 국민, 신한, "
WLF00003222,버팀목전세자금대출,generic_fallback,2026-07-28T14:11:19.301996+00:00,2,신청서,,,2,현금대여(융자),2,"신청기관연락처목록: 거주지 읍/면/동 주민센터, 주택도시기금 수탁은행(우리, 국민, 신한, 하나, 농협 등)에서 ‘서비스 신청’ 조사기관연락처목록: 담당 시/군/구청 또는 주택도시기금 수탁은행(우리, 국민, 신한, "
WLF00003228,의료급여 선택의료급여기관제,generic_fallback,2026-07-28T14:11:19.301996+00:00,1,신분증,,,2,현물지급,1,"신청기관연락처목록: 거주지 읍/면/동 주민센터, 시군구에서 ‘서비스 신청’ 조사기관연락처목록: 담당 시/군/구청 또는 시군구에서 조사 및 심사 결정기관연락처목록: 담당 시/군/구청 또는 시군구에서 보장 결정 이의신청"
WLF00003228,의료급여 선택의료급여기관제,generic_fallback,2026-07-28T14:11:19.301996+00:00,2,신청서,,,2,현물지급,1,"신청기관연락처목록: 거주지 읍/면/동 주민센터, 시군구에서 ‘서비스 신청’ 조사기관연락처목록: 담당 시/군/구청 또는 시군구에서 조사 및 심사 결정기관연락처목록: 담당 시/군/구청 또는 시군구에서 보장 결정 이의신청"
WLF00003229,긴급복지 사회복지시설이용지원,generic_fallback,2026-07-28T14:32:12.057332+00:00,1,신분증,,,2,현물지급,1,"조사기관연락처목록: 담당 시/군/구청 또는 시군구에서 조사 및 심사 결정기관연락처목록: 담당 시/군/구청 또는 시군구에서 보장 결정 이의신청접수기관연락처목록: 이의가 있을 경우, 담당 시/군/구청 또는 시군구에 이의"
WLF00003229,긴급복지 사회복지시설이용지원,generic_fallback,2026-07-28T14:32:12.057332+00:00,2,신청서,,,2,현물지급,1,"조사기관연락처목록: 담당 시/군/구청 또는 시군구에서 조사 및 심사 결정기관연락처목록: 담당 시/군/구청 또는 시군구에서 보장 결정 이의신청접수기관연락처목록: 이의가 있을 경우, 담당 시/군/구청 또는 시군구에 이의"
WLF00003231,보조공학기기지원,generic_fallback,2026-07-28T14:11:19.301996+00:00,1,신분증,,,3,현금지급,1,"신청기관연락처목록: 거주지 읍/면/동 주민센터, 한국장애인고용공단 지역본부 및 지사에서 ‘서비스 신청’ 조사기관연락처목록: 담당 시/군/구청 또는 한국장애인고용공단 지역본부 및 지사에서 조사 및 심사 결정기관연락처목"
WLF00003231,보조공학기기지원,generic_fallback,2026-07-28T14:11:19.301996+00:00,2,신청서,,,3,현금지급,1,"신청기관연락처목록: 거주지 읍/면/동 주민센터, 한국장애인고용공단 지역본부 및 지사에서 ‘서비스 신청’ 조사기관연락처목록: 담당 시/군/구청 또는 한국장애인고용공단 지역본부 및 지사에서 조사 및 심사 결정기관연락처목"
WLF00003231,보조공학기기지원,generic_fallback,2026-07-28T14:11:19.301996+00:00,3,통장사본,,,3,현금지급,1,"신청기관연락처목록: 거주지 읍/면/동 주민센터, 한국장애인고용공단 지역본부 및 지사에서 ‘서비스 신청’ 조사기관연락처목록: 담당 시/군/구청 또는 한국장애인고용공단 지역본부 및 지사에서 조사 및 심사 결정기관연락처목"
WLF00003232,농업인안전보험,generic_fallback,2026-07-28T14:32:12.057332+00:00,1,신분증,,,3,현금지급,2,"신청기관연락처목록: 거주지 읍/면/동 주민센터, NH농협생명에서 ‘서비스 신청’ 조사기관연락처목록: 담당 시/군/구청 또는 NH농협생명에서 조사 및 심사 결정기관연락처목록: 담당 시/군/구청 또는 NH농협생명에서 보"
WLF00003232,농업인안전보험,generic_fallback,2026-07-28T14:32:12.057332+00:00,2,신청서,,,3,현금지급,2,"신청기관연락처목록: 거주지 읍/면/동 주민센터, NH농협생명에서 ‘서비스 신청’ 조사기관연락처목록: 담당 시/군/구청 또는 NH농협생명에서 조사 및 심사 결정기관연락처목록: 담당 시/군/구청 또는 NH농협생명에서 보"
WLF00003232,농업인안전보험,generic_fallback,2026-07-28T14:32:12.057332+00:00,3,통장사본,,,3,현금지급,2,"신청기관연락처목록: 거주지 읍/면/동 주민센터, NH농협생명에서 ‘서비스 신청’ 조사기관연락처목록: 담당 시/군/구청 또는 NH농협생명에서 조사 및 심사 결정기관연락처목록: 담당 시/군/구청 또는 NH농협생명에서 보"
WLF00003234,일자리창출사업,generic_fallback,2026-07-28T14:32:12.057332+00:00,1,신분증,,,3,현금지급,2,"신청기관연락처목록: 거주지 읍/면/동 주민센터, 시군구에서 ‘서비스 신청’ 조사기관연락처목록: 담당 시/군/구청 또는 시군구에서 조사 및 심사 결정기관연락처목록: 담당 시/군/구청 또는 시군구에서 보장 결정 지급기관"
WLF00003234,일자리창출사업,generic_fallback,2026-07-28T14:32:12.057332+00:00,2,신청서,,,3,현금지급,2,"신청기관연락처목록: 거주지 읍/면/동 주민센터, 시군구에서 ‘서비스 신청’ 조사기관연락처목록: 담당 시/군/구청 또는 시군구에서 조사 및 심사 결정기관연락처목록: 담당 시/군/구청 또는 시군구에서 보장 결정 지급기관"
WLF00003234,일자리창출사업,generic_fallback,2026-07-28T14:32:12.057332+00:00,3,통장사본,,,3,현금지급,2,"신청기관연락처목록: 거주지 읍/면/동 주민센터, 시군구에서 ‘서비스 신청’ 조사기관연락처목록: 담당 시/군/구청 또는 시군구에서 조사 및 심사 결정기관연락처목록: 담당 시/군/구청 또는 시군구에서 보장 결정 지급기관"
WLF00003236,청소년상담1388 전화상담,generic_fallback,2026-07-28T14:32:12.057332+00:00,1,신분증,,,2,프로그램/서비스(서비스),1,조사기관연락처목록: 담당 시/군/구청 또는 청소년상담복지센터 등에서 조사 및 심사 결정기관연락처목록: 담당 시/군/구청 또는 청소년상담복지센터 등에서 보장 결정 지급기관연락처목록: 담당 시/군/구청 또는 청소년상담복
WLF00003236,청소년상담1388 전화상담,generic_fallback,2026-07-28T14:32:12.057332+00:00,2,신청서,,,2,프로그램/서비스(서비스),1,조사기관연락처목록: 담당 시/군/구청 또는 청소년상담복지센터 등에서 조사 및 심사 결정기관연락처목록: 담당 시/군/구청 또는 청소년상담복지센터 등에서 보장 결정 지급기관연락처목록: 담당 시/군/구청 또는 청소년상담복
WLF00003237,미숙아 및 선천성이상아 의료비 지원,generic_fallback,2026-07-28T14:11:19.301996+00:00,1,신분증,,,3,현금지급,1,"신청기관연락처목록: 거주지 읍/면/동 주민센터, 시군구, 보건소 에서 ‘서비스 신청’ 조사기관연락처목록: 담당 시/군/구청 또는 시군구, 보건소 에서 조사 및 심사 결정기관연락처목록: 담당 시/군/구청 또는 시군구,"
WLF00003237,미숙아 및 선천성이상아 의료비 지원,generic_fallback,2026-07-28T14:11:19.301996+00:00,2,신청서,,,3,현금지급,1,"신청기관연락처목록: 거주지 읍/면/동 주민센터, 시군구, 보건소 에서 ‘서비스 신청’ 조사기관연락처목록: 담당 시/군/구청 또는 시군구, 보건소 에서 조사 및 심사 결정기관연락처목록: 담당 시/군/구청 또는 시군구,"
WLF00003237,미숙아 및 선천성이상아 의료비 지원,generic_fallback,2026-07-28T14:11:19.301996+00:00,3,통장사본,,,3,현금지급,1,"신청기관연락처목록: 거주지 읍/면/동 주민센터, 시군구, 보건소 에서 ‘서비스 신청’ 조사기관연락처목록: 담당 시/군/구청 또는 시군구, 보건소 에서 조사 및 심사 결정기관연락처목록: 담당 시/군/구청 또는 시군구,"
WLF00003238,의료급여수급권자 일반건강검진비 지원,generic_fallback,2026-07-28T14:32:12.057332+00:00,1,신분증,,,2,현물지급,1,조사기관연락처목록: 담당 시/군/구청 또는 지자체에서 조사 및 심사 결정기관연락처목록: 담당 시/군/구청 또는 지자체에서 보장 결정 지급기관연락처목록: 담당 시/군/구청 또는 국민건강보험공단에서 대상자에게 서비스 제
WLF00003238,의료급여수급권자 일반건강검진비 지원,generic_fallback,2026-07-28T14:32:12.057332+00:00,2,신청서,,,2,현물지급,1,조사기관연락처목록: 담당 시/군/구청 또는 지자체에서 조사 및 심사 결정기관연락처목록: 담당 시/군/구청 또는 지자체에서 보장 결정 지급기관연락처목록: 담당 시/군/구청 또는 국민건강보험공단에서 대상자에게 서비스 제
WLF00003242,국가예방접종 사업,generic_fallback,2026-07-28T14:11:19.301996+00:00,1,신분증,,,2,"프로그램/서비스(서비스), 기타",1,"조사기관연락처목록: 담당 시/군/구청 또는 보건소에서 조사 및 심사 결정기관연락처목록: 담당 시/군/구청 또는 시도 및 시군구에서 보장 결정 이의신청접수기관연락처목록: 이의가 있을 경우, 담당 시/군/구청 또는 시도"
WLF00003242,국가예방접종 사업,generic_fallback,2026-07-28T14:11:19.301996+00:00,2,신청서,,,2,"프로그램/서비스(서비스), 기타",1,"조사기관연락처목록: 담당 시/군/구청 또는 보건소에서 조사 및 심사 결정기관연락처목록: 담당 시/군/구청 또는 시도 및 시군구에서 보장 결정 이의신청접수기관연락처목록: 이의가 있을 경우, 담당 시/군/구청 또는 시도"
WLF00003244,국민임대주택공급,generic_fallback,2026-07-28T14:32:12.057332+00:00,1,신분증,,,2,현물지급,1,"신청기관연락처목록: 거주지 읍/면/동 주민센터, 한국토지주택공사, 지방공사, 주택관리공단에서 ‘서비스 신청’ 조사기관연락처목록: 담당 시/군/구청 또는 한국토지주택공사, 지방공사, 주택관리공단에서 조사 및 심사 결정"
WLF00003244,국민임대주택공급,generic_fallback,2026-07-28T14:32:12.057332+00:00,2,신청서,,,2,현물지급,1,"신청기관연락처목록: 거주지 읍/면/동 주민센터, 한국토지주택공사, 지방공사, 주택관리공단에서 ‘서비스 신청’ 조사기관연락처목록: 담당 시/군/구청 또는 한국토지주택공사, 지방공사, 주택관리공단에서 조사 및 심사 결정"
WLF00003246,청소년산모 임신·출산 의료비 지원,generic_fallback,2026-07-28T14:11:19.301996+00:00,1,신분증,,,2,전자바우처(바우처),1,"신청기관연락처목록: 거주지 읍/면/동 주민센터, 사회보장정보원(국가바우처 운영관리시스템)에서 ‘서비스 신청’ 조사기관연락처목록: 담당 시/군/구청 또는 사회보장정보원(국가바우처 운영관리시스템)에서 조사 및 심사 결정"
WLF00003246,청소년산모 임신·출산 의료비 지원,generic_fallback,2026-07-28T14:11:19.301996+00:00,2,신청서,,,2,전자바우처(바우처),1,"신청기관연락처목록: 거주지 읍/면/동 주민센터, 사회보장정보원(국가바우처 운영관리시스템)에서 ‘서비스 신청’ 조사기관연락처목록: 담당 시/군/구청 또는 사회보장정보원(국가바우처 운영관리시스템)에서 조사 및 심사 결정"
WLF00003248,재가급여,generic_fallback,2026-07-28T14:32:12.057332+00:00,1,신분증,,,2,현물지급,2,"신청기관연락처목록: 거주지 읍/면/동 주민센터, 국민건강보험공단에서 ‘서비스 신청’ 조사기관연락처목록: 담당 시/군/구청 또는 국민건강보험공단에서 조사 및 심사 결정기관연락처목록: 담당 시/군/구청 또는 국민건강보험"
WLF00003248,재가급여,generic_fallback,2026-07-28T14:32:12.057332+00:00,2,신청서,,,2,현물지급,2,"신청기관연락처목록: 거주지 읍/면/동 주민센터, 국민건강보험공단에서 ‘서비스 신청’ 조사기관연락처목록: 담당 시/군/구청 또는 국민건강보험공단에서 조사 및 심사 결정기관연락처목록: 담당 시/군/구청 또는 국민건강보험"
WLF00003251,산림보호지원단,generic_fallback,2026-07-28T14:32:12.057332+00:00,1,신분증,,,3,현금지급,1,"신청기관연락처목록: 거주지 읍/면/동 주민센터, 울진국유림관리소에서 ‘서비스 신청’ 신청기관연락처목록: 거주지 읍/면/동 주민센터, 홍천국유림관리소에서 ‘서비스 신청’ 이의신청접수기관연락처목록: 이의가 있을 경우, "
WLF00003251,산림보호지원단,generic_fallback,2026-07-28T14:32:12.057332+00:00,2,신청서,,,3,현금지급,1,"신청기관연락처목록: 거주지 읍/면/동 주민센터, 울진국유림관리소에서 ‘서비스 신청’ 신청기관연락처목록: 거주지 읍/면/동 주민센터, 홍천국유림관리소에서 ‘서비스 신청’ 이의신청접수기관연락처목록: 이의가 있을 경우, "
WLF00003251,산림보호지원단,generic_fallback,2026-07-28T14:32:12.057332+00:00,3,통장사본,,,3,현금지급,1,"신청기관연락처목록: 거주지 읍/면/동 주민센터, 울진국유림관리소에서 ‘서비스 신청’ 신청기관연락처목록: 거주지 읍/면/동 주민센터, 홍천국유림관리소에서 ‘서비스 신청’ 이의신청접수기관연락처목록: 이의가 있을 경우, "
WLF00003252,노인보호전문기관,generic_fallback,2026-07-28T14:32:12.057332+00:00,1,신분증,,,2,"프로그램/서비스(서비스), 시설입소",1,"신청기관연락처목록: 거주지 읍/면/동 주민센터, 노인보호전문기관에서 ‘서비스 신청’ 조사기관연락처목록: 담당 시/군/구청 또는 노인보호전문기관에서 조사 및 심사 결정기관연락처목록: 담당 시/군/구청 또는 노인보호전문"
WLF00003252,노인보호전문기관,generic_fallback,2026-07-28T14:32:12.057332+00:00,2,신청서,,,2,"프로그램/서비스(서비스), 시설입소",1,"신청기관연락처목록: 거주지 읍/면/동 주민센터, 노인보호전문기관에서 ‘서비스 신청’ 조사기관연락처목록: 담당 시/군/구청 또는 노인보호전문기관에서 조사 및 심사 결정기관연락처목록: 담당 시/군/구청 또는 노인보호전문"
WLF00003256,외국인근로자 등 의료지원,generic_fallback,2026-07-28T14:32:12.057332+00:00,1,신분증,,,2,기타,1,조사기관연락처목록: 담당 시/군/구청 또는 17개 지자체에서 조사 및 심사 결정기관연락처목록: 담당 시/군/구청 또는 보건복지부에서 보장 결정 결정기관연락처목록: 담당 시/군/구청 또는 17개 지자체에서 보장 결정 
WLF00003256,외국인근로자 등 의료지원,generic_fallback,2026-07-28T14:32:12.057332+00:00,2,신청서,,,2,기타,1,조사기관연락처목록: 담당 시/군/구청 또는 17개 지자체에서 조사 및 심사 결정기관연락처목록: 담당 시/군/구청 또는 보건복지부에서 보장 결정 결정기관연락처목록: 담당 시/군/구청 또는 17개 지자체에서 보장 결정 
WLF00003261,고엽제특별지원,generic_fallback,2026-07-28T14:38:03.506973+00:00,1,신분증,,,2,현물지급,1,조사기관연락처목록: 담당 시/군/구청 또는 국가보훈부에서 조사 및 심사 결정기관연락처목록: 담당 시/군/구청 또는 국가보훈부 본부에서 보장 결정 지급기관연락처목록: 담당 시/군/구청 또는 보훈(지)청에서 대상자에게 
WLF00003261,고엽제특별지원,generic_fallback,2026-07-28T14:38:03.506973+00:00,2,신청서,,,2,현물지급,1,조사기관연락처목록: 담당 시/군/구청 또는 국가보훈부에서 조사 및 심사 결정기관연락처목록: 담당 시/군/구청 또는 국가보훈부 본부에서 보장 결정 지급기관연락처목록: 담당 시/군/구청 또는 보훈(지)청에서 대상자에게 
WLF00003263,WEE 클래스 상담지원,generic_fallback,2026-07-28T14:32:12.057332+00:00,1,신분증,,,2,프로그램/서비스(서비스),1,조사기관연락처목록: 담당 시/군/구청 또는 전국 초중고 학교상담실에서 조사 및 심사 결정기관연락처목록: 담당 시/군/구청 또는 전국 초중고 학교상담실에서 보장 결정 지급기관연락처목록: 담당 시/군/구청 또는 전국 초
WLF00003263,WEE 클래스 상담지원,generic_fallback,2026-07-28T14:32:12.057332+00:00,2,신청서,,,2,프로그램/서비스(서비스),1,조사기관연락처목록: 담당 시/군/구청 또는 전국 초중고 학교상담실에서 조사 및 심사 결정기관연락처목록: 담당 시/군/구청 또는 전국 초중고 학교상담실에서 보장 결정 지급기관연락처목록: 담당 시/군/구청 또는 전국 초
WLF00003264,통합건강증진사업,generic_fallback,2026-07-28T14:32:12.057332+00:00,1,신분증,,,2,프로그램/서비스(서비스),1,"신청기관연락처목록: 거주지 읍/면/동 주민센터, 보건소에서 ‘서비스 신청’ 조사기관연락처목록: 담당 시/군/구청 또는 보건소에서 조사 및 심사 결정기관연락처목록: 담당 시/군/구청 또는 보건소에서 보장 결정 지급기관"
WLF00003264,통합건강증진사업,generic_fallback,2026-07-28T14:32:12.057332+00:00,2,신청서,,,2,프로그램/서비스(서비스),1,"신청기관연락처목록: 거주지 읍/면/동 주민센터, 보건소에서 ‘서비스 신청’ 조사기관연락처목록: 담당 시/군/구청 또는 보건소에서 조사 및 심사 결정기관연락처목록: 담당 시/군/구청 또는 보건소에서 보장 결정 지급기관"
WLF00003268,가정위탁아동 상해보험료 지원,generic_fallback,2026-07-28T14:32:12.057332+00:00,1,신분증,,,2,프로그램/서비스(서비스),1,조사기관연락처목록: 담당 시/군/구청 또는 17개 시도에서 조사 및 심사 결정기관연락처목록: 담당 시/군/구청 또는 17개 시도에서 보장 결정 지급기관연락처목록: 담당 시/군/구청 또는 17개 시도에서 대상자에게 서
WLF00003268,가정위탁아동 상해보험료 지원,generic_fallback,2026-07-28T14:32:12.057332+00:00,2,신청서,,,2,프로그램/서비스(서비스),1,조사기관연락처목록: 담당 시/군/구청 또는 17개 시도에서 조사 및 심사 결정기관연락처목록: 담당 시/군/구청 또는 17개 시도에서 보장 결정 지급기관연락처목록: 담당 시/군/구청 또는 17개 시도에서 대상자에게 서
WLF00003270,입양·가정위탁아동 심리치료 지원,generic_fallback,2026-07-28T14:11:19.301996+00:00,1,신분증,,,3,현금지급,1,"신청기관연락처목록: 거주지 읍/면/동 주민센터, 가정위탁지원센터에서 ‘서비스 신청’ 조사기관연락처목록: 담당 시/군/구청 또는 시도(시군구 위임 가능)에서 조사 및 심사 결정기관연락처목록: 담당 시/군/구청 또는 시"
WLF00003270,입양·가정위탁아동 심리치료 지원,generic_fallback,2026-07-28T14:11:19.301996+00:00,2,신청서,,,3,현금지급,1,"신청기관연락처목록: 거주지 읍/면/동 주민센터, 가정위탁지원센터에서 ‘서비스 신청’ 조사기관연락처목록: 담당 시/군/구청 또는 시도(시군구 위임 가능)에서 조사 및 심사 결정기관연락처목록: 담당 시/군/구청 또는 시"
WLF00003270,입양·가정위탁아동 심리치료 지원,generic_fallback,2026-07-28T14:11:19.301996+00:00,3,통장사본,,,3,현금지급,1,"신청기관연락처목록: 거주지 읍/면/동 주민센터, 가정위탁지원센터에서 ‘서비스 신청’ 조사기관연락처목록: 담당 시/군/구청 또는 시도(시군구 위임 가능)에서 조사 및 심사 결정기관연락처목록: 담당 시/군/구청 또는 시"
WLF00003271,내집마련 디딤돌 대출,generic_fallback,2026-07-28T14:11:19.301996+00:00,1,신분증,,,2,현금대여(융자),2,"신청기관연락처목록: 거주지 읍/면/동 주민센터, 주택도시기금 수탁은행 (우리, 국민, 신한, 하나, 농협 등)에서 ‘서비스 신청’ 조사기관연락처목록: 담당 시/군/구청 또는 주택도시기금 수탁은행 (우리, 국민, 신한"
WLF00003271,내집마련 디딤돌 대출,generic_fallback,2026-07-28T14:11:19.301996+00:00,2,신청서,,,2,현금대여(융자),2,"신청기관연락처목록: 거주지 읍/면/동 주민센터, 주택도시기금 수탁은행 (우리, 국민, 신한, 하나, 농협 등)에서 ‘서비스 신청’ 조사기관연락처목록: 담당 시/군/구청 또는 주택도시기금 수탁은행 (우리, 국민, 신한"
WLF00003280,전립선등 노인성질환 예방관리,generic_fallback,2026-07-28T14:38:03.506973+00:00,1,신분증,,,2,"프로그램/서비스(서비스), 현물지급",2,"조사기관연락처목록: 담당 시/군/구청 또는 사업수행기관에서 조사 및 심사 결정기관연락처목록: 담당 시/군/구청 또는 사업수행기관에서 보장 결정 지급기관연락처목록: 담당 시/군/구청 또는 법인, 비영리민간단체 등 행정"
WLF00003280,전립선등 노인성질환 예방관리,generic_fallback,2026-07-28T14:38:03.506973+00:00,2,신청서,,,2,"프로그램/서비스(서비스), 현물지급",2,"조사기관연락처목록: 담당 시/군/구청 또는 사업수행기관에서 조사 및 심사 결정기관연락처목록: 담당 시/군/구청 또는 사업수행기관에서 보장 결정 지급기관연락처목록: 담당 시/군/구청 또는 법인, 비영리민간단체 등 행정"
WLF00003281,국가보훈대상자 취업능력개발지원,generic_fallback,2026-07-28T14:38:03.506973+00:00,1,신분증,,,3,현금지급,0,"신청기관연락처목록: 거주지 읍/면/동 주민센터, 보훈(지)청에서 ‘서비스 신청’ 조사기관연락처목록: 담당 시/군/구청 또는 보훈(지)청에서 조사 및 심사 결정기관연락처목록: 담당 시/군/구청 또는 보훈(지)청에서 보"
WLF00003281,국가보훈대상자 취업능력개발지원,generic_fallback,2026-07-28T14:38:03.506973+00:00,2,신청서,,,3,현금지급,0,"신청기관연락처목록: 거주지 읍/면/동 주민센터, 보훈(지)청에서 ‘서비스 신청’ 조사기관연락처목록: 담당 시/군/구청 또는 보훈(지)청에서 조사 및 심사 결정기관연락처목록: 담당 시/군/구청 또는 보훈(지)청에서 보"
WLF00003281,국가보훈대상자 취업능력개발지원,generic_fallback,2026-07-28T14:38:03.506973+00:00,3,통장사본,,,3,현금지급,0,"신청기관연락처목록: 거주지 읍/면/동 주민센터, 보훈(지)청에서 ‘서비스 신청’ 조사기관연락처목록: 담당 시/군/구청 또는 보훈(지)청에서 조사 및 심사 결정기관연락처목록: 담당 시/군/구청 또는 보훈(지)청에서 보"
WLF00003884,참전명예수당,generic_fallback,2026-07-28T14:11:19.301996+00:00,1,신분증,,,3,현금지급,1,"직권지급,누락시 주민등록지 관할 구청 및 동주민센터에 신청"
WLF00003884,참전명예수당,generic_fallback,2026-07-28T14:11:19.301996+00:00,2,신청서,,,3,현금지급,1,"직권지급,누락시 주민등록지 관할 구청 및 동주민센터에 신청"
WLF00003884,참전명예수당,generic_fallback,2026-07-28T14:11:19.301996+00:00,3,통장사본,,,3,현금지급,1,"직권지급,누락시 주민등록지 관할 구청 및 동주민센터에 신청"
WLF00003923,임산부 가사돌봄 지원사업,generic_fallback,2026-07-28T14:38:03.506973+00:00,1,신분증,,,2,프로그램/서비스(서비스),1,온라인 신청(성동구청 홈페이지 - 신속예약 - 생활서비스 내 임산부 가사돌봄 ) 1. 온라인 신청(신청자) 2. 자격 검토 및 승인(동주민센터-구청) 3. 온라인 서비스 예약(자격 승인자) 4. 서비스 이용 연계(서
WLF00003923,임산부 가사돌봄 지원사업,generic_fallback,2026-07-28T14:38:03.506973+00:00,2,신청서,,,2,프로그램/서비스(서비스),1,온라인 신청(성동구청 홈페이지 - 신속예약 - 생활서비스 내 임산부 가사돌봄 ) 1. 온라인 신청(신청자) 2. 자격 검토 및 승인(동주민센터-구청) 3. 온라인 서비스 예약(자격 승인자) 4. 서비스 이용 연계(서
WLF00003933,다자녀 가정 실내 바닥매트 지원,generic_fallback,2026-07-28T14:16:21.278260+00:00,1,신분증,,,2,현물지급,1,1. 서초구 홈페이지2. 동주민센터 또는 서초구청 여성보육과 내방 신청
WLF00003933,다자녀 가정 실내 바닥매트 지원,generic_fallback,2026-07-28T14:16:21.278260+00:00,2,신청서,,,2,현물지급,1,1. 서초구 홈페이지2. 동주민센터 또는 서초구청 여성보육과 내방 신청
WLF00004044,장애인 양육지원금 지원사업,generic_fallback,2026-07-28T14:38:03.506973+00:00,1,신분증,,,3,현금지급,1,동주민센터 방문신청
WLF00004044,장애인 양육지원금 지원사업,generic_fallback,2026-07-28T14:38:03.506973+00:00,2,신청서,,,3,현금지급,1,동주민센터 방문신청
WLF00004044,장애인 양육지원금 지원사업,generic_fallback,2026-07-28T14:38:03.506973+00:00,3,통장사본,,,3,현금지급,1,동주민센터 방문신청
WLF00004197,서대문구 자립준비청년 자립지원(사회첫걸음)수당,generic_fallback,2026-07-28T14:38:03.506973+00:00,1,신분증,,,3,현금지급,1,· 방문 신청(해당 사업 담당자에게 전화로 안내 받은 후 방문 신청)
WLF00004197,서대문구 자립준비청년 자립지원(사회첫걸음)수당,generic_fallback,2026-07-28T14:38:03.506973+00:00,2,신청서,,,3,현금지급,1,· 방문 신청(해당 사업 담당자에게 전화로 안내 받은 후 방문 신청)
WLF00004197,서대문구 자립준비청년 자립지원(사회첫걸음)수당,generic_fallback,2026-07-28T14:38:03.506973+00:00,3,통장사본,,,3,현금지급,1,· 방문 신청(해당 사업 담당자에게 전화로 안내 받은 후 방문 신청)
WLF00004265,저소득주민 위문금 지원,generic_fallback,2026-07-28T14:38:03.506973+00:00,1,신분증,,,3,현금지급,1,
WLF00004265,저소득주민 위문금 지원,generic_fallback,2026-07-28T14:38:03.506973+00:00,2,신청서,,,3,현금지급,1,
WLF00004265,저소득주민 위문금 지원,generic_fallback,2026-07-28T14:38:03.506973+00:00,3,통장사본,,,3,현금지급,1,
WLF00004277,국가유공자 및 유가족 지원,generic_fallback,2026-07-28T14:38:03.506973+00:00,1,신분증,,,3,현금지급,1,신청(신청인)-구청(서비스제공)
WLF00004277,국가유공자 및 유가족 지원,generic_fallback,2026-07-28T14:38:03.506973+00:00,2,신청서,,,3,현금지급,1,신청(신청인)-구청(서비스제공)
WLF00004277,국가유공자 및 유가족 지원,generic_fallback,2026-07-28T14:38:03.506973+00:00,3,통장사본,,,3,현금지급,1,신청(신청인)-구청(서비스제공)
WLF00004358,"철분제,엽산제 구매(임산부 및 영유아관리)",generic_fallback,2026-07-28T14:16:21.278260+00:00,1,신분증,,,2,현물지급,1,마포구 보건소에 임산부 등록 후 지원맘편한임신 통합제공서비스 통한 온라인 및 방문접수
WLF00004358,"철분제,엽산제 구매(임산부 및 영유아관리)",generic_fallback,2026-07-28T14:16:21.278260+00:00,2,신청서,,,2,현물지급,1,마포구 보건소에 임산부 등록 후 지원맘편한임신 통합제공서비스 통한 온라인 및 방문접수
WLF00004360,산모·신생아 건강관리 지원사업,generic_fallback,2026-07-28T14:16:21.278260+00:00,1,신분증,,,2,전자바우처(바우처),1,"신청기간 : 출산예정일 40일 전부터 출산후 60일 이내 임신 16주 이후 발생한 유산, 사산의 경우 확인일로부터 30일 이내(의사 소견서. 확인서 첨부) 미숙아. 선천성이상아 출산 등으로 입원한 경우 퇴원일로부터 "
WLF00004360,산모·신생아 건강관리 지원사업,generic_fallback,2026-07-28T14:16:21.278260+00:00,2,신청서,,,2,전자바우처(바우처),1,"신청기간 : 출산예정일 40일 전부터 출산후 60일 이내 임신 16주 이후 발생한 유산, 사산의 경우 확인일로부터 30일 이내(의사 소견서. 확인서 첨부) 미숙아. 선천성이상아 출산 등으로 입원한 경우 퇴원일로부터 "
WLF00004370,사랑의 수어교실 운영,generic_fallback,2026-07-28T14:16:21.278260+00:00,1,신분증,,,2,"프로그램/서비스(서비스), 기타",1,- 신청기관 : 강북구수어통역센터(강북구 도봉로 388 테마빌딩 5층)- 신청방법 : 전화 또는 방문 - 별도의 신청서가 없어 계획서 첨부함
WLF00004370,사랑의 수어교실 운영,generic_fallback,2026-07-28T14:16:21.278260+00:00,2,신청서,,,2,"프로그램/서비스(서비스), 기타",1,- 신청기관 : 강북구수어통역센터(강북구 도봉로 388 테마빌딩 5층)- 신청방법 : 전화 또는 방문 - 별도의 신청서가 없어 계획서 첨부함
WLF00004543,정신건강증진사업,generic_fallback,2026-07-28T14:16:21.278260+00:00,1,신분증,,,3,현금지급,1,"직접신청, 병의원이 보건소로 직접청구"
WLF00004543,정신건강증진사업,generic_fallback,2026-07-28T14:16:21.278260+00:00,2,신청서,,,3,현금지급,1,"직접신청, 병의원이 보건소로 직접청구"
WLF00004543,정신건강증진사업,generic_fallback,2026-07-28T14:16:21.278260+00:00,3,통장사본,,,3,현금지급,1,"직접신청, 병의원이 보건소로 직접청구"
WLF00004588,저소득 어르신 무료급식사업,generic_fallback,2026-07-28T14:16:21.278260+00:00,1,신분증,,,2,기타,1,복지관에 방문신청 - 복지관에서 대상자방문 조사 - 구청신청 - 구청승인 - 대상자 복지관 이용
WLF00004588,저소득 어르신 무료급식사업,generic_fallback,2026-07-28T14:16:21.278260+00:00,2,신청서,,,2,기타,1,복지관에 방문신청 - 복지관에서 대상자방문 조사 - 구청신청 - 구청승인 - 대상자 복지관 이용
WLF00004602,1인가구 생활불편해소 서비스,generic_fallback,2026-07-28T14:38:03.506973+00:00,1,신분증,,,2,기타,1,건강·안전·생활·관계·특화사업서초1인가구지원센터 홈페이지 참고 : http://www.seochosingle.net
WLF00004602,1인가구 생활불편해소 서비스,generic_fallback,2026-07-28T14:38:03.506973+00:00,2,신청서,,,2,기타,1,건강·안전·생활·관계·특화사업서초1인가구지원센터 홈페이지 참고 : http://www.seochosingle.net
WLF00004607,자원봉사자 통합 교육,generic_fallback,2026-07-28T14:16:21.278260+00:00,1,신분증,,,2,"자원봉사, 기타",1,
WLF00004607,자원봉사자 통합 교육,generic_fallback,2026-07-28T14:16:21.278260+00:00,2,신청서,,,2,"자원봉사, 기타",1,
WLF00004626,친환경 무상급식비 및 친환경 쌀 구매 차액 지원,generic_fallback,2026-07-28T14:38:03.506973+00:00,1,신분증,,,3,현금지급,1,"○ 친환경 무상급식 : 별도 신청 없음 ○ 친환경 쌀 구매지원 : 상반기, 하반기 2회에 걸쳐 학교에 신청을 받아 교부"
WLF00004626,친환경 무상급식비 및 친환경 쌀 구매 차액 지원,generic_fallback,2026-07-28T14:38:03.506973+00:00,2,신청서,,,3,현금지급,1,"○ 친환경 무상급식 : 별도 신청 없음 ○ 친환경 쌀 구매지원 : 상반기, 하반기 2회에 걸쳐 학교에 신청을 받아 교부"
WLF00004626,친환경 무상급식비 및 친환경 쌀 구매 차액 지원,generic_fallback,2026-07-28T14:38:03.506973+00:00,3,통장사본,,,3,현금지급,1,"○ 친환경 무상급식 : 별도 신청 없음 ○ 친환경 쌀 구매지원 : 상반기, 하반기 2회에 걸쳐 학교에 신청을 받아 교부"
WLF00004639,전기요금 복지할인,generic_fallback,2026-07-28T14:38:03.506973+00:00,1,신분증,,,3,현금지급,0,"신청기관연락처목록: 거주지 읍/면/동 주민센터, 한국전력공사에서 ‘서비스 신청’ 조사기관연락처목록: 담당 시/군/구청 또는 한국전력공사에서 조사 및 심사 결정기관연락처목록: 담당 시/군/구청 또는 한국전력공사에서 보"
WLF00004639,전기요금 복지할인,generic_fallback,2026-07-28T14:38:03.506973+00:00,2,신청서,,,3,현금지급,0,"신청기관연락처목록: 거주지 읍/면/동 주민센터, 한국전력공사에서 ‘서비스 신청’ 조사기관연락처목록: 담당 시/군/구청 또는 한국전력공사에서 조사 및 심사 결정기관연락처목록: 담당 시/군/구청 또는 한국전력공사에서 보"
WLF00004639,전기요금 복지할인,generic_fallback,2026-07-28T14:38:03.506973+00:00,3,통장사본,,,3,현금지급,0,"신청기관연락처목록: 거주지 읍/면/동 주민센터, 한국전력공사에서 ‘서비스 신청’ 조사기관연락처목록: 담당 시/군/구청 또는 한국전력공사에서 조사 및 심사 결정기관연락처목록: 담당 시/군/구청 또는 한국전력공사에서 보"
WLF00004648,(산재근로자)케어센터지원,generic_fallback,2026-07-28T14:38:03.506973+00:00,1,신분증,,,2,시설입소,1,"신청기관연락처목록: 거주지 읍/면/동 주민센터, 근로복지공단에서 ‘서비스 신청’ 조사기관연락처목록: 담당 시/군/구청 또는 근로복지공단에서 조사 및 심사 결정기관연락처목록: 담당 시/군/구청 또는 근로복지공단에서 보"
WLF00004648,(산재근로자)케어센터지원,generic_fallback,2026-07-28T14:38:03.506973+00:00,2,신청서,,,2,시설입소,1,"신청기관연락처목록: 거주지 읍/면/동 주민센터, 근로복지공단에서 ‘서비스 신청’ 조사기관연락처목록: 담당 시/군/구청 또는 근로복지공단에서 조사 및 심사 결정기관연락처목록: 담당 시/군/구청 또는 근로복지공단에서 보"
WLF00004649,행복주택 공급,generic_fallback,2026-07-28T14:16:21.278260+00:00,1,신분증,,,2,현물지급,6,"이의신청접수기관연락처목록: 이의가 있을 경우, 담당 시/군/구청 또는 각 공공주택사업자에 이의 신청 접수 신청기관연락처목록: 거주지 읍/면/동 주민센터, 한국토지주택공사, SH 등 지방공사, 지방자체단체 등 각 공공"
WLF00004649,행복주택 공급,generic_fallback,2026-07-28T14:16:21.278260+00:00,2,신청서,,,2,현물지급,6,"이의신청접수기관연락처목록: 이의가 있을 경우, 담당 시/군/구청 또는 각 공공주택사업자에 이의 신청 접수 신청기관연락처목록: 거주지 읍/면/동 주민센터, 한국토지주택공사, SH 등 지방공사, 지방자체단체 등 각 공공"
WLF00004650,청소년성문화센터설치운영,generic_fallback,2026-07-28T14:38:03.506973+00:00,1,신분증,,,2,프로그램/서비스(서비스),2,"신청기관연락처목록: 거주지 읍/면/동 주민센터, 지역별 청소년성문화센터에서 ‘서비스 신청’ 조사기관연락처목록: 담당 시/군/구청 또는 지역별 청소년성문화센터에서 조사 및 심사 결정기관연락처목록: 담당 시/군/구청 또"
WLF00004650,청소년성문화센터설치운영,generic_fallback,2026-07-28T14:38:03.506973+00:00,2,신청서,,,2,프로그램/서비스(서비스),2,"신청기관연락처목록: 거주지 읍/면/동 주민센터, 지역별 청소년성문화센터에서 ‘서비스 신청’ 조사기관연락처목록: 담당 시/군/구청 또는 지역별 청소년성문화센터에서 조사 및 심사 결정기관연락처목록: 담당 시/군/구청 또"
WLF00004651,직업능력개발운영(훈련수당),generic_fallback,2026-07-28T14:38:03.506973+00:00,1,신분증,,,3,현금지급,2,"신청기관연락처목록: 거주지 읍/면/동 주민센터, 한국장애인고용공단에서 ‘서비스 신청’ 신청기관연락처목록: 거주지 읍/면/동 주민센터, 한국장애인고용공단 지정 민간위탁훈련기관에서 ‘서비스 신청’ 조사기관연락처목록: 담"
WLF00004651,직업능력개발운영(훈련수당),generic_fallback,2026-07-28T14:38:03.506973+00:00,2,신청서,,,3,현금지급,2,"신청기관연락처목록: 거주지 읍/면/동 주민센터, 한국장애인고용공단에서 ‘서비스 신청’ 신청기관연락처목록: 거주지 읍/면/동 주민센터, 한국장애인고용공단 지정 민간위탁훈련기관에서 ‘서비스 신청’ 조사기관연락처목록: 담"
WLF00004651,직업능력개발운영(훈련수당),generic_fallback,2026-07-28T14:38:03.506973+00:00,3,통장사본,,,3,현금지급,2,"신청기관연락처목록: 거주지 읍/면/동 주민센터, 한국장애인고용공단에서 ‘서비스 신청’ 신청기관연락처목록: 거주지 읍/면/동 주민센터, 한국장애인고용공단 지정 민간위탁훈련기관에서 ‘서비스 신청’ 조사기관연락처목록: 담"
WLF00004654,장애인인턴제,generic_fallback,2026-07-28T14:38:03.506973+00:00,1,신분증,,,2,기타,0,조사기관연락처목록: 담당 시/군/구청 또는 한국장애인고용공단에서 조사 및 심사 결정기관연락처목록: 담당 시/군/구청 또는 한국장애인고용공단에서 보장 결정 지급기관연락처목록: 담당 시/군/구청 또는 한국장애인고용공단에
WLF00004654,장애인인턴제,generic_fallback,2026-07-28T14:38:03.506973+00:00,2,신청서,,,2,기타,0,조사기관연락처목록: 담당 시/군/구청 또는 한국장애인고용공단에서 조사 및 심사 결정기관연락처목록: 담당 시/군/구청 또는 한국장애인고용공단에서 보장 결정 지급기관연락처목록: 담당 시/군/구청 또는 한국장애인고용공단에
WLF00004658,과학문화 바우처 지원,generic_fallback,2026-07-28T14:38:03.506973+00:00,1,신분증,,,2,전자바우처(바우처),0,"신청기관연락처목록: 거주지 읍/면/동 주민센터, 한국과학창의재단에서 ‘서비스 신청’ 조사기관연락처목록: 담당 시/군/구청 또는 한국과학창의재단에서 조사 및 심사 결정기관연락처목록: 담당 시/군/구청 또는 한국과학창의"
WLF00004658,과학문화 바우처 지원,generic_fallback,2026-07-28T14:38:03.506973+00:00,2,신청서,,,2,전자바우처(바우처),0,"신청기관연락처목록: 거주지 읍/면/동 주민센터, 한국과학창의재단에서 ‘서비스 신청’ 조사기관연락처목록: 담당 시/군/구청 또는 한국과학창의재단에서 조사 및 심사 결정기관연락처목록: 담당 시/군/구청 또는 한국과학창의"
WLF00004663,통합공공임대,generic_fallback,2026-07-28T14:16:21.278260+00:00,1,신분증,,,2,현물대여,1,"신청기관연락처목록: 거주지 읍/면/동 주민센터, 경기도시공사에서 ‘서비스 신청’ 신청기관연락처목록: 거주지 읍/면/동 주민센터, 서울주택도시공사에서 ‘서비스 신청’ 신청기관연락처목록: 거주지 읍/면/동 주민센터, 한"
WLF00004663,통합공공임대,generic_fallback,2026-07-28T14:16:21.278260+00:00,2,신청서,,,2,현물대여,1,"신청기관연락처목록: 거주지 읍/면/동 주민센터, 경기도시공사에서 ‘서비스 신청’ 신청기관연락처목록: 거주지 읍/면/동 주민센터, 서울주택도시공사에서 ‘서비스 신청’ 신청기관연락처목록: 거주지 읍/면/동 주민센터, 한"
WLF00004688,강동구 초중고 신입생 입학준비금 사업,generic_fallback,2026-07-28T14:38:03.506973+00:00,1,신분증,,,2,기타,1,"1. 서울소재 학교 1학년 신입생: 서울시교육청 홈페이지에서 신청, 신청방법 입학학교에 문의홈페이지 주소: https://start.sen.go.kr/2. 서울외 타지역 소재 학교 1학년 신입생: 강동구 홈페이지에서"
WLF00004688,강동구 초중고 신입생 입학준비금 사업,generic_fallback,2026-07-28T14:38:03.506973+00:00,2,신청서,,,2,기타,1,"1. 서울소재 학교 1학년 신입생: 서울시교육청 홈페이지에서 신청, 신청방법 입학학교에 문의홈페이지 주소: https://start.sen.go.kr/2. 서울외 타지역 소재 학교 1학년 신입생: 강동구 홈페이지에서"
WLF00004719,서울 디딤돌소득 시범사업,generic_fallback,2026-07-28T14:16:21.278260+00:00,1,신분증,,,3,현금지급,1,"2022년 3월 28일(월)~4월 8일(금), 12일간 - 온라인 신청 원칙, 신청 첫 주 출생연도 끝자리 5부제 운영(3.28~4.1) - 정보취약계층을 위한 접수 콜센터 운영(4.4~4.8) 1차 5,000가구 "
WLF00004719,서울 디딤돌소득 시범사업,generic_fallback,2026-07-28T14:16:21.278260+00:00,2,신청서,,,3,현금지급,1,"2022년 3월 28일(월)~4월 8일(금), 12일간 - 온라인 신청 원칙, 신청 첫 주 출생연도 끝자리 5부제 운영(3.28~4.1) - 정보취약계층을 위한 접수 콜센터 운영(4.4~4.8) 1차 5,000가구 "
WLF00004719,서울 디딤돌소득 시범사업,generic_fallback,2026-07-28T14:16:21.278260+00:00,3,통장사본,,,3,현금지급,1,"2022년 3월 28일(월)~4월 8일(금), 12일간 - 온라인 신청 원칙, 신청 첫 주 출생연도 끝자리 5부제 운영(3.28~4.1) - 정보취약계층을 위한 접수 콜센터 운영(4.4~4.8) 1차 5,000가구 "
WLF00004778,저소득 한부모가족 명절위문금 지원,generic_fallback,2026-07-28T14:38:03.506973+00:00,1,신분증,,,3,현금지급,1,
WLF00004778,저소득 한부모가족 명절위문금 지원,generic_fallback,2026-07-28T14:38:03.506973+00:00,2,신청서,,,3,현금지급,1,
WLF00004778,저소득 한부모가족 명절위문금 지원,generic_fallback,2026-07-28T14:38:03.506973+00:00,3,통장사본,,,3,현금지급,1,
WLF00004791,4차산업칼리지 청년인턴 지원사업,generic_fallback,2026-07-28T14:38:03.506973+00:00,1,신분증,,,3,현금지급,1,서초AI칼리지 수료생 중 희망자를 4차산업관련 기업에 인턴연계
WLF00004791,4차산업칼리지 청년인턴 지원사업,generic_fallback,2026-07-28T14:38:03.506973+00:00,2,신청서,,,3,현금지급,1,서초AI칼리지 수료생 중 희망자를 4차산업관련 기업에 인턴연계
WLF00004791,4차산업칼리지 청년인턴 지원사업,generic_fallback,2026-07-28T14:38:03.506973+00:00,3,통장사본,,,3,현금지급,1,서초AI칼리지 수료생 중 희망자를 4차산업관련 기업에 인턴연계
WLF00004854,서울시 장애인 전동보장구 수리비 지원,generic_fallback,2026-07-28T14:16:21.278260+00:00,1,신분증,,,3,현금지급,1,방문신청(해당 읍·면·동 주민센터 방문)
WLF00004854,서울시 장애인 전동보장구 수리비 지원,generic_fallback,2026-07-28T14:16:21.278260+00:00,2,신청서,,,3,현금지급,1,방문신청(해당 읍·면·동 주민센터 방문)
WLF00004854,서울시 장애인 전동보장구 수리비 지원,generic_fallback,2026-07-28T14:16:21.278260+00:00,3,통장사본,,,3,현금지급,1,방문신청(해당 읍·면·동 주민센터 방문)
WLF00004868,동작구 입학준비금 지원사업,generic_fallback,2026-07-28T14:16:21.278260+00:00,1,신분증,,,2,기타,1,"동작구 소재 학교 1학년 입학생 - 서울시교육청 입학준비금 신청 홈페이지에서 신청(https://start.sen.go.kr), 신청자 입학학교에 신청 문의 동작구민 중 서울시 외 타 시도 소재 학교 1학년 입학생 "
WLF00004868,동작구 입학준비금 지원사업,generic_fallback,2026-07-28T14:16:21.278260+00:00,2,신청서,,,2,기타,1,"동작구 소재 학교 1학년 입학생 - 서울시교육청 입학준비금 신청 홈페이지에서 신청(https://start.sen.go.kr), 신청자 입학학교에 신청 문의 동작구민 중 서울시 외 타 시도 소재 학교 1학년 입학생 "
WLF00004997,한국형 상병수당 시범사업,generic_fallback,2026-07-28T14:16:21.278260+00:00,1,신분증,,,3,현금지급,4,"신청기관연락처목록: 거주지 읍/면/동 주민센터, 국민건강보험공단 충주지사에서 ‘서비스 신청’ 신청기관연락처목록: 거주지 읍/면/동 주민센터, 국민건강보험공단 원주횡성지사에서 ‘서비스 신청’ 신청기관연락처목록: 거주지"
WLF00004997,한국형 상병수당 시범사업,generic_fallback,2026-07-28T14:16:21.278260+00:00,2,신청서,,,3,현금지급,4,"신청기관연락처목록: 거주지 읍/면/동 주민센터, 국민건강보험공단 충주지사에서 ‘서비스 신청’ 신청기관연락처목록: 거주지 읍/면/동 주민센터, 국민건강보험공단 원주횡성지사에서 ‘서비스 신청’ 신청기관연락처목록: 거주지"
WLF00004997,한국형 상병수당 시범사업,generic_fallback,2026-07-28T14:16:21.278260+00:00,3,통장사본,,,3,현금지급,4,"신청기관연락처목록: 거주지 읍/면/동 주민센터, 국민건강보험공단 충주지사에서 ‘서비스 신청’ 신청기관연락처목록: 거주지 읍/면/동 주민센터, 국민건강보험공단 원주횡성지사에서 ‘서비스 신청’ 신청기관연락처목록: 거주지"
WLF00005012,노인맞춤돌봄서비스 IoT사업,generic_fallback,2026-07-28T14:38:03.506973+00:00,1,신분증,,,2,현물지급,1,신청저 작성 -> 돌봄 필요여부 결정하여 결정
WLF00005012,노인맞춤돌봄서비스 IoT사업,generic_fallback,2026-07-28T14:38:03.506973+00:00,2,신청서,,,2,현물지급,1,신청저 작성 -> 돌봄 필요여부 결정하여 결정
WLF00005014,노인맞춤돌봄서비스 홀몸 어르신 인공지능(AI) 돌봄 서비스 지원,generic_fallback,2026-07-28T14:38:03.506973+00:00,1,신분증,,,2,현물대여,1,필요 대상자 지원
WLF00005014,노인맞춤돌봄서비스 홀몸 어르신 인공지능(AI) 돌봄 서비스 지원,generic_fallback,2026-07-28T14:38:03.506973+00:00,2,신청서,,,2,현물대여,1,필요 대상자 지원
WLF00005032,전문아동보호비 지원,generic_fallback,2026-07-28T14:38:03.506973+00:00,1,신분증,,,3,현금지급,1,조사기관연락처목록: 담당 시/군/구청 또는 시군구에서 조사 및 심사 조사기관연락처목록: 담당 시/군/구청 또는 가정위탁지원센터에서 조사 및 심사 결정기관연락처목록: 담당 시/군/구청 또는 시군구에서 보장 결정 지급기
WLF00005032,전문아동보호비 지원,generic_fallback,2026-07-28T14:38:03.506973+00:00,2,신청서,,,3,현금지급,1,조사기관연락처목록: 담당 시/군/구청 또는 시군구에서 조사 및 심사 조사기관연락처목록: 담당 시/군/구청 또는 가정위탁지원센터에서 조사 및 심사 결정기관연락처목록: 담당 시/군/구청 또는 시군구에서 보장 결정 지급기
WLF00005032,전문아동보호비 지원,generic_fallback,2026-07-28T14:38:03.506973+00:00,3,통장사본,,,3,현금지급,1,조사기관연락처목록: 담당 시/군/구청 또는 시군구에서 조사 및 심사 조사기관연락처목록: 담당 시/군/구청 또는 가정위탁지원센터에서 조사 및 심사 결정기관연락처목록: 담당 시/군/구청 또는 시군구에서 보장 결정 지급기
WLF00005033,아동용품구입비 지원,generic_fallback,2026-07-28T14:38:03.506973+00:00,1,신분증,,,3,현금지급,1,조사기관연락처목록: 담당 시/군/구청 또는 시군구에서 조사 및 심사 조사기관연락처목록: 담당 시/군/구청 또는 가정위탁지원센터에서 조사 및 심사 결정기관연락처목록: 담당 시/군/구청 또는 시군구에서 보장 결정 결정기
WLF00005033,아동용품구입비 지원,generic_fallback,2026-07-28T14:38:03.506973+00:00,2,신청서,,,3,현금지급,1,조사기관연락처목록: 담당 시/군/구청 또는 시군구에서 조사 및 심사 조사기관연락처목록: 담당 시/군/구청 또는 가정위탁지원센터에서 조사 및 심사 결정기관연락처목록: 담당 시/군/구청 또는 시군구에서 보장 결정 결정기
WLF00005033,아동용품구입비 지원,generic_fallback,2026-07-28T14:38:03.506973+00:00,3,통장사본,,,3,현금지급,1,조사기관연락처목록: 담당 시/군/구청 또는 시군구에서 조사 및 심사 조사기관연락처목록: 담당 시/군/구청 또는 가정위탁지원센터에서 조사 및 심사 결정기관연락처목록: 담당 시/군/구청 또는 시군구에서 보장 결정 결정기
WLF00005097,서울형 아이돌봄비 지원사업,generic_fallback,2026-07-28T14:38:03.506973+00:00,1,신분증,,,3,현금지급,1,- 지원방식 : 몽땅정보 만능키 홈페이지를 통해 신청 및 돌봄활동 확인 후 비용 지급- 신청시기 : 매월 1~15일까지 신청(23개월이 되는 달부터 신청 가능)- 돌봄활동 : 신청 접수 승인 이후 다음달부터 돌봄활동
WLF00005097,서울형 아이돌봄비 지원사업,generic_fallback,2026-07-28T14:38:03.506973+00:00,2,신청서,,,3,현금지급,1,- 지원방식 : 몽땅정보 만능키 홈페이지를 통해 신청 및 돌봄활동 확인 후 비용 지급- 신청시기 : 매월 1~15일까지 신청(23개월이 되는 달부터 신청 가능)- 돌봄활동 : 신청 접수 승인 이후 다음달부터 돌봄활동
WLF00005097,서울형 아이돌봄비 지원사업,generic_fallback,2026-07-28T14:38:03.506973+00:00,3,통장사본,,,3,현금지급,1,- 지원방식 : 몽땅정보 만능키 홈페이지를 통해 신청 및 돌봄활동 확인 후 비용 지급- 신청시기 : 매월 1~15일까지 신청(23개월이 되는 달부터 신청 가능)- 돌봄활동 : 신청 접수 승인 이후 다음달부터 돌봄활동
WLF00005191,아픈아이 병원 동행서비스 「우리아이 안심동행센터」,generic_fallback,2026-07-28T14:38:03.506973+00:00,1,신분증,,,2,프로그램/서비스(서비스),0,"1. 회원가입 후 예치금 입금(홈페이지, 전화, 방문 회원가입 가능)2. 보호자가 직접 전화로 서비스 신청3. 집 또는 학교, 돌봄시설 등에서 아동픽업4. 관내 병의원 동행(보호자가 지정한 병원)5. 집 또는 학교,"
WLF00005191,아픈아이 병원 동행서비스 「우리아이 안심동행센터」,generic_fallback,2026-07-28T14:38:03.506973+00:00,2,신청서,,,2,프로그램/서비스(서비스),0,"1. 회원가입 후 예치금 입금(홈페이지, 전화, 방문 회원가입 가능)2. 보호자가 직접 전화로 서비스 신청3. 집 또는 학교, 돌봄시설 등에서 아동픽업4. 관내 병의원 동행(보호자가 지정한 병원)5. 집 또는 학교,"
WLF00005234,성동구 청년 등 탈모 치료 지원,generic_fallback,2026-07-28T14:21:19.484566+00:00,1,신분증,,,3,현금지급,1,"* 성동구청 홈페이지 온라인 접수(구비서류 첨부)* 아동청년과에서 온라인 접수자 확인, 지원대상자 선정 및 통보, 지원금 계좌이체"
WLF00005234,성동구 청년 등 탈모 치료 지원,generic_fallback,2026-07-28T14:21:19.484566+00:00,2,신청서,,,3,현금지급,1,"* 성동구청 홈페이지 온라인 접수(구비서류 첨부)* 아동청년과에서 온라인 접수자 확인, 지원대상자 선정 및 통보, 지원금 계좌이체"
WLF00005234,성동구 청년 등 탈모 치료 지원,generic_fallback,2026-07-28T14:21:19.484566+00:00,3,통장사본,,,3,현금지급,1,"* 성동구청 홈페이지 온라인 접수(구비서류 첨부)* 아동청년과에서 온라인 접수자 확인, 지원대상자 선정 및 통보, 지원금 계좌이체"
WLF00005279,희귀난치병학생 의료비 지원 사업,generic_fallback,2026-07-28T14:21:19.484566+00:00,1,신분증,,,3,현금지급,1,신청 기간 중 신청서 및 구비 서류를 보건안전진흥원으로 제출
WLF00005279,희귀난치병학생 의료비 지원 사업,generic_fallback,2026-07-28T14:21:19.484566+00:00,2,신청서,,,3,현금지급,1,신청 기간 중 신청서 및 구비 서류를 보건안전진흥원으로 제출
WLF00005279,희귀난치병학생 의료비 지원 사업,generic_fallback,2026-07-28T14:21:19.484566+00:00,3,통장사본,,,3,현금지급,1,신청 기간 중 신청서 및 구비 서류를 보건안전진흥원으로 제출
WLF00005367,보훈대상자 지원(참전유공자 배우자복지수당),generic_fallback,2026-07-28T14:21:19.484566+00:00,1,신분증,,,3,현금지급,1,각 동 주민센터에 신청서 제출
WLF00005367,보훈대상자 지원(참전유공자 배우자복지수당),generic_fallback,2026-07-28T14:21:19.484566+00:00,2,신청서,,,3,현금지급,1,각 동 주민센터에 신청서 제출
WLF00005367,보훈대상자 지원(참전유공자 배우자복지수당),generic_fallback,2026-07-28T14:21:19.484566+00:00,3,통장사본,,,3,현금지급,1,각 동 주민센터에 신청서 제출
WLF00005407,장애인가족지원센터 긴급돌봄서비스,generic_fallback,2026-07-28T14:38:03.506973+00:00,1,신분증,,,2,프로그램/서비스(서비스),0,거주하고 있는 자치구 장애인가족지원센터 전화 상담→서비스 대상자 여부 결정→서비스 신청→서비스 이용
WLF00005407,장애인가족지원센터 긴급돌봄서비스,generic_fallback,2026-07-28T14:38:03.506973+00:00,2,신청서,,,2,프로그램/서비스(서비스),0,거주하고 있는 자치구 장애인가족지원센터 전화 상담→서비스 대상자 여부 결정→서비스 신청→서비스 이용
WLF00005408,청년·어학 자격시험 응시료 지원,generic_fallback,2026-07-28T14:38:03.506973+00:00,1,신분증,,,3,현금지급,1,2024년 3월부터 담당자 전자우편 또는 강북구 일자리청년과 방문접수(※ 정확한 일정은 2월 중 강북구청 홈페이지 공고)
WLF00005408,청년·어학 자격시험 응시료 지원,generic_fallback,2026-07-28T14:38:03.506973+00:00,2,신청서,,,3,현금지급,1,2024년 3월부터 담당자 전자우편 또는 강북구 일자리청년과 방문접수(※ 정확한 일정은 2월 중 강북구청 홈페이지 공고)
WLF00005408,청년·어학 자격시험 응시료 지원,generic_fallback,2026-07-28T14:38:03.506973+00:00,3,통장사본,,,3,현금지급,1,2024년 3월부터 담당자 전자우편 또는 강북구 일자리청년과 방문접수(※ 정확한 일정은 2월 중 강북구청 홈페이지 공고)
WLF00005440,대중교통비 환급 지원(모두의카드),generic_fallback,2026-07-28T14:38:03.506973+00:00,1,신분증,,,2,기타,0,사후관리기관목록: 담당 시/군/구청 또는 한국교통안전공단에서 서비스 제공 이후 대상자의 상황 관리 조사기관연락처목록: 담당 시/군/구청 또는 한국교통안전공단에서 조사 및 심사 결정기관연락처목록: 담당 시/군/구청 또
WLF00005440,대중교통비 환급 지원(모두의카드),generic_fallback,2026-07-28T14:38:03.506973+00:00,2,신청서,,,2,기타,0,사후관리기관목록: 담당 시/군/구청 또는 한국교통안전공단에서 서비스 제공 이후 대상자의 상황 관리 조사기관연락처목록: 담당 시/군/구청 또는 한국교통안전공단에서 조사 및 심사 결정기관연락처목록: 담당 시/군/구청 또
WLF00005444,취약계층 고효율가전 구매지원(취약계층 에너지복지사업),generic_fallback,2026-07-28T14:21:19.484566+00:00,1,신분증,,,3,현금지급,1,"이의신청접수기관연락처목록: 이의가 있을 경우, 담당 시/군/구청 또는 한국전력공사에 이의 신청 접수 신청기관연락처목록: 거주지 읍/면/동 주민센터, 한국전력공사에서 ‘서비스 신청’ 결정기관연락처목록: 담당 시/군/구"
WLF00005444,취약계층 고효율가전 구매지원(취약계층 에너지복지사업),generic_fallback,2026-07-28T14:21:19.484566+00:00,2,신청서,,,3,현금지급,1,"이의신청접수기관연락처목록: 이의가 있을 경우, 담당 시/군/구청 또는 한국전력공사에 이의 신청 접수 신청기관연락처목록: 거주지 읍/면/동 주민센터, 한국전력공사에서 ‘서비스 신청’ 결정기관연락처목록: 담당 시/군/구"
WLF00005444,취약계층 고효율가전 구매지원(취약계층 에너지복지사업),generic_fallback,2026-07-28T14:21:19.484566+00:00,3,통장사본,,,3,현금지급,1,"이의신청접수기관연락처목록: 이의가 있을 경우, 담당 시/군/구청 또는 한국전력공사에 이의 신청 접수 신청기관연락처목록: 거주지 읍/면/동 주민센터, 한국전력공사에서 ‘서비스 신청’ 결정기관연락처목록: 담당 시/군/구"
WLF00005446,어업인 안전보험,generic_fallback,2026-07-28T14:43:37.654665+00:00,1,신분증,,,3,현금지급,0,"신청기관연락처목록: 거주지 읍/면/동 주민센터, 수협중앙회 또는 회원조합에서 ‘서비스 신청’ 조사기관연락처목록: 담당 시/군/구청 또는 수협중앙회 또는 회원조합에서 조사 및 심사 결정기관연락처목록: 담당 시/군/구청"
WLF00005446,어업인 안전보험,generic_fallback,2026-07-28T14:43:37.654665+00:00,2,신청서,,,3,현금지급,0,"신청기관연락처목록: 거주지 읍/면/동 주민센터, 수협중앙회 또는 회원조합에서 ‘서비스 신청’ 조사기관연락처목록: 담당 시/군/구청 또는 수협중앙회 또는 회원조합에서 조사 및 심사 결정기관연락처목록: 담당 시/군/구청"
WLF00005446,어업인 안전보험,generic_fallback,2026-07-28T14:43:37.654665+00:00,3,통장사본,,,3,현금지급,0,"신청기관연락처목록: 거주지 읍/면/동 주민센터, 수협중앙회 또는 회원조합에서 ‘서비스 신청’ 조사기관연락처목록: 담당 시/군/구청 또는 수협중앙회 또는 회원조합에서 조사 및 심사 결정기관연락처목록: 담당 시/군/구청"
WLF00005503,구로구 입양가정 지원사업,generic_fallback,2026-07-28T14:21:19.484566+00:00,1,신분증,,,3,현금지급,1,"입양부모가 구비서류 지참 후 구로구청 아동청소년과에 내방하여 신청서 작성 후 제출매달 20일, 1회에 한하여 신청자의 계좌로 지급(지급일이 토, 공휴일인 경우 그 전일에 지급)"
WLF00005503,구로구 입양가정 지원사업,generic_fallback,2026-07-28T14:21:19.484566+00:00,2,신청서,,,3,현금지급,1,"입양부모가 구비서류 지참 후 구로구청 아동청소년과에 내방하여 신청서 작성 후 제출매달 20일, 1회에 한하여 신청자의 계좌로 지급(지급일이 토, 공휴일인 경우 그 전일에 지급)"
WLF00005503,구로구 입양가정 지원사업,generic_fallback,2026-07-28T14:21:19.484566+00:00,3,통장사본,,,3,현금지급,1,"입양부모가 구비서류 지참 후 구로구청 아동청소년과에 내방하여 신청서 작성 후 제출매달 20일, 1회에 한하여 신청자의 계좌로 지급(지급일이 토, 공휴일인 경우 그 전일에 지급)"
WLF00005531,장애인활동지원 구비추가,generic_fallback,2026-07-28T14:43:37.654665+00:00,1,신분증,,,2,전자바우처(바우처),1,해당 읍면동 주민센터 방문 신청
WLF00005531,장애인활동지원 구비추가,generic_fallback,2026-07-28T14:43:37.654665+00:00,2,신청서,,,2,전자바우처(바우처),1,해당 읍면동 주민센터 방문 신청
WLF00005572,도봉형 청년 전세보증금반환보증 보증료 지원 사업,generic_fallback,2026-07-28T14:43:37.654665+00:00,1,신분증,,,3,현금지급,0,온라인 또는 방문 접수
WLF00005572,도봉형 청년 전세보증금반환보증 보증료 지원 사업,generic_fallback,2026-07-28T14:43:37.654665+00:00,2,신청서,,,3,현금지급,0,온라인 또는 방문 접수
WLF00005572,도봉형 청년 전세보증금반환보증 보증료 지원 사업,generic_fallback,2026-07-28T14:43:37.654665+00:00,3,통장사본,,,3,현금지급,0,온라인 또는 방문 접수
WLF00005631,아가와 엄마를 위한 무료 공익보험(우체국대한민국 엄마보험),generic_fallback,2026-07-28T14:43:37.654665+00:00,1,신분증,,,2,기타,0,"신청기관연락처목록: 거주지 읍/면/동 주민센터, 과학기술정보통신부 우정사업본부에서 ‘서비스 신청’ 조사기관연락처목록: 담당 시/군/구청 또는 과학기술정보통신부 우정사업본부에서 조사 및 심사 결정기관연락처목록: 담당 "
WLF00005631,아가와 엄마를 위한 무료 공익보험(우체국대한민국 엄마보험),generic_fallback,2026-07-28T14:43:37.654665+00:00,2,신청서,,,2,기타,0,"신청기관연락처목록: 거주지 읍/면/동 주민센터, 과학기술정보통신부 우정사업본부에서 ‘서비스 신청’ 조사기관연락처목록: 담당 시/군/구청 또는 과학기술정보통신부 우정사업본부에서 조사 및 심사 결정기관연락처목록: 담당 "
WLF00005706,취약계층 세탁 및 짐 보관 서비스,generic_fallback,2026-07-28T14:21:19.484566+00:00,1,신분증,,,2,프로그램/서비스(서비스),1,동주민센터 신청
WLF00005706,취약계층 세탁 및 짐 보관 서비스,generic_fallback,2026-07-28T14:21:19.484566+00:00,2,신청서,,,2,프로그램/서비스(서비스),1,동주민센터 신청
WLF00005853,장애인 개인예산제 운영,generic_fallback,2026-07-28T14:43:37.654665+00:00,1,신분증,,,2,기타,0,"신청기관연락처목록: 거주지 읍/면/동 주민센터, 시군구에서 ‘서비스 신청’ 조사기관연락처목록: 담당 시/군/구청 또는 시군구에서 조사 및 심사 결정기관연락처목록: 담당 시/군/구청 또는 시군구에서 보장 결정 이의신청"
WLF00005853,장애인 개인예산제 운영,generic_fallback,2026-07-28T14:43:37.654665+00:00,2,신청서,,,2,기타,0,"신청기관연락처목록: 거주지 읍/면/동 주민센터, 시군구에서 ‘서비스 신청’ 조사기관연락처목록: 담당 시/군/구청 또는 시군구에서 조사 및 심사 결정기관연락처목록: 담당 시/군/구청 또는 시군구에서 보장 결정 이의신청"
WLF00005874,도봉형 어르신 일자리사업,generic_fallback,2026-07-28T14:43:37.654665+00:00,1,신분증,,,3,현금지급,0,- 접수기간 내 동 주민센터 방문 신청(인터넷 접수 미지원)
WLF00005874,도봉형 어르신 일자리사업,generic_fallback,2026-07-28T14:43:37.654665+00:00,2,신청서,,,3,현금지급,0,- 접수기간 내 동 주민센터 방문 신청(인터넷 접수 미지원)
WLF00005874,도봉형 어르신 일자리사업,generic_fallback,2026-07-28T14:43:37.654665+00:00,3,통장사본,,,3,현금지급,0,- 접수기간 내 동 주민센터 방문 신청(인터넷 접수 미지원)
WLF00005982,장애인신문 보급 사업,generic_fallback,2026-07-28T14:43:37.654665+00:00,1,신분증,,,2,프로그램/서비스(서비스),1,주소지 동 주민센터에 신청(기 구독 대상자는 별도신청 불필요)
WLF00005982,장애인신문 보급 사업,generic_fallback,2026-07-28T14:43:37.654665+00:00,2,신청서,,,2,프로그램/서비스(서비스),1,주소지 동 주민센터에 신청(기 구독 대상자는 별도신청 불필요)
WLF00006120,장애인직업재활시설 근로훈련장애인 동작형 보충수당 지원사업,generic_fallback,2026-07-28T14:43:37.654665+00:00,1,신분증,,,3,현금지급,1,관내 장애인직업재활시설을 통해 근로훈련장애인으로 등록되어야 함
WLF00006120,장애인직업재활시설 근로훈련장애인 동작형 보충수당 지원사업,generic_fallback,2026-07-28T14:43:37.654665+00:00,2,신청서,,,3,현금지급,1,관내 장애인직업재활시설을 통해 근로훈련장애인으로 등록되어야 함
WLF00006120,장애인직업재활시설 근로훈련장애인 동작형 보충수당 지원사업,generic_fallback,2026-07-28T14:43:37.654665+00:00,3,통장사본,,,3,현금지급,1,관내 장애인직업재활시설을 통해 근로훈련장애인으로 등록되어야 함
WLF00006130,영등포구 청년 체육활동비 지원사업,generic_fallback,2026-07-28T14:43:37.654665+00:00,1,신분증,,,3,현금지급,0,영등포구청 홈페이지를 통해 온라인 신청 가능합니다.
WLF00006130,영등포구 청년 체육활동비 지원사업,generic_fallback,2026-07-28T14:43:37.654665+00:00,2,신청서,,,3,현금지급,0,영등포구청 홈페이지를 통해 온라인 신청 가능합니다.
WLF00006130,영등포구 청년 체육활동비 지원사업,generic_fallback,2026-07-28T14:43:37.654665+00:00,3,통장사본,,,3,현금지급,0,영등포구청 홈페이지를 통해 온라인 신청 가능합니다.
WLF00006170,기후동행카드 다자녀·저소득층 할인제도 운영,generic_fallback,2026-07-28T14:43:37.654665+00:00,1,신분증,,,2,기타,0,"(선불 실물, 선불 모바일) 티머니 카드&페이 홈페이지에서 자격요건 인증 후 충전(후불) 티머니 카드&페이 홈페이지에서 자격요건 인증 후 사용"
WLF00006170,기후동행카드 다자녀·저소득층 할인제도 운영,generic_fallback,2026-07-28T14:43:37.654665+00:00,2,신청서,,,2,기타,0,"(선불 실물, 선불 모바일) 티머니 카드&페이 홈페이지에서 자격요건 인증 후 충전(후불) 티머니 카드&페이 홈페이지에서 자격요건 인증 후 사용"
WLF00006184,출생축하용품 지원,generic_fallback,2026-07-28T14:43:37.654665+00:00,1,신분증,,,2,현물지급,1,- 신청방법: 거주지 동 주민센터 방문 또는 정부24(행복출산) - 수령방법: 동 주민센터 방문수령(*온라인 신청도 방문수령하여야 함)
WLF00006184,출생축하용품 지원,generic_fallback,2026-07-28T14:43:37.654665+00:00,2,신청서,,,2,현물지급,1,- 신청방법: 거주지 동 주민센터 방문 또는 정부24(행복출산) - 수령방법: 동 주민센터 방문수령(*온라인 신청도 방문수령하여야 함)
WLF00006186,깡충깡충 성장양육지원금 지원,generic_fallback,2026-07-28T14:43:37.654665+00:00,1,신분증,,,2,지역화폐,1,- 신청방법: 정부24(원칙) 또는 동 주민센터 방문(예외)
WLF00006186,깡충깡충 성장양육지원금 지원,generic_fallback,2026-07-28T14:43:37.654665+00:00,2,신청서,,,2,지역화폐,1,- 신청방법: 정부24(원칙) 또는 동 주민센터 방문(예외)
WLF00006195,국민기초생활수급자 세대 수도요금 감면,generic_fallback,2026-07-28T14:43:37.654665+00:00,1,신분증,,,2,감면,2,방문신청절차동주민센터·수도사업소 방문신청(자격확인 후 신청)⇒동주민센터 신청 건 관할 수도사업소 통보⇒중증장애인 거주 세대 수도요금에서 감면온라인신청절자아리수사이버고객센터(https://i121.seoul.go.kr
WLF00006195,국민기초생활수급자 세대 수도요금 감면,generic_fallback,2026-07-28T14:43:37.654665+00:00,2,신청서,https://www.bokjiro.go.kr/ssis-tbu/CmmFileUtil/siteQnaInfoDownload.do?atcflId=20251119UUWBM1006430161628294&atcflSn=1,form_download,2,감면,2,방문신청절차동주민센터·수도사업소 방문신청(자격확인 후 신청)⇒동주민센터 신청 건 관할 수도사업소 통보⇒중증장애인 거주 세대 수도요금에서 감면온라인신청절자아리수사이버고객센터(https://i121.seoul.go.kr
WLF00006207,웹정보접근성제고,generic_fallback,2026-07-28T14:43:37.654665+00:00,1,신분증,,,2,프로그램/서비스(서비스),0,조사기관연락처목록: 담당 시/군/구청 또는 한국정보화진흥원에서 조사 및 심사 결정기관연락처목록: 담당 시/군/구청 또는 한국정보화진흥원에서 보장 결정 지급기관연락처목록: 담당 시/군/구청 또는 한국정보화진흥원에서 대
WLF00006207,웹정보접근성제고,generic_fallback,2026-07-28T14:43:37.654665+00:00,2,신청서,,,2,프로그램/서비스(서비스),0,조사기관연락처목록: 담당 시/군/구청 또는 한국정보화진흥원에서 조사 및 심사 결정기관연락처목록: 담당 시/군/구청 또는 한국정보화진흥원에서 보장 결정 지급기관연락처목록: 담당 시/군/구청 또는 한국정보화진흥원에서 대
WLF00006217,출소(예정)자 취업지원사업(허그일자리지원),generic_fallback,2026-07-28T14:43:37.654665+00:00,1,신분증,,,2,프로그램/서비스(서비스),0,"신청기관연락처목록: 거주지 읍/면/동 주민센터, 한국법무보호복지공단에서 ‘서비스 신청’ 조사기관연락처목록: 담당 시/군/구청 또는 한국법무보호복지공단에서 조사 및 심사 결정기관연락처목록: 담당 시/군/구청 또는 한국"
WLF00006217,출소(예정)자 취업지원사업(허그일자리지원),generic_fallback,2026-07-28T14:43:37.654665+00:00,2,신청서,,,2,프로그램/서비스(서비스),0,"신청기관연락처목록: 거주지 읍/면/동 주민센터, 한국법무보호복지공단에서 ‘서비스 신청’ 조사기관연락처목록: 담당 시/군/구청 또는 한국법무보호복지공단에서 조사 및 심사 결정기관연락처목록: 담당 시/군/구청 또는 한국"
WLF00006224,저소득층 수도요금감면,generic_fallback,2026-07-28T14:43:37.654665+00:00,1,신분증,,,3,현금지급,0,"신청기관연락처목록: 거주지 읍/면/동 주민센터, 읍면동에서 ‘서비스 신청’ 조사기관연락처목록: 담당 시/군/구청 또는 읍면동에서 조사 및 심사 결정기관연락처목록: 담당 시/군/구청 또는 읍면동에서 보장 결정 이의신청"
WLF00006224,저소득층 수도요금감면,generic_fallback,2026-07-28T14:43:37.654665+00:00,2,신청서,,,3,현금지급,0,"신청기관연락처목록: 거주지 읍/면/동 주민센터, 읍면동에서 ‘서비스 신청’ 조사기관연락처목록: 담당 시/군/구청 또는 읍면동에서 조사 및 심사 결정기관연락처목록: 담당 시/군/구청 또는 읍면동에서 보장 결정 이의신청"
WLF00006224,저소득층 수도요금감면,generic_fallback,2026-07-28T14:43:37.654665+00:00,3,통장사본,,,3,현금지급,0,"신청기관연락처목록: 거주지 읍/면/동 주민센터, 읍면동에서 ‘서비스 신청’ 조사기관연락처목록: 담당 시/군/구청 또는 읍면동에서 조사 및 심사 결정기관연락처목록: 담당 시/군/구청 또는 읍면동에서 보장 결정 이의신청"
WLF00006225,지역난방기본요금감면,generic_fallback,2026-07-28T14:43:37.654665+00:00,1,신분증,,,2,감면,0,조사기관연락처목록: 담당 시/군/구청 또는 한국지역난방공사에서 조사 및 심사 결정기관연락처목록: 담당 시/군/구청 또는 한국지역난방공사에서 보장 결정 지급기관연락처목록: 담당 시/군/구청 또는 한국지역난방공사에서 대
WLF00006225,지역난방기본요금감면,generic_fallback,2026-07-28T14:43:37.654665+00:00,2,신청서,,,2,감면,0,조사기관연락처목록: 담당 시/군/구청 또는 한국지역난방공사에서 조사 및 심사 결정기관연락처목록: 담당 시/군/구청 또는 한국지역난방공사에서 보장 결정 지급기관연락처목록: 담당 시/군/구청 또는 한국지역난방공사에서 대
WLF00006227,"유선전화(인터넷요금전화포함), 초고속(인터넷통신)요금감면",generic_fallback,2026-07-28T14:43:37.654665+00:00,1,신분증,,,2,감면,0,"신청기관연락처목록: 거주지 읍/면/동 주민센터, 주민센터에서 ‘서비스 신청’ 신청기관연락처목록: 거주지 읍/면/동 주민센터, 이통사대리점에서 ‘서비스 신청’ 조사기관연락처목록: 담당 시/군/구청 또는 주민센터에서 조"
WLF00006227,"유선전화(인터넷요금전화포함), 초고속(인터넷통신)요금감면",generic_fallback,2026-07-28T14:43:37.654665+00:00,2,신청서,,,2,감면,0,"신청기관연락처목록: 거주지 읍/면/동 주민센터, 주민센터에서 ‘서비스 신청’ 신청기관연락처목록: 거주지 읍/면/동 주민센터, 이통사대리점에서 ‘서비스 신청’ 조사기관연락처목록: 담당 시/군/구청 또는 주민센터에서 조"
WLF00006228,푸른등대기부장학금,generic_fallback,2026-07-28T14:43:37.654665+00:00,1,신분증,,,3,현금지급,0,"신청기관연락처목록: 거주지 읍/면/동 주민센터, 한국장학재단에서 ‘서비스 신청’ 조사기관연락처목록: 담당 시/군/구청 또는 한국장학재단에서 조사 및 심사 결정기관연락처목록: 담당 시/군/구청 또는 한국장학재단에서 보"
WLF00006228,푸른등대기부장학금,generic_fallback,2026-07-28T14:43:37.654665+00:00,2,신청서,,,3,현금지급,0,"신청기관연락처목록: 거주지 읍/면/동 주민센터, 한국장학재단에서 ‘서비스 신청’ 조사기관연락처목록: 담당 시/군/구청 또는 한국장학재단에서 조사 및 심사 결정기관연락처목록: 담당 시/군/구청 또는 한국장학재단에서 보"
WLF00006228,푸른등대기부장학금,generic_fallback,2026-07-28T14:43:37.654665+00:00,3,통장사본,,,3,현금지급,0,"신청기관연락처목록: 거주지 읍/면/동 주민센터, 한국장학재단에서 ‘서비스 신청’ 조사기관연락처목록: 담당 시/군/구청 또는 한국장학재단에서 조사 및 심사 결정기관연락처목록: 담당 시/군/구청 또는 한국장학재단에서 보"
WLF00006237,안부살핌 우편서비스 사업,generic_fallback,2026-07-28T14:43:37.654665+00:00,1,신분증,,,2,현물지급,0,조사기관연락처목록: 담당 시/군/구청 또는 사업참여 지자체에서 조사 및 심사 결정기관연락처목록: 담당 시/군/구청 또는 사업참여 지자체에서 보장 결정 지급기관연락처목록: 담당 시/군/구청 또는 사업참여 지자체에서 대
WLF00006237,안부살핌 우편서비스 사업,generic_fallback,2026-07-28T14:43:37.654665+00:00,2,신청서,,,2,현물지급,0,조사기관연락처목록: 담당 시/군/구청 또는 사업참여 지자체에서 조사 및 심사 결정기관연락처목록: 담당 시/군/구청 또는 사업참여 지자체에서 보장 결정 지급기관연락처목록: 담당 시/군/구청 또는 사업참여 지자체에서 대
WLF00006249,해외취업 지원,generic_fallback,2026-07-28T14:43:37.654665+00:00,1,신분증,,,3,"현금지급, 프로그램/서비스(서비스)",0,"신청기관연락처목록: 거주지 읍/면/동 주민센터, 한국산업인력공단에서 ‘서비스 신청’ 조사기관연락처목록: 담당 시/군/구청 또는 한국산업인력공단에서 조사 및 심사 결정기관연락처목록: 담당 시/군/구청 또는 한국산업인력"
WLF00006249,해외취업 지원,generic_fallback,2026-07-28T14:43:37.654665+00:00,2,신청서,,,3,"현금지급, 프로그램/서비스(서비스)",0,"신청기관연락처목록: 거주지 읍/면/동 주민센터, 한국산업인력공단에서 ‘서비스 신청’ 조사기관연락처목록: 담당 시/군/구청 또는 한국산업인력공단에서 조사 및 심사 결정기관연락처목록: 담당 시/군/구청 또는 한국산업인력"
WLF00006249,해외취업 지원,generic_fallback,2026-07-28T14:43:37.654665+00:00,3,통장사본,,,3,"현금지급, 프로그램/서비스(서비스)",0,"신청기관연락처목록: 거주지 읍/면/동 주민센터, 한국산업인력공단에서 ‘서비스 신청’ 조사기관연락처목록: 담당 시/군/구청 또는 한국산업인력공단에서 조사 및 심사 결정기관연락처목록: 담당 시/군/구청 또는 한국산업인력"
WLF00006250,농어촌 기본소득 시범사업,generic_fallback,2026-07-28T14:43:37.654665+00:00,1,신분증,,,2,지역화폐,0,"신청기관연락처목록: 거주지 읍/면/동 주민센터, 읍면행정복지센터에서 ‘서비스 신청’ 조사기관연락처목록: 담당 시/군/구청 또는 읍면행정복지센터에서 조사 및 심사 결정기관연락처목록: 담당 시/군/구청 또는 읍면행정복지"
WLF00006250,농어촌 기본소득 시범사업,generic_fallback,2026-07-28T14:43:37.654665+00:00,2,신청서,,,2,지역화폐,0,"신청기관연락처목록: 거주지 읍/면/동 주민센터, 읍면행정복지센터에서 ‘서비스 신청’ 조사기관연락처목록: 담당 시/군/구청 또는 읍면행정복지센터에서 조사 및 심사 결정기관연락처목록: 담당 시/군/구청 또는 읍면행정복지"
WLF00006254,예술체육 비전장학금,generic_fallback,2026-07-28T14:43:37.654665+00:00,1,신분증,,,3,현금지급,0,"신청기관연락처목록: 거주지 읍/면/동 주민센터, 한국장학재단 홈페이지에서 ‘서비스 신청’ 조사기관연락처목록: 담당 시/군/구청 또는 한국장학재단 홈페이지에서 조사 및 심사 결정기관연락처목록: 담당 시/군/구청 또는 "
WLF00006254,예술체육 비전장학금,generic_fallback,2026-07-28T14:43:37.654665+00:00,2,신청서,,,3,현금지급,0,"신청기관연락처목록: 거주지 읍/면/동 주민센터, 한국장학재단 홈페이지에서 ‘서비스 신청’ 조사기관연락처목록: 담당 시/군/구청 또는 한국장학재단 홈페이지에서 조사 및 심사 결정기관연락처목록: 담당 시/군/구청 또는 "
WLF00006254,예술체육 비전장학금,generic_fallback,2026-07-28T14:43:37.654665+00:00,3,통장사본,,,3,현금지급,0,"신청기관연락처목록: 거주지 읍/면/동 주민센터, 한국장학재단 홈페이지에서 ‘서비스 신청’ 조사기관연락처목록: 담당 시/군/구청 또는 한국장학재단 홈페이지에서 조사 및 심사 결정기관연락처목록: 담당 시/군/구청 또는 "
WLF00006262,"모바일 뇌건강 프로그램, 브레인핏45",generic_fallback,2026-07-28T14:49:02.647109+00:00,1,신분증,,,2,지역화폐,0,손목닥터9888 -> 브레인핏45
WLF00006262,"모바일 뇌건강 프로그램, 브레인핏45",generic_fallback,2026-07-28T14:49:02.647109+00:00,2,신청서,,,2,지역화폐,0,손목닥터9888 -> 브레인핏45
WLF00006263,저소득 지역가입자 보험료 지원,generic_fallback,2026-07-28T14:49:02.647109+00:00,1,신분증,,,2,감면,0,"신청기관연락처목록: 거주지 읍/면/동 주민센터, 국민연금공단에서 ‘서비스 신청’ 조사기관연락처목록: 담당 시/군/구청 또는 국민연금공단에서 조사 및 심사 결정기관연락처목록: 담당 시/군/구청 또는 국민연금공단에서 보"
WLF00006263,저소득 지역가입자 보험료 지원,generic_fallback,2026-07-28T14:49:02.647109+00:00,2,신청서,,,2,감면,0,"신청기관연락처목록: 거주지 읍/면/동 주민센터, 국민연금공단에서 ‘서비스 신청’ 조사기관연락처목록: 담당 시/군/구청 또는 국민연금공단에서 조사 및 심사 결정기관연락처목록: 담당 시/군/구청 또는 국민연금공단에서 보"
WLF00006267,서민금융진흥원 금융교육,generic_fallback,2026-07-28T14:49:02.647109+00:00,1,신분증,,,2,프로그램/서비스(서비스),0,"신청기관연락처목록: 거주지 읍/면/동 주민센터, 서민금융진흥원에서 ‘서비스 신청’ 조사기관연락처목록: 담당 시/군/구청 또는 서민금융진흥원에서 조사 및 심사 결정기관연락처목록: 담당 시/군/구청 또는 서민금융진흥원에"
WLF00006267,서민금융진흥원 금융교육,generic_fallback,2026-07-28T14:49:02.647109+00:00,2,신청서,,,2,프로그램/서비스(서비스),0,"신청기관연락처목록: 거주지 읍/면/동 주민센터, 서민금융진흥원에서 ‘서비스 신청’ 조사기관연락처목록: 담당 시/군/구청 또는 서민금융진흥원에서 조사 및 심사 결정기관연락처목록: 담당 시/군/구청 또는 서민금융진흥원에"
WLF00006272,소상공인 특례 햇살론카드,generic_fallback,2026-07-28T14:49:02.647109+00:00,1,신분증,,,2,전자바우처(바우처),0,"신청기관연락처목록: 거주지 읍/면/동 주민센터, 롯데카드, 현대카드, 국민카드, 삼성카드, 신한카드, 우리카드, 하나카드, 농협카드ㅍ에서 ‘서비스 신청’ 조사기관연락처목록: 담당 시/군/구청 또는 롯데카드, 현대카드"
WLF00006272,소상공인 특례 햇살론카드,generic_fallback,2026-07-28T14:49:02.647109+00:00,2,신청서,,,2,전자바우처(바우처),0,"신청기관연락처목록: 거주지 읍/면/동 주민센터, 롯데카드, 현대카드, 국민카드, 삼성카드, 신한카드, 우리카드, 하나카드, 농협카드ㅍ에서 ‘서비스 신청’ 조사기관연락처목록: 담당 시/군/구청 또는 롯데카드, 현대카드"
WLF00006273,햇살론특례,generic_fallback,2026-07-28T14:49:02.647109+00:00,1,신분증,,,2,현금대여(융자),0,"신청기관연락처목록: 거주지 읍/면/동 주민센터, IBK기업은행,경남은행,광주은행,국민은행,농협은행,부산은행,신한은행,수협은행,아이엠뱅크,우리은행,전북은행,제주은행,케이뱅크,토스뱅크,하나은행, 상호금융(농협, 수협, "
WLF00006273,햇살론특례,generic_fallback,2026-07-28T14:49:02.647109+00:00,2,신청서,,,2,현금대여(융자),0,"신청기관연락처목록: 거주지 읍/면/동 주민센터, IBK기업은행,경남은행,광주은행,국민은행,농협은행,부산은행,신한은행,수협은행,아이엠뱅크,우리은행,전북은행,제주은행,케이뱅크,토스뱅크,하나은행, 상호금융(농협, 수협, "
WLF00006274,햇살론일반,generic_fallback,2026-07-28T14:49:02.647109+00:00,1,신분증,,,2,현금대여(융자),0,"신청기관연락처목록: 거주지 읍/면/동 주민센터, IBK기업은행,경남은행,광주은행,국민은행,농협은행,부산은행,신한은행,수협은행,아이엠뱅크,우리은행,전북은행,제주은행,케이뱅크,토스뱅크,하나은행, 상호금융(농협, 수협, "
WLF00006274,햇살론일반,generic_fallback,2026-07-28T14:49:02.647109+00:00,2,신청서,,,2,현금대여(융자),0,"신청기관연락처목록: 거주지 읍/면/동 주민센터, IBK기업은행,경남은행,광주은행,국민은행,농협은행,부산은행,신한은행,수협은행,아이엠뱅크,우리은행,전북은행,제주은행,케이뱅크,토스뱅크,하나은행, 상호금융(농협, 수협, "
WLF00006276,서민금융진흥원 자영업 컨설팅,generic_fallback,2026-07-28T14:49:02.647109+00:00,1,신분증,,,2,프로그램/서비스(서비스),0,"신청기관연락처목록: 거주지 읍/면/동 주민센터, 서민금융진흥원에서 ‘서비스 신청’ 조사기관연락처목록: 담당 시/군/구청 또는 서민금융진흥원에서 조사 및 심사 결정기관연락처목록: 담당 시/군/구청 또는 서민금융진흥원에"
WLF00006276,서민금융진흥원 자영업 컨설팅,generic_fallback,2026-07-28T14:49:02.647109+00:00,2,신청서,,,2,프로그램/서비스(서비스),0,"신청기관연락처목록: 거주지 읍/면/동 주민센터, 서민금융진흥원에서 ‘서비스 신청’ 조사기관연락처목록: 담당 시/군/구청 또는 서민금융진흥원에서 조사 및 심사 결정기관연락처목록: 담당 시/군/구청 또는 서민금융진흥원에"
WLF00006277,서민금융진흥원 신용･부채관리 컨설팅,generic_fallback,2026-07-28T14:49:02.647109+00:00,1,신분증,,,2,프로그램/서비스(서비스),0,"신청기관연락처목록: 거주지 읍/면/동 주민센터, 서민금융진흥원에서 ‘서비스 신청’ 조사기관연락처목록: 담당 시/군/구청 또는 서민금융진흥원에서 조사 및 심사 결정기관연락처목록: 담당 시/군/구청 또는 서민금융진흥원에"
WLF00006277,서민금융진흥원 신용･부채관리 컨설팅,generic_fallback,2026-07-28T14:49:02.647109+00:00,2,신청서,,,2,프로그램/서비스(서비스),0,"신청기관연락처목록: 거주지 읍/면/동 주민센터, 서민금융진흥원에서 ‘서비스 신청’ 조사기관연락처목록: 담당 시/군/구청 또는 서민금융진흥원에서 조사 및 심사 결정기관연락처목록: 담당 시/군/구청 또는 서민금융진흥원에"
WLF00006282,보훈가족 심리재활서비스 지원,generic_fallback,2026-07-28T14:49:02.647109+00:00,1,신분증,,,3,현금지급,0,"신청기관연락처목록: 거주지 읍/면/동 주민센터, 국가보훈부 보훈가족마음치유센터에서 ‘서비스 신청’ 조사기관연락처목록: 담당 시/군/구청 또는 국가보훈부 보훈가족마음치유센터에서 조사 및 심사 결정기관연락처목록: 담당 "
WLF00006282,보훈가족 심리재활서비스 지원,generic_fallback,2026-07-28T14:49:02.647109+00:00,2,신청서,,,3,현금지급,0,"신청기관연락처목록: 거주지 읍/면/동 주민센터, 국가보훈부 보훈가족마음치유센터에서 ‘서비스 신청’ 조사기관연락처목록: 담당 시/군/구청 또는 국가보훈부 보훈가족마음치유센터에서 조사 및 심사 결정기관연락처목록: 담당 "
WLF00006282,보훈가족 심리재활서비스 지원,generic_fallback,2026-07-28T14:49:02.647109+00:00,3,통장사본,,,3,현금지급,0,"신청기관연락처목록: 거주지 읍/면/동 주민센터, 국가보훈부 보훈가족마음치유센터에서 ‘서비스 신청’ 조사기관연락처목록: 담당 시/군/구청 또는 국가보훈부 보훈가족마음치유센터에서 조사 및 심사 결정기관연락처목록: 담당 "
WLF00006283,체불 근로자 생계비 융자,generic_fallback,2026-07-28T14:49:02.647109+00:00,1,신분증,,,2,현금대여(융자),1,"신청기관연락처목록: 거주지 읍/면/동 주민센터, 근로복지공단에서 ‘서비스 신청’ 조사기관연락처목록: 담당 시/군/구청 또는 근로복지공단에서 조사 및 심사 결정기관연락처목록: 담당 시/군/구청 또는 근로복지공단에서 보"
WLF00006283,체불 근로자 생계비 융자,generic_fallback,2026-07-28T14:49:02.647109+00:00,2,신청서,https://bokjiro.go.kr/ssis-tbu/CmmFileUtil/getDownload.do?atcflId=20260518UUWBM1555030192052751&atcflSn=1,form_download,2,현금대여(융자),1,"신청기관연락처목록: 거주지 읍/면/동 주민센터, 근로복지공단에서 ‘서비스 신청’ 조사기관연락처목록: 담당 시/군/구청 또는 근로복지공단에서 조사 및 심사 결정기관연락처목록: 담당 시/군/구청 또는 근로복지공단에서 보"
WLF00006284,한부모가족 공동 생활가정형(매입임대) 주거지원,generic_fallback,2026-07-28T14:49:02.647109+00:00,1,신분증,,,3,현금지급,1,"신청기관연락처목록: 거주지 읍/면/동 주민센터, 운영기관에서 ‘서비스 신청’ 조사기관연락처목록: 담당 시/군/구청 또는 운영기관에서 조사 및 심사 결정기관연락처목록: 담당 시/군/구청 또는 운영기관에서 보장 결정 지"
WLF00006284,한부모가족 공동 생활가정형(매입임대) 주거지원,generic_fallback,2026-07-28T14:49:02.647109+00:00,2,신청서,,,3,현금지급,1,"신청기관연락처목록: 거주지 읍/면/동 주민센터, 운영기관에서 ‘서비스 신청’ 조사기관연락처목록: 담당 시/군/구청 또는 운영기관에서 조사 및 심사 결정기관연락처목록: 담당 시/군/구청 또는 운영기관에서 보장 결정 지"
WLF00006284,한부모가족 공동 생활가정형(매입임대) 주거지원,generic_fallback,2026-07-28T14:49:02.647109+00:00,3,통장사본,,,3,현금지급,1,"신청기관연락처목록: 거주지 읍/면/동 주민센터, 운영기관에서 ‘서비스 신청’ 조사기관연락처목록: 담당 시/군/구청 또는 운영기관에서 조사 및 심사 결정기관연락처목록: 담당 시/군/구청 또는 운영기관에서 보장 결정 지"
WLF00006287,출소(예정)자 갱생보호사업,generic_fallback,2026-07-28T14:49:02.647109+00:00,1,신분증,,,3,"현금지급,프로그램/서비스(서비스)",0,"신청기관연락처목록: 거주지 읍/면/동 주민센터, 한국법무보호복지공단에서 ‘서비스 신청’ 조사기관연락처목록: 담당 시/군/구청 또는 한국법무보호복지공단에서 조사 및 심사 결정기관연락처목록: 담당 시/군/구청 또는 한국"
WLF00006287,출소(예정)자 갱생보호사업,generic_fallback,2026-07-28T14:49:02.647109+00:00,2,신청서,,,3,"현금지급,프로그램/서비스(서비스)",0,"신청기관연락처목록: 거주지 읍/면/동 주민센터, 한국법무보호복지공단에서 ‘서비스 신청’ 조사기관연락처목록: 담당 시/군/구청 또는 한국법무보호복지공단에서 조사 및 심사 결정기관연락처목록: 담당 시/군/구청 또는 한국"
WLF00006287,출소(예정)자 갱생보호사업,generic_fallback,2026-07-28T14:49:02.647109+00:00,3,통장사본,,,3,"현금지급,프로그램/서비스(서비스)",0,"신청기관연락처목록: 거주지 읍/면/동 주민센터, 한국법무보호복지공단에서 ‘서비스 신청’ 조사기관연락처목록: 담당 시/군/구청 또는 한국법무보호복지공단에서 조사 및 심사 결정기관연락처목록: 담당 시/군/구청 또는 한국"
WLF00006288,서민금융진흥원 금융상품 알선,generic_fallback,2026-07-28T14:49:02.647109+00:00,1,신분증,,,2,현금대여(융자),0,"신청기관연락처목록: 거주지 읍/면/동 주민센터, 서민금융진흥원에서 ‘서비스 신청’ 조사기관연락처목록: 담당 시/군/구청 또는 서민금융진흥원에서 조사 및 심사 결정기관연락처목록: 담당 시/군/구청 또는 서민금융진흥원에"
WLF00006288,서민금융진흥원 금융상품 알선,generic_fallback,2026-07-28T14:49:02.647109+00:00,2,신청서,,,2,현금대여(융자),0,"신청기관연락처목록: 거주지 읍/면/동 주민센터, 서민금융진흥원에서 ‘서비스 신청’ 조사기관연락처목록: 담당 시/군/구청 또는 서민금융진흥원에서 조사 및 심사 결정기관연락처목록: 담당 시/군/구청 또는 서민금융진흥원에"
WLF00006290,경남동행론(직접대출),generic_fallback,2026-07-28T14:49:02.647109+00:00,1,신분증,,,2,현금대여(융자),0,"신청기관연락처목록: 거주지 읍/면/동 주민센터, 서민금융진흥원에서 ‘서비스 신청’ 조사기관연락처목록: 담당 시/군/구청 또는 서민금융진흥원에서 조사 및 심사 결정기관연락처목록: 담당 시/군/구청 또는 서민금융진흥원에"
WLF00006290,경남동행론(직접대출),generic_fallback,2026-07-28T14:49:02.647109+00:00,2,신청서,,,2,현금대여(융자),0,"신청기관연락처목록: 거주지 읍/면/동 주민센터, 서민금융진흥원에서 ‘서비스 신청’ 조사기관연락처목록: 담당 시/군/구청 또는 서민금융진흥원에서 조사 및 심사 결정기관연락처목록: 담당 시/군/구청 또는 서민금융진흥원에"
WLF00006295,마을변호사,generic_fallback,2026-07-28T14:49:02.647109+00:00,1,신분증,,,3,현금지급,0,조사기관연락처목록: 담당 시/군/구청 또는 법무부에서 조사 및 심사 결정기관연락처목록: 담당 시/군/구청 또는 법무부에서 보장 결정 지급기관연락처목록: 담당 시/군/구청 또는 법무부에서 대상자에게 서비스 제공 사후관
WLF00006295,마을변호사,generic_fallback,2026-07-28T14:49:02.647109+00:00,2,신청서,,,3,현금지급,0,조사기관연락처목록: 담당 시/군/구청 또는 법무부에서 조사 및 심사 결정기관연락처목록: 담당 시/군/구청 또는 법무부에서 보장 결정 지급기관연락처목록: 담당 시/군/구청 또는 법무부에서 대상자에게 서비스 제공 사후관
WLF00006295,마을변호사,generic_fallback,2026-07-28T14:49:02.647109+00:00,3,통장사본,,,3,현금지급,0,조사기관연락처목록: 담당 시/군/구청 또는 법무부에서 조사 및 심사 결정기관연락처목록: 담당 시/군/구청 또는 법무부에서 보장 결정 지급기관연락처목록: 담당 시/군/구청 또는 법무부에서 대상자에게 서비스 제공 사후관
WLF00006297,장애인 창업보육실 운영,generic_fallback,2026-07-28T14:32:12.057332+00:00,1,신분증,,,2,프로그램/서비스(서비스),2,"신청기관연락처목록: 거주지 읍/면/동 주민센터, (재)장애인기업종합지원센터에서 ‘서비스 신청’ 조사기관연락처목록: 담당 시/군/구청 또는 (재)장애인기업종합지원센터에서 조사 및 심사 결정기관연락처목록: 담당 시/군/"
WLF00006297,장애인 창업보육실 운영,generic_fallback,2026-07-28T14:32:12.057332+00:00,2,신청서,,,2,프로그램/서비스(서비스),2,"신청기관연락처목록: 거주지 읍/면/동 주민센터, (재)장애인기업종합지원센터에서 ‘서비스 신청’ 조사기관연락처목록: 담당 시/군/구청 또는 (재)장애인기업종합지원센터에서 조사 및 심사 결정기관연락처목록: 담당 시/군/"
WLF00006299,지역장애인보건의료센터,generic_fallback,2026-07-28T14:49:02.647109+00:00,1,신분증,,,2,프로그램/서비스(서비스),0,"신청기관연락처목록: 거주지 읍/면/동 주민센터, 전남대병원에서 ‘서비스 신청’ 신청기관연락처목록: 거주지 읍/면/동 주민센터, 충북대병원에서 ‘서비스 신청’ 신청기관연락처목록: 거주지 읍/면/동 주민센터, 경북권역재"
WLF00006299,지역장애인보건의료센터,generic_fallback,2026-07-28T14:49:02.647109+00:00,2,신청서,,,2,프로그램/서비스(서비스),0,"신청기관연락처목록: 거주지 읍/면/동 주민센터, 전남대병원에서 ‘서비스 신청’ 신청기관연락처목록: 거주지 읍/면/동 주민센터, 충북대병원에서 ‘서비스 신청’ 신청기관연락처목록: 거주지 읍/면/동 주민센터, 경북권역재"
WLF00006301,"위기청년(가족돌봄, 고립은둔) 전담 지원사업",generic_fallback,2026-07-28T14:49:02.647109+00:00,1,신분증,,,2,기타,0,"신청기관연락처목록: 거주지 읍/면/동 주민센터, 인천청년미래센터에서 ‘서비스 신청’ 신청기관연락처목록: 거주지 읍/면/동 주민센터, 충북청년미래센터에서 ‘서비스 신청’ 신청기관연락처목록: 거주지 읍/면/동 주민센터,"
WLF00006301,"위기청년(가족돌봄, 고립은둔) 전담 지원사업",generic_fallback,2026-07-28T14:49:02.647109+00:00,2,신청서,,,2,기타,0,"신청기관연락처목록: 거주지 읍/면/동 주민센터, 인천청년미래센터에서 ‘서비스 신청’ 신청기관연락처목록: 거주지 읍/면/동 주민센터, 충북청년미래센터에서 ‘서비스 신청’ 신청기관연락처목록: 거주지 읍/면/동 주민센터,"
WLF00006302,성착취 피해 아동·청소년 퇴소자립지원수당,generic_fallback,2026-07-28T14:49:02.647109+00:00,1,신분증,,,3,현금지급,1,"신청기관연락처목록: 거주지 읍/면/동 주민센터, 성매매 방비 및 피해자 지원시설 담당부서에서 ‘서비스 신청’ 조사기관연락처목록: 담당 시/군/구청 또는 성매매 방지 및 피해자 지원 부서 에서 조사 및 심사 결정기관연"
WLF00006302,성착취 피해 아동·청소년 퇴소자립지원수당,generic_fallback,2026-07-28T14:49:02.647109+00:00,2,신청서,,,3,현금지급,1,"신청기관연락처목록: 거주지 읍/면/동 주민센터, 성매매 방비 및 피해자 지원시설 담당부서에서 ‘서비스 신청’ 조사기관연락처목록: 담당 시/군/구청 또는 성매매 방지 및 피해자 지원 부서 에서 조사 및 심사 결정기관연"
WLF00006302,성착취 피해 아동·청소년 퇴소자립지원수당,generic_fallback,2026-07-28T14:49:02.647109+00:00,3,통장사본,,,3,현금지급,1,"신청기관연락처목록: 거주지 읍/면/동 주민센터, 성매매 방비 및 피해자 지원시설 담당부서에서 ‘서비스 신청’ 조사기관연락처목록: 담당 시/군/구청 또는 성매매 방지 및 피해자 지원 부서 에서 조사 및 심사 결정기관연"
WLF00006303,치매안심재산관리서비스 시범사업,generic_fallback,2026-07-28T14:26:46.766033+00:00,1,신분증,,,3,현금지급,1,"신청기관연락처목록: 거주지 읍/면/동 주민센터, 국민연금공단에서 ‘서비스 신청’ 조사기관연락처목록: 담당 시/군/구청 또는 국민연금공단에서 조사 및 심사 결정기관연락처목록: 담당 시/군/구청 또는 국민연금공단에서 보"
WLF00006303,치매안심재산관리서비스 시범사업,generic_fallback,2026-07-28T14:26:46.766033+00:00,2,신청서,,,3,현금지급,1,"신청기관연락처목록: 거주지 읍/면/동 주민센터, 국민연금공단에서 ‘서비스 신청’ 조사기관연락처목록: 담당 시/군/구청 또는 국민연금공단에서 조사 및 심사 결정기관연락처목록: 담당 시/군/구청 또는 국민연금공단에서 보"
WLF00006303,치매안심재산관리서비스 시범사업,generic_fallback,2026-07-28T14:26:46.766033+00:00,3,통장사본,,,3,현금지급,1,"신청기관연락처목록: 거주지 읍/면/동 주민센터, 국민연금공단에서 ‘서비스 신청’ 조사기관연락처목록: 담당 시/군/구청 또는 국민연금공단에서 조사 및 심사 결정기관연락처목록: 담당 시/군/구청 또는 국민연금공단에서 보"
WLF00006305,고졸자 후속관리 지원모델 개발사업,generic_fallback,2026-07-28T14:32:12.057332+00:00,1,신분증,,,2,기타,1,"신청기관연락처목록: 거주지 읍/면/동 주민센터, 직업계고 지역 거점학교 30개교 에서 ‘서비스 신청’ 조사기관연락처목록: 담당 시/군/구청 또는 지역별 직업계고 거점학교 에서 조사 및 심사 결정기관연락처목록: 담당 "
WLF00006305,고졸자 후속관리 지원모델 개발사업,generic_fallback,2026-07-28T14:32:12.057332+00:00,2,신청서,,,2,기타,1,"신청기관연락처목록: 거주지 읍/면/동 주민센터, 직업계고 지역 거점학교 30개교 에서 ‘서비스 신청’ 조사기관연락처목록: 담당 시/군/구청 또는 지역별 직업계고 거점학교 에서 조사 및 심사 결정기관연락처목록: 담당 "
WLF00006306,중앙취업지원센터 운영 지원,generic_fallback,2026-07-28T14:49:02.647109+00:00,1,신분증,,,2,프로그램/서비스(서비스),0,조사기관연락처목록: 담당 시/군/구청 또는 교육부 학교정책실 학교지원관 직업교육정책과에서 조사 및 심사 결정기관연락처목록: 담당 시/군/구청 또는 교육부 학교정책실 학교지원관 직업교육정책과에서 보장 결정 지급기관연락
WLF00006306,중앙취업지원센터 운영 지원,generic_fallback,2026-07-28T14:49:02.647109+00:00,2,신청서,,,2,프로그램/서비스(서비스),0,조사기관연락처목록: 담당 시/군/구청 또는 교육부 학교정책실 학교지원관 직업교육정책과에서 조사 및 심사 결정기관연락처목록: 담당 시/군/구청 또는 교육부 학교정책실 학교지원관 직업교육정책과에서 보장 결정 지급기관연락
WLF00006307,자립지원 전담기관 운영,generic_fallback,2026-07-28T14:49:02.647109+00:00,1,신분증,,,2,"프로그램/서비스(서비스), 기타",1,조사기관연락처목록: 담당 시/군/구청 또는 보호종료 시설 및 위탁가정 소재 시군구에서 조사 및 심사 결정기관연락처목록: 담당 시/군/구청 또는 보호종료 시설 및 위탁가정 소재 시군구에서 보장 결정 지급기관연락처목록:
WLF00006307,자립지원 전담기관 운영,generic_fallback,2026-07-28T14:49:02.647109+00:00,2,신청서,,,2,"프로그램/서비스(서비스), 기타",1,조사기관연락처목록: 담당 시/군/구청 또는 보호종료 시설 및 위탁가정 소재 시군구에서 조사 및 심사 결정기관연락처목록: 담당 시/군/구청 또는 보호종료 시설 및 위탁가정 소재 시군구에서 보장 결정 지급기관연락처목록:
WLF00006308,무료법률상담,generic_fallback,2026-07-28T14:49:02.647109+00:00,1,신분증,,,2,프로그램/서비스(서비스),0,"신청기관연락처목록: 거주지 읍/면/동 주민센터, 대한변협 법률구조재단에서 ‘서비스 신청’ 신청기관연락처목록: 거주지 읍/면/동 주민센터, 대한가정법률복지상담원에서 ‘서비스 신청’ 신청기관연락처목록: 거주지 읍/면/동"
WLF00006308,무료법률상담,generic_fallback,2026-07-28T14:49:02.647109+00:00,2,신청서,,,2,프로그램/서비스(서비스),0,"신청기관연락처목록: 거주지 읍/면/동 주민센터, 대한변협 법률구조재단에서 ‘서비스 신청’ 신청기관연락처목록: 거주지 읍/면/동 주민센터, 대한가정법률복지상담원에서 ‘서비스 신청’ 신청기관연락처목록: 거주지 읍/면/동"
WLF00006309,법률구조,generic_fallback,2026-07-28T14:32:12.057332+00:00,1,신분증,,,2,프로그램/서비스(서비스),0,"신청기관연락처목록: 거주지 읍/면/동 주민센터, 대한법률구조공단에서 ‘서비스 신청’ 신청기관연락처목록: 거주지 읍/면/동 주민센터, 대한변협 법률구조재단에서 ‘서비스 신청’ 조사기관연락처목록: 담당 시/군/구청 또는"
WLF00006309,법률구조,generic_fallback,2026-07-28T14:32:12.057332+00:00,2,신청서,,,2,프로그램/서비스(서비스),0,"신청기관연락처목록: 거주지 읍/면/동 주민센터, 대한법률구조공단에서 ‘서비스 신청’ 신청기관연락처목록: 거주지 읍/면/동 주민센터, 대한변협 법률구조재단에서 ‘서비스 신청’ 조사기관연락처목록: 담당 시/군/구청 또는"
WLF00006310,개인회생 파산 종합지원(지원센터),generic_fallback,2026-07-28T14:49:02.647109+00:00,1,신분증,,,2,프로그램/서비스(서비스),0,"신청기관연락처목록: 거주지 읍/면/동 주민센터, 대한법률구조공단 개인회생 ,파산 종합지원센터에서 ‘서비스 신청’ 조사기관연락처목록: 담당 시/군/구청 또는 대한법률구조공단 개인회생 ,파산 종합지원센터에서 조사 및 심"
WLF00006310,개인회생 파산 종합지원(지원센터),generic_fallback,2026-07-28T14:49:02.647109+00:00,2,신청서,,,2,프로그램/서비스(서비스),0,"신청기관연락처목록: 거주지 읍/면/동 주민센터, 대한법률구조공단 개인회생 ,파산 종합지원센터에서 ‘서비스 신청’ 조사기관연락처목록: 담당 시/군/구청 또는 대한법률구조공단 개인회생 ,파산 종합지원센터에서 조사 및 심"
WLF00006311,법문화교육(교육센터),generic_fallback,2026-07-28T14:49:02.647109+00:00,1,신분증,,,2,프로그램/서비스(서비스),0,"신청기관연락처목록: 거주지 읍/면/동 주민센터, 대한법률구조공단 법문화교육센터에서 ‘서비스 신청’ 조사기관연락처목록: 담당 시/군/구청 또는 대한법률구조공단 법문화교육센터에서 조사 및 심사 결정기관연락처목록: 담당 "
WLF00006311,법문화교육(교육센터),generic_fallback,2026-07-28T14:49:02.647109+00:00,2,신청서,,,2,프로그램/서비스(서비스),0,"신청기관연락처목록: 거주지 읍/면/동 주민센터, 대한법률구조공단 법문화교육센터에서 ‘서비스 신청’ 조사기관연락처목록: 담당 시/군/구청 또는 대한법률구조공단 법문화교육센터에서 조사 및 심사 결정기관연락처목록: 담당 "
WLF00006312,성매매 방지 및 피해자 지원,generic_fallback,2026-07-28T14:49:02.647109+00:00,1,신분증,,,3,"기타, 현금지급",1,"신청기관연락처목록: 거주지 읍/면/동 주민센터, 성매매 방지 및 피해자 지원 시설 에서 ‘서비스 신청’ 조사기관연락처목록: 담당 시/군/구청 또는 성매매 방지 및 피해자 지원 시설 및 시 군구 관련 사업 부서 에서 "
WLF00006312,성매매 방지 및 피해자 지원,generic_fallback,2026-07-28T14:49:02.647109+00:00,2,신청서,,,3,"기타, 현금지급",1,"신청기관연락처목록: 거주지 읍/면/동 주민센터, 성매매 방지 및 피해자 지원 시설 에서 ‘서비스 신청’ 조사기관연락처목록: 담당 시/군/구청 또는 성매매 방지 및 피해자 지원 시설 및 시 군구 관련 사업 부서 에서 "
WLF00006312,성매매 방지 및 피해자 지원,generic_fallback,2026-07-28T14:49:02.647109+00:00,3,통장사본,,,3,"기타, 현금지급",1,"신청기관연락처목록: 거주지 읍/면/동 주민센터, 성매매 방지 및 피해자 지원 시설 에서 ‘서비스 신청’ 조사기관연락처목록: 담당 시/군/구청 또는 성매매 방지 및 피해자 지원 시설 및 시 군구 관련 사업 부서 에서 "
WLF00006314,사회통합프로그램,generic_fallback,2026-07-28T14:49:02.647109+00:00,1,신분증,,,2,프로그램/서비스(서비스),0,"신청기관연락처목록: 거주지 읍/면/동 주민센터, 사회통합프로그램 운영기관에서 ‘서비스 신청’ 조사기관연락처목록: 담당 시/군/구청 또는 사회통합프로그램 운영기관에서 조사 및 심사 결정기관연락처목록: 담당 시/군/구청"
WLF00006314,사회통합프로그램,generic_fallback,2026-07-28T14:49:02.647109+00:00,2,신청서,,,2,프로그램/서비스(서비스),0,"신청기관연락처목록: 거주지 읍/면/동 주민센터, 사회통합프로그램 운영기관에서 ‘서비스 신청’ 조사기관연락처목록: 담당 시/군/구청 또는 사회통합프로그램 운영기관에서 조사 및 심사 결정기관연락처목록: 담당 시/군/구청"
WLF00006315,가족전용상담전화,generic_fallback,2026-07-28T14:49:02.647109+00:00,1,신분증,,,2,기타,0,"신청기관연락처목록: 거주지 읍/면/동 주민센터, 가족전용상담전화에서 ‘서비스 신청’ 조사기관연락처목록: 담당 시/군/구청 또는 가족전용상담전화에서 조사 및 심사 결정기관연락처목록: 담당 시/군/구청 또는 가족전용상담"
WLF00006315,가족전용상담전화,generic_fallback,2026-07-28T14:49:02.647109+00:00,2,신청서,,,2,기타,0,"신청기관연락처목록: 거주지 읍/면/동 주민센터, 가족전용상담전화에서 ‘서비스 신청’ 조사기관연락처목록: 담당 시/군/구청 또는 가족전용상담전화에서 조사 및 심사 결정기관연락처목록: 담당 시/군/구청 또는 가족전용상담"
WLF00006316,전문기술인재장학금,generic_fallback,2026-07-28T14:32:12.057332+00:00,1,신분증,,,3,현금지급,1,"신청기관연락처목록: 거주지 읍/면/동 주민센터, 한국장학재단에서 ‘서비스 신청’ 조사기관연락처목록: 담당 시/군/구청 또는 한국장학재단에서 조사 및 심사 결정기관연락처목록: 담당 시/군/구청 또는 한국장학재단에서 보"
WLF00006316,전문기술인재장학금,generic_fallback,2026-07-28T14:32:12.057332+00:00,2,신청서,,,3,현금지급,1,"신청기관연락처목록: 거주지 읍/면/동 주민센터, 한국장학재단에서 ‘서비스 신청’ 조사기관연락처목록: 담당 시/군/구청 또는 한국장학재단에서 조사 및 심사 결정기관연락처목록: 담당 시/군/구청 또는 한국장학재단에서 보"
WLF00006316,전문기술인재장학금,generic_fallback,2026-07-28T14:32:12.057332+00:00,3,통장사본,,,3,현금지급,1,"신청기관연락처목록: 거주지 읍/면/동 주민센터, 한국장학재단에서 ‘서비스 신청’ 조사기관연락처목록: 담당 시/군/구청 또는 한국장학재단에서 조사 및 심사 결정기관연락처목록: 담당 시/군/구청 또는 한국장학재단에서 보"
WLF00006317,발달장애인 자기주도 재직자 훈련,generic_fallback,2026-07-28T14:49:02.647109+00:00,1,신분증,,,2,기타,1,"신청기관연락처목록: 거주지 읍/면/동 주민센터, 한국장애인고용공단에서 ‘서비스 신청’ 조사기관연락처목록: 담당 시/군/구청 또는 한국장애인고용공단에서 조사 및 심사 결정기관연락처목록: 담당 시/군/구청 또는 한국장애"
WLF00006317,발달장애인 자기주도 재직자 훈련,generic_fallback,2026-07-28T14:49:02.647109+00:00,2,신청서,,,2,기타,1,"신청기관연락처목록: 거주지 읍/면/동 주민센터, 한국장애인고용공단에서 ‘서비스 신청’ 조사기관연락처목록: 담당 시/군/구청 또는 한국장애인고용공단에서 조사 및 심사 결정기관연락처목록: 담당 시/군/구청 또는 한국장애"
WLF00006318,경계선지능청년지원 사업,generic_fallback,2026-07-28T14:49:02.647109+00:00,1,신분증,,,3,현금지급,0,"신청기관연락처목록: 거주지 읍/면/동 주민센터, 공모 선정된 지자체(선정 여부, 고용노동부 홈페이지 참조)에서 ‘서비스 신청’ 조사기관연락처목록: 담당 시/군/구청 또는 공모 선정된 지자체(선정 여부, 고용노동부 홈"
WLF00006318,경계선지능청년지원 사업,generic_fallback,2026-07-28T14:49:02.647109+00:00,2,신청서,,,3,현금지급,0,"신청기관연락처목록: 거주지 읍/면/동 주민센터, 공모 선정된 지자체(선정 여부, 고용노동부 홈페이지 참조)에서 ‘서비스 신청’ 조사기관연락처목록: 담당 시/군/구청 또는 공모 선정된 지자체(선정 여부, 고용노동부 홈"
WLF00006318,경계선지능청년지원 사업,generic_fallback,2026-07-28T14:49:02.647109+00:00,3,통장사본,,,3,현금지급,0,"신청기관연락처목록: 거주지 읍/면/동 주민센터, 공모 선정된 지자체(선정 여부, 고용노동부 홈페이지 참조)에서 ‘서비스 신청’ 조사기관연락처목록: 담당 시/군/구청 또는 공모 선정된 지자체(선정 여부, 고용노동부 홈"
WLF00006324,무료법률구조,generic_fallback,2026-07-28T14:49:02.647109+00:00,1,신분증,,,2,프로그램/서비스(서비스),0,"신청기관연락처목록: 거주지 읍/면/동 주민센터, 대한법률구조공단에서 ‘서비스 신청’ 조사기관연락처목록: 담당 시/군/구청 또는 대한법률구조공단에서 조사 및 심사 결정기관연락처목록: 담당 시/군/구청 또는 대한법률구조"
WLF00006324,무료법률구조,generic_fallback,2026-07-28T14:49:02.647109+00:00,2,신청서,,,2,프로그램/서비스(서비스),0,"신청기관연락처목록: 거주지 읍/면/동 주민센터, 대한법률구조공단에서 ‘서비스 신청’ 조사기관연락처목록: 담당 시/군/구청 또는 대한법률구조공단에서 조사 및 심사 결정기관연락처목록: 담당 시/군/구청 또는 대한법률구조"
WLF00006325,강북구 배달플랫폼 종사자 고용보험료 지원 사업,generic_fallback,2026-07-28T14:49:02.647109+00:00,1,신분증,,,3,현금지급,1,"방문, E-mail, 팩스 신청"
WLF00006325,강북구 배달플랫폼 종사자 고용보험료 지원 사업,generic_fallback,2026-07-28T14:49:02.647109+00:00,2,신청서,,,3,현금지급,1,"방문, E-mail, 팩스 신청"
WLF00006325,강북구 배달플랫폼 종사자 고용보험료 지원 사업,generic_fallback,2026-07-28T14:49:02.647109+00:00,3,통장사본,,,3,현금지급,1,"방문, E-mail, 팩스 신청"
WLF00006332,아동 입원진료비 지원,generic_fallback,2026-07-28T14:49:02.647109+00:00,1,신분증,,,2,현물지급,0,조사기관연락처목록: 담당 시/군/구청 또는 -에서 조사 및 심사 결정기관연락처목록: 담당 시/군/구청 또는 -에서 보장 결정 지급기관연락처목록: 담당 시/군/구청 또는 -에서 대상자에게 서비스 제공 사후관리기관목록:
WLF00006332,아동 입원진료비 지원,generic_fallback,2026-07-28T14:49:02.647109+00:00,2,신청서,,,2,현물지급,0,조사기관연락처목록: 담당 시/군/구청 또는 -에서 조사 및 심사 결정기관연락처목록: 담당 시/군/구청 또는 -에서 보장 결정 지급기관연락처목록: 담당 시/군/구청 또는 -에서 대상자에게 서비스 제공 사후관리기관목록:
WLF00006334,장애인거주시설 이용,generic_fallback,2026-07-28T14:51:36.574322+00:00,1,신분증,,,2,시설입소,1,"신청기관연락처목록: 거주지 읍/면/동 주민센터, 해당 시군구에서 ‘서비스 신청’ 조사기관연락처목록: 담당 시/군/구청 또는 국민연금공단에서 조사 및 심사 조사기관연락처목록: 담당 시/군/구청 또는 해당 시군구에서 조"
WLF00006334,장애인거주시설 이용,generic_fallback,2026-07-28T14:51:36.574322+00:00,2,신청서,,,2,시설입소,1,"신청기관연락처목록: 거주지 읍/면/동 주민센터, 해당 시군구에서 ‘서비스 신청’ 조사기관연락처목록: 담당 시/군/구청 또는 국민연금공단에서 조사 및 심사 조사기관연락처목록: 담당 시/군/구청 또는 해당 시군구에서 조"
WLF00006335,유아 단계적 무상교육·보육 실현,generic_fallback,2026-07-28T14:51:36.574322+00:00,1,신분증,,,3,현금지급,0,"조사기관연락처목록: 담당 시/군/구청 또는 시도, 시군구에서 조사 및 심사 조사기관연락처목록: 담당 시/군/구청 또는 교육청, 교육지원청에서 조사 및 심사 결정기관연락처목록: 담당 시/군/구청 또는 시도, 시군구에서"
WLF00006335,유아 단계적 무상교육·보육 실현,generic_fallback,2026-07-28T14:51:36.574322+00:00,2,신청서,,,3,현금지급,0,"조사기관연락처목록: 담당 시/군/구청 또는 시도, 시군구에서 조사 및 심사 조사기관연락처목록: 담당 시/군/구청 또는 교육청, 교육지원청에서 조사 및 심사 결정기관연락처목록: 담당 시/군/구청 또는 시도, 시군구에서"
WLF00006335,유아 단계적 무상교육·보육 실현,generic_fallback,2026-07-28T14:51:36.574322+00:00,3,통장사본,,,3,현금지급,0,"조사기관연락처목록: 담당 시/군/구청 또는 시도, 시군구에서 조사 및 심사 조사기관연락처목록: 담당 시/군/구청 또는 교육청, 교육지원청에서 조사 및 심사 결정기관연락처목록: 담당 시/군/구청 또는 시도, 시군구에서"
WLF00006412,취약계층 차열페인트 도장 지원,generic_fallback,2026-07-28T14:32:12.057332+00:00,1,신분증,,,2,프로그램/서비스(서비스),1,"신청서, 구비서류 지참하여 방문 또는 우편신청"
WLF00006412,취약계층 차열페인트 도장 지원,generic_fallback,2026-07-28T14:32:12.057332+00:00,2,신청서,,,2,프로그램/서비스(서비스),1,"신청서, 구비서류 지참하여 방문 또는 우편신청"
WLF00006485,플랫폼 배달노동자 지원사업,generic_fallback,2026-07-28T14:51:36.574322+00:00,1,신분증,,,3,"현금지급, 현물지급",0,매년 지원 공고에 따른 사업 진행 예정으로 자세한 지원 방법 등은 공고 확인 요망
WLF00006485,플랫폼 배달노동자 지원사업,generic_fallback,2026-07-28T14:51:36.574322+00:00,2,신청서,,,3,"현금지급, 현물지급",0,매년 지원 공고에 따른 사업 진행 예정으로 자세한 지원 방법 등은 공고 확인 요망
WLF00006485,플랫폼 배달노동자 지원사업,generic_fallback,2026-07-28T14:51:36.574322+00:00,3,통장사본,,,3,"현금지급, 현물지급",0,매년 지원 공고에 따른 사업 진행 예정으로 자세한 지원 방법 등은 공고 확인 요망
WLF00006516,장애 청소년 단체상해보험,generic_fallback,2026-07-28T14:51:36.574322+00:00,1,신분증,,,3,현금지급,0,신청기간 내 종로구청 사회복지과 또는 각 주민등록 주소지 동주민센터 방문 접수
WLF00006516,장애 청소년 단체상해보험,generic_fallback,2026-07-28T14:51:36.574322+00:00,2,신청서,,,3,현금지급,0,신청기간 내 종로구청 사회복지과 또는 각 주민등록 주소지 동주민센터 방문 접수
WLF00006516,장애 청소년 단체상해보험,generic_fallback,2026-07-28T14:51:36.574322+00:00,3,통장사본,,,3,현금지급,0,신청기간 내 종로구청 사회복지과 또는 각 주민등록 주소지 동주민센터 방문 접수
WLF00006521,발달장애인 안심보험,generic_fallback,2026-07-28T14:51:36.574322+00:00,1,신분증,,,2,기타,0,동대문구청 장애인복지과로 문의 바랍니다.
WLF00006521,발달장애인 안심보험,generic_fallback,2026-07-28T14:51:36.574322+00:00,2,신청서,,,2,기타,0,동대문구청 장애인복지과로 문의 바랍니다.
WLF00006563,취약계층 에어컨 청소 지원 사업,generic_fallback,2026-07-28T14:51:36.574322+00:00,1,신분증,,,2,프로그램/서비스(서비스),0,"강남구 거주(주민등록상) 기초생활수급자 또는 차상위 계층 - 천식, 만성폐쇄성폐질환, 만성호흡부전 등 호흡기 계통 중증질환자, 장애인, 고령자 우선 선정"
WLF00006563,취약계층 에어컨 청소 지원 사업,generic_fallback,2026-07-28T14:51:36.574322+00:00,2,신청서,,,2,프로그램/서비스(서비스),0,"강남구 거주(주민등록상) 기초생활수급자 또는 차상위 계층 - 천식, 만성폐쇄성폐질환, 만성호흡부전 등 호흡기 계통 중증질환자, 장애인, 고령자 우선 선정"
WLF00006571,중랑형 출산축하용품 지원사업,generic_fallback,2026-07-28T14:51:36.574322+00:00,1,신분증,,,2,기타,0,＊ 신청방법 : 동 주민센터 방문 신청(출생 신고 시 출산서비스 통합 처리 신청) 또는 구 홈페이지 온라인 신청(온라인·구청·타 지역 출생 신고자)＊ 지급방법 : 신청 → 카카오 알림톡(전용몰 주소+인증번호 수신) 
WLF00006571,중랑형 출산축하용품 지원사업,generic_fallback,2026-07-28T14:51:36.574322+00:00,2,신청서,,,2,기타,0,＊ 신청방법 : 동 주민센터 방문 신청(출생 신고 시 출산서비스 통합 처리 신청) 또는 구 홈페이지 온라인 신청(온라인·구청·타 지역 출생 신고자)＊ 지급방법 : 신청 → 카카오 알림톡(전용몰 주소+인증번호 수신) 
WLF00006579,서울마음편의점 조성·운영,generic_fallback,2026-07-28T14:51:36.574322+00:00,1,신분증,,,2,프로그램/서비스(서비스),0,외로운 서울시민 누구나 서울마음편의점 방문 후 외로움 자가진단 포함하여 이용자 등록 후 이용
WLF00006579,서울마음편의점 조성·운영,generic_fallback,2026-07-28T14:51:36.574322+00:00,2,신청서,,,2,프로그램/서비스(서비스),0,외로운 서울시민 누구나 서울마음편의점 방문 후 외로움 자가진단 포함하여 이용자 등록 후 이용
WLF00006620,외국국적 유아학비 추가 지원,generic_fallback,2026-07-28T14:32:12.057332+00:00,1,신분증,,,3,현금지급,1,- 외국인 등록*이 된 유아를 사실상 보호하고 있는 자가 유치원에 방문하여 신청서 제출- 유치원 신청 내역 확인 및 지원금 신청
WLF00006620,외국국적 유아학비 추가 지원,generic_fallback,2026-07-28T14:32:12.057332+00:00,2,신청서,,,3,현금지급,1,- 외국인 등록*이 된 유아를 사실상 보호하고 있는 자가 유치원에 방문하여 신청서 제출- 유치원 신청 내역 확인 및 지원금 신청
WLF00006620,외국국적 유아학비 추가 지원,generic_fallback,2026-07-28T14:32:12.057332+00:00,3,통장사본,,,3,현금지급,1,- 외국인 등록*이 된 유아를 사실상 보호하고 있는 자가 유치원에 방문하여 신청서 제출- 유치원 신청 내역 확인 및 지원금 신청
WLF00006641,용산구 발달장애인 배상책임보험 가입 지원,generic_fallback,2026-07-28T14:51:36.574322+00:00,1,신분증,,,3,"현금지급, 현물지급",0,보험사 콜센터 02-2038-0828에 유선 신청
WLF00006641,용산구 발달장애인 배상책임보험 가입 지원,generic_fallback,2026-07-28T14:51:36.574322+00:00,2,신청서,,,3,"현금지급, 현물지급",0,보험사 콜센터 02-2038-0828에 유선 신청
WLF00006641,용산구 발달장애인 배상책임보험 가입 지원,generic_fallback,2026-07-28T14:51:36.574322+00:00,3,통장사본,,,3,"현금지급, 현물지급",0,보험사 콜센터 02-2038-0828에 유선 신청
WLF00006681,성동청년 상생학사 운영,generic_fallback,2026-07-28T14:51:36.574322+00:00,1,신분증,,,3,현금지급,0,○ 신청방법: 온라인 신청(성동구청 홈페이지 - 신속예약)
WLF00006681,성동청년 상생학사 운영,generic_fallback,2026-07-28T14:51:36.574322+00:00,2,신청서,,,3,현금지급,0,○ 신청방법: 온라인 신청(성동구청 홈페이지 - 신속예약)
WLF00006681,성동청년 상생학사 운영,generic_fallback,2026-07-28T14:51:36.574322+00:00,3,통장사본,,,3,현금지급,0,○ 신청방법: 온라인 신청(성동구청 홈페이지 - 신속예약)
WLF00000013,독립유공자 의료비 지원,none,2026-07-28T13:23:55.594458+00:00,0,,,,0,기타,1,직접 지원(별도 신청사항 없음)
WLF00000976,국가보훈대상자 위문금 지원,none,2026-07-28T13:39:22.126501+00:00,0,,,,0,현금지급,1,직접 지원(별도 신청사항 없음)
WLF00001052,국가유공자 및 보훈단체 지원(보훈대상자 위문금 지원),none,2026-07-28T13:45:50.135552+00:00,0,,,,0,현금지급,1,직접 지원(별도 신청사항 없음)
WLF00002087,보훈대상자 설 명절위문금,none,2026-07-28T14:53:46.828259+00:00,0,,,,0,현금지급,1,직접 지원(별도 신청사항 없음)
WLF00002159,저소득주민 명절 위문 (기초수급자),none,2026-07-28T14:05:57.338179+00:00,0,,,,0,현금지급,1,직접 지원(별도 신청사항 없음)
WLF00002339,저소득한부모가족지원사업(명절위문금),none,2026-07-28T13:55:45.159455+00:00,0,,,,0,현금지급,1,한부모가족(청소년한부모가족)으로 결정된 가구에게 별도 신청절차 없이 지급
WLF00002341,생활보장(저소득주민 명절위문),none,2026-07-28T13:55:45.159455+00:00,0,,,,0,현금지급,1,직접 지원(별도 신청사항 없음)
WLF00002420,노인복지 개선 (저소득노인 건강보험 및 장기요양보험료 지원),none,2026-07-28T13:55:45.159455+00:00,0,,,,0,현물지급,1,별도 신청절차 없음 (국민건강보험공단에서 대상자 발송)
WLF00002519,국가유공자 복지증진(현충일 참배행사),none,2026-07-28T14:16:21.278260+00:00,0,,,,0,기타,1,직접 지원(별도 신청사항 없음)
WLF00002619,저소득한부모가족지원,none,2026-07-28T14:00:56.236617+00:00,0,,,,0,현금지급,1,직접 지원(별도 신청사항 없음)
WLF00002720,저소득장애인생활안정지원,none,2026-07-28T14:00:56.236617+00:00,0,,,,0,현금지급,1,직접 지원(별도 신청사항 없음)
WLF00002794,가정위탁아동 격려품 지원,none,2026-07-28T14:05:57.338179+00:00,0,,,,0,기타,1,직접 지원(별도 신청사항 없음)
WLF00002795,장애인 일자리박람회,none,2026-07-28T14:05:57.338179+00:00,0,,,,0,기타,1,직접 지원(별도 신청사항 없음)
WLF00002817,저소득 주민지원(명절위문),none,2026-07-28T14:05:57.338179+00:00,0,,,,0,"현금지급, 현물지급",1,직접 지원(별도 신청사항 없음)
WLF00003183,장애인 표준사업장 설립지원,none,2026-07-28T14:05:57.338179+00:00,1,장애인 표준사업장 설립지원 신청서,,,4,현금지급,0,"신청기관연락처목록: 거주지 읍/면/동 주민센터, 한국장애인고용공단에서 ‘서비스 신청’ 조사기관연락처목록: 담당 시/군/구청 또는 한국장애인고용공단에서 조사 및 심사 결정기관연락처목록: 담당 시/군/구청 또는 한국장애"
WLF00003183,장애인 표준사업장 설립지원,none,2026-07-28T14:05:57.338179+00:00,2,개인정보 수집·이용 동의서,,,4,현금지급,0,"신청기관연락처목록: 거주지 읍/면/동 주민센터, 한국장애인고용공단에서 ‘서비스 신청’ 조사기관연락처목록: 담당 시/군/구청 또는 한국장애인고용공단에서 조사 및 심사 결정기관연락처목록: 담당 시/군/구청 또는 한국장애"
WLF00003183,장애인 표준사업장 설립지원,none,2026-07-28T14:05:57.338179+00:00,3,사업자등록증 사본,,,4,현금지급,0,"신청기관연락처목록: 거주지 읍/면/동 주민센터, 한국장애인고용공단에서 ‘서비스 신청’ 조사기관연락처목록: 담당 시/군/구청 또는 한국장애인고용공단에서 조사 및 심사 결정기관연락처목록: 담당 시/군/구청 또는 한국장애"
WLF00003183,장애인 표준사업장 설립지원,none,2026-07-28T14:05:57.338179+00:00,4,장애인 고용 계획서,,,4,현금지급,0,"신청기관연락처목록: 거주지 읍/면/동 주민센터, 한국장애인고용공단에서 ‘서비스 신청’ 조사기관연락처목록: 담당 시/군/구청 또는 한국장애인고용공단에서 조사 및 심사 결정기관연락처목록: 담당 시/군/구청 또는 한국장애"
WLF00004096,국가보훈대상자 위문금 지원,none,2026-07-28T14:38:03.506973+00:00,0,,,,0,현금지급,1,직접 지원(별도 신청사항 없음)
WLF00004149,기초생활수급자 어르신(만65세 이상) 대상포진 예방접종,none,2026-07-28T14:16:21.278260+00:00,0,,,,0,기타,1,직접 지원(별도 신청사항 없음)
WLF00004629,독립유공생활지원수당 지원,none,2026-07-28T14:16:21.278260+00:00,0,,,,0,현금지급,1,직접 지원(별도 신청사항 없음)
WLF00005003,서울시 1인가구 동행서비스(건강동행서비스),none,2026-07-28T14:16:21.278260+00:00,0,,,,0,감면,1,직접 지원(별도 신청사항 없음)
WLF00005101,성매매 피해자 지원시설 퇴소 청소년 자립정착금,none,2026-07-28T14:38:03.506973+00:00,0,,,,0,현금지급,0,직접 지원(별도 신청사항 없음)
WLF00005435,취약계층 어르신 대상포진 예방접종 지원사업,none,2026-07-28T14:38:03.506973+00:00,0,,,,0,기타,0,직접 지원(별도 신청사항 없음)
WLF00005460,장애인보조기구 수리센터 운영,none,2026-07-28T14:21:19.484566+00:00,0,,,,0,기타,1,직접 지원(별도 신청사항 없음)
WLF00005663,고독사 예방 밑반찬 지원사업 기운찬,none,2026-07-28T14:43:37.654665+00:00,0,,,,0,현물지급,0,직접 지원(별도 신청사항 없음)
WLF00005752,자활사업 활성화 지원,none,2026-07-28T14:43:37.654665+00:00,0,,,,0,현금지급,0,직접 지원(별도 신청사항 없음)
WLF00005753,성북구 서울형 키즈카페 운영,none,2026-07-28T14:43:37.654665+00:00,0,,,,0,기타,1,직접 지원(별도 신청사항 없음)
WLF00005986,"저소득구민 지원(기초생계,의료급여 수급자 명절 위문금 지원)원",none,2026-07-28T14:43:37.654665+00:00,0,,,,0,현금지급,1,직접 지원(별도 신청사항 없음)
WLF00006079,영등포구 취약계층 대상포진 예방접종 지원사업,none,2026-07-28T14:43:37.654665+00:00,0,,,,0,현물지급,0,직접 지원(별도 신청사항 없음)
WLF00006128,영등포구 장애청소년 상해보험 지원사업,none,2026-07-28T14:26:46.766033+00:00,0,,,,0,기타,1,직접 지원(별도 신청사항 없음)
WLF00006511,미취업 청년 어학 및 국가자격증 응시료 지원사업,none,2026-07-28T14:51:36.574322+00:00,0,,,,0,현금지급,0,직접 지원(별도 신청사항 없음)
WLF00006523,종로구 발달장애인 배상책임보험,none,2026-07-28T14:51:36.574322+00:00,0,,,,0,현금지급,0,직접 지원(별도 신청사항 없음)
WLF00000068,장애인고용증진융자,source_text,2026-07-28T13:29:47.132375+00:00,1,장애인고용증진융자 신청서,,,4,"현금대여(융자), 현물지급",0,"신청기관연락처목록: 거주지 읍/면/동 주민센터, 한국장애인고용공단 지역본부 및 지사(전국 20개)에서 ‘서비스 신청’ 조사기관연락처목록: 담당 시/군/구청 또는 한국장애인고용공단 지역본부 및 지사에서 조사 및 심사 "
WLF00000068,장애인고용증진융자,source_text,2026-07-28T13:29:47.132375+00:00,2,개인정보 수집·이용 동의서,,,4,"현금대여(융자), 현물지급",0,"신청기관연락처목록: 거주지 읍/면/동 주민센터, 한국장애인고용공단 지역본부 및 지사(전국 20개)에서 ‘서비스 신청’ 조사기관연락처목록: 담당 시/군/구청 또는 한국장애인고용공단 지역본부 및 지사에서 조사 및 심사 "
WLF00000068,장애인고용증진융자,source_text,2026-07-28T13:29:47.132375+00:00,3,사업자등록증 사본,,,4,"현금대여(융자), 현물지급",0,"신청기관연락처목록: 거주지 읍/면/동 주민센터, 한국장애인고용공단 지역본부 및 지사(전국 20개)에서 ‘서비스 신청’ 조사기관연락처목록: 담당 시/군/구청 또는 한국장애인고용공단 지역본부 및 지사에서 조사 및 심사 "
WLF00000068,장애인고용증진융자,source_text,2026-07-28T13:29:47.132375+00:00,4,장애인등록증,https://www.gov.kr,certificate_issuance,4,"현금대여(융자), 현물지급",0,"신청기관연락처목록: 거주지 읍/면/동 주민센터, 한국장애인고용공단 지역본부 및 지사(전국 20개)에서 ‘서비스 신청’ 조사기관연락처목록: 담당 시/군/구청 또는 한국장애인고용공단 지역본부 및 지사에서 조사 및 심사 "
WLF00000724,보훈가족지원(보훈대상자 위문),source_text,2026-07-28T13:34:47.114419+00:00,1,호국보훈의 달 위문금 신청서,https://www.bokjiro.go.kr/ssis-tbu/CmmFileUtil/siteQnaInfoDownload.do?atcflId=5906GOWF15GOWF155906&atcflSn=1,form_download,4,현금지급,1,"제출서류 : 신청서, 국가유공자증(신분증), 통장사본신청방법 : 거주지 동주민센터 방문 신청"
WLF00000724,보훈가족지원(보훈대상자 위문),source_text,2026-07-28T13:34:47.114419+00:00,2,국가유공자증,,,4,현금지급,1,"제출서류 : 신청서, 국가유공자증(신분증), 통장사본신청방법 : 거주지 동주민센터 방문 신청"
WLF00000724,보훈가족지원(보훈대상자 위문),source_text,2026-07-28T13:34:47.114419+00:00,3,신분증,,,4,현금지급,1,"제출서류 : 신청서, 국가유공자증(신분증), 통장사본신청방법 : 거주지 동주민센터 방문 신청"
WLF00000724,보훈가족지원(보훈대상자 위문),source_text,2026-07-28T13:34:47.114419+00:00,4,통장사본,,,4,현금지급,1,"제출서류 : 신청서, 국가유공자증(신분증), 통장사본신청방법 : 거주지 동주민센터 방문 신청"
WLF00000817,입양아동 지원,source_text,2026-07-28T13:34:47.114419+00:00,1,입양아동 양육보조금 등 신청서,,,5,현금지급,1,"1) 신청방법 : 입양아동 양육보조금 등 신청서 1부, 장애인등록증(질환을 앓고 있는 아동의 경우는 의사소견서) 1부, 입양사실확인서 1부, 통장사본 1부 2) 지급방법 : 입양아동 또는 양부모 계좌이체"
WLF00000817,입양아동 지원,source_text,2026-07-28T13:34:47.114419+00:00,2,장애인등록증,https://www.gov.kr,certificate_issuance,5,현금지급,1,"1) 신청방법 : 입양아동 양육보조금 등 신청서 1부, 장애인등록증(질환을 앓고 있는 아동의 경우는 의사소견서) 1부, 입양사실확인서 1부, 통장사본 1부 2) 지급방법 : 입양아동 또는 양부모 계좌이체"
WLF00000817,입양아동 지원,source_text,2026-07-28T13:34:47.114419+00:00,3,의사소견서,,,5,현금지급,1,"1) 신청방법 : 입양아동 양육보조금 등 신청서 1부, 장애인등록증(질환을 앓고 있는 아동의 경우는 의사소견서) 1부, 입양사실확인서 1부, 통장사본 1부 2) 지급방법 : 입양아동 또는 양부모 계좌이체"
WLF00000817,입양아동 지원,source_text,2026-07-28T13:34:47.114419+00:00,4,입양사실확인서,,,5,현금지급,1,"1) 신청방법 : 입양아동 양육보조금 등 신청서 1부, 장애인등록증(질환을 앓고 있는 아동의 경우는 의사소견서) 1부, 입양사실확인서 1부, 통장사본 1부 2) 지급방법 : 입양아동 또는 양부모 계좌이체"
WLF00000817,입양아동 지원,source_text,2026-07-28T13:34:47.114419+00:00,5,통장사본,,,5,현금지급,1,"1) 신청방법 : 입양아동 양육보조금 등 신청서 1부, 장애인등록증(질환을 앓고 있는 아동의 경우는 의사소견서) 1부, 입양사실확인서 1부, 통장사본 1부 2) 지급방법 : 입양아동 또는 양부모 계좌이체"
WLF00000838,고용보험 미적용자 출산급여 지원,source_text,2026-07-28T13:34:47.114419+00:00,1,고용보험 미적용자 출산(유산.사산) 급여 신청서,https://bokjiro.go.kr/ssis-tbu/CmmFileUtil/getDownload.do?atcflId=5801GOWF15GOWF155801&atcflSn=1,form_download,6,현금지급,2,"신청기관연락처목록: 거주지 읍/면/동 주민센터, 고용센터에서 ‘서비스 신청’ 조사기관연락처목록: 담당 시/군/구청 또는 고용센터에서 조사 및 심사 결정기관연락처목록: 담당 시/군/구청 또는 고용센터에서 보장 결정 지"
WLF00000838,고용보험 미적용자 출산급여 지원,source_text,2026-07-28T13:34:47.114419+00:00,2,신분증,,,6,현금지급,2,"신청기관연락처목록: 거주지 읍/면/동 주민센터, 고용센터에서 ‘서비스 신청’ 조사기관연락처목록: 담당 시/군/구청 또는 고용센터에서 조사 및 심사 결정기관연락처목록: 담당 시/군/구청 또는 고용센터에서 보장 결정 지"
WLF00000838,고용보험 미적용자 출산급여 지원,source_text,2026-07-28T13:34:47.114419+00:00,3,고용보험 미가입 확인서,,,6,현금지급,2,"신청기관연락처목록: 거주지 읍/면/동 주민센터, 고용센터에서 ‘서비스 신청’ 조사기관연락처목록: 담당 시/군/구청 또는 고용센터에서 조사 및 심사 결정기관연락처목록: 담당 시/군/구청 또는 고용센터에서 보장 결정 지"
WLF00000838,고용보험 미적용자 출산급여 지원,source_text,2026-07-28T13:34:47.114419+00:00,4,건강보험자격득실확인서,https://www.nhis.or.kr/nhis/index.do,certificate_issuance,6,현금지급,2,"신청기관연락처목록: 거주지 읍/면/동 주민센터, 고용센터에서 ‘서비스 신청’ 조사기관연락처목록: 담당 시/군/구청 또는 고용센터에서 조사 및 심사 결정기관연락처목록: 담당 시/군/구청 또는 고용센터에서 보장 결정 지"
WLF00000838,고용보험 미적용자 출산급여 지원,source_text,2026-07-28T13:34:47.114419+00:00,5,1인 사업자 사실확인서,,,6,현금지급,2,"신청기관연락처목록: 거주지 읍/면/동 주민센터, 고용센터에서 ‘서비스 신청’ 조사기관연락처목록: 담당 시/군/구청 또는 고용센터에서 조사 및 심사 결정기관연락처목록: 담당 시/군/구청 또는 고용센터에서 보장 결정 지"
WLF00000838,고용보험 미적용자 출산급여 지원,source_text,2026-07-28T13:34:47.114419+00:00,6,소득활동 및 발생 증빙서류,,,6,현금지급,2,"신청기관연락처목록: 거주지 읍/면/동 주민센터, 고용센터에서 ‘서비스 신청’ 조사기관연락처목록: 담당 시/군/구청 또는 고용센터에서 조사 및 심사 결정기관연락처목록: 담당 시/군/구청 또는 고용센터에서 보장 결정 지"
WLF00001003,입양축하금,source_text,2026-07-28T13:39:22.126501+00:00,1,입양축하금 지원 신청서,,,4,현금지급,1,입양신고 후 60일 이내에 입양축하금 지원 신청서를 광진구청장에게 제출 <구비서류> 1. 신청서 2. 입양사실확인서(입양기관발급) 3. 예금통장 사본1부 4. 입양아동이 장애아동일 경우 관련서류(장애진단서 등)
WLF00001003,입양축하금,source_text,2026-07-28T13:39:22.126501+00:00,2,입양사실확인서,,,4,현금지급,1,입양신고 후 60일 이내에 입양축하금 지원 신청서를 광진구청장에게 제출 <구비서류> 1. 신청서 2. 입양사실확인서(입양기관발급) 3. 예금통장 사본1부 4. 입양아동이 장애아동일 경우 관련서류(장애진단서 등)
WLF00001003,입양축하금,source_text,2026-07-28T13:39:22.126501+00:00,3,통장사본,,,4,현금지급,1,입양신고 후 60일 이내에 입양축하금 지원 신청서를 광진구청장에게 제출 <구비서류> 1. 신청서 2. 입양사실확인서(입양기관발급) 3. 예금통장 사본1부 4. 입양아동이 장애아동일 경우 관련서류(장애진단서 등)
WLF00001003,입양축하금,source_text,2026-07-28T13:39:22.126501+00:00,4,장애진단서,,,4,현금지급,1,입양신고 후 60일 이내에 입양축하금 지원 신청서를 광진구청장에게 제출 <구비서류> 1. 신청서 2. 입양사실확인서(입양기관발급) 3. 예금통장 사본1부 4. 입양아동이 장애아동일 경우 관련서류(장애진단서 등)
WLF00001021,장애아동입양 양육보조금,source_text,2026-07-28T13:39:22.126501+00:00,1,장애아동입양 양육보조금 신청서,,,5,현금지급,1,"신청기관연락처목록: 거주지 읍/면/동 주민센터, 시군구에서 ‘서비스 신청’ 조사기관연락처목록: 담당 시/군/구청 또는 시군구에서 조사 및 심사 결정기관연락처목록: 담당 시/군/구청 또는 시군구에서 보장 결정 지급기관"
WLF00001021,장애아동입양 양육보조금,source_text,2026-07-28T13:39:22.126501+00:00,2,장애인등록증,https://www.gov.kr,certificate_issuance,5,현금지급,1,"신청기관연락처목록: 거주지 읍/면/동 주민센터, 시군구에서 ‘서비스 신청’ 조사기관연락처목록: 담당 시/군/구청 또는 시군구에서 조사 및 심사 결정기관연락처목록: 담당 시/군/구청 또는 시군구에서 보장 결정 지급기관"
WLF00001021,장애아동입양 양육보조금,source_text,2026-07-28T13:39:22.126501+00:00,3,진단서,,,5,현금지급,1,"신청기관연락처목록: 거주지 읍/면/동 주민센터, 시군구에서 ‘서비스 신청’ 조사기관연락처목록: 담당 시/군/구청 또는 시군구에서 조사 및 심사 결정기관연락처목록: 담당 시/군/구청 또는 시군구에서 보장 결정 지급기관"
WLF00001021,장애아동입양 양육보조금,source_text,2026-07-28T13:39:22.126501+00:00,4,재학증명서,,,5,현금지급,1,"신청기관연락처목록: 거주지 읍/면/동 주민센터, 시군구에서 ‘서비스 신청’ 조사기관연락처목록: 담당 시/군/구청 또는 시군구에서 조사 및 심사 결정기관연락처목록: 담당 시/군/구청 또는 시군구에서 보장 결정 지급기관"
WLF00001021,장애아동입양 양육보조금,source_text,2026-07-28T13:39:22.126501+00:00,5,신분증,,,5,현금지급,1,"신청기관연락처목록: 거주지 읍/면/동 주민센터, 시군구에서 ‘서비스 신청’ 조사기관연락처목록: 담당 시/군/구청 또는 시군구에서 조사 및 심사 결정기관연락처목록: 담당 시/군/구청 또는 시군구에서 보장 결정 지급기관"
WLF00001063,주거안정 월세대출,source_text,2026-07-28T13:39:22.126501+00:00,1,신분증,,,3,현금대여(융자),2,"신청기관연락처목록: 거주지 읍/면/동 주민센터, 주택도시기금 수탁은행 (우리, 국민, 신한, 하나, 농협 등)에서 ‘서비스 신청’ 조사기관연락처목록: 담당 시/군/구청 또는 주택도시기금 수탁은행 (우리, 국민, 신한"
WLF00001063,주거안정 월세대출,source_text,2026-07-28T13:39:22.126501+00:00,2,주민등록등본,https://www.gov.kr/mw/AA020InfoCappView.do?CappBizCD=13100000015,certificate_issuance,3,현금대여(융자),2,"신청기관연락처목록: 거주지 읍/면/동 주민센터, 주택도시기금 수탁은행 (우리, 국민, 신한, 하나, 농협 등)에서 ‘서비스 신청’ 조사기관연락처목록: 담당 시/군/구청 또는 주택도시기금 수탁은행 (우리, 국민, 신한"
WLF00001063,주거안정 월세대출,source_text,2026-07-28T13:39:22.126501+00:00,3,임대차계약서 사본,,,3,현금대여(융자),2,"신청기관연락처목록: 거주지 읍/면/동 주민센터, 주택도시기금 수탁은행 (우리, 국민, 신한, 하나, 농협 등)에서 ‘서비스 신청’ 조사기관연락처목록: 담당 시/군/구청 또는 주택도시기금 수탁은행 (우리, 국민, 신한"
WLF00001067,장애아보육료지원,source_text,2026-07-28T13:39:22.126501+00:00,1,사회보장급여 신청서,https://bokjiro.go.kr/ssis-tbu/CmmFileUtil/getDownload.do?atcflId=5261GOWF15GOWF155261&atcflSn=1,form_download,4,전자바우처(바우처),2,"신청기관연락처목록: 거주지 읍/면/동 주민센터, 읍면동 또는 복지로 웹사이트(PC/모바일앱)에서 ‘서비스 신청’ 조사기관연락처목록: 담당 시/군/구청 또는 시군구에서 조사 및 심사 결정기관연락처목록: 담당 시/군/구"
WLF00001067,장애아보육료지원,source_text,2026-07-28T13:39:22.126501+00:00,2,장애인등록증,https://www.gov.kr,certificate_issuance,4,전자바우처(바우처),2,"신청기관연락처목록: 거주지 읍/면/동 주민센터, 읍면동 또는 복지로 웹사이트(PC/모바일앱)에서 ‘서비스 신청’ 조사기관연락처목록: 담당 시/군/구청 또는 시군구에서 조사 및 심사 결정기관연락처목록: 담당 시/군/구"
WLF00001067,장애아보육료지원,source_text,2026-07-28T13:39:22.126501+00:00,3,진단서,,,4,전자바우처(바우처),2,"신청기관연락처목록: 거주지 읍/면/동 주민센터, 읍면동 또는 복지로 웹사이트(PC/모바일앱)에서 ‘서비스 신청’ 조사기관연락처목록: 담당 시/군/구청 또는 시군구에서 조사 및 심사 결정기관연락처목록: 담당 시/군/구"
WLF00001067,장애아보육료지원,source_text,2026-07-28T13:39:22.126501+00:00,4,특수교육대상자 진단·평가 결과 통지서,,,4,전자바우처(바우처),2,"신청기관연락처목록: 거주지 읍/면/동 주민센터, 읍면동 또는 복지로 웹사이트(PC/모바일앱)에서 ‘서비스 신청’ 조사기관연락처목록: 담당 시/군/구청 또는 시군구에서 조사 및 심사 결정기관연락처목록: 담당 시/군/구"
WLF00001072,가정폭력·성폭력 등 폭력 피해자 무료법률지원,source_text,2026-07-28T13:39:22.126501+00:00,1,피해상담 사실 확인서,,,4,프로그램/서비스(서비스),1,조사기관연락처목록: 담당 시/군/구청 또는 무료법률지원기관에서 조사 및 심사 결정기관연락처목록: 담당 시/군/구청 또는 무료법률지원기관에서 보장 결정 지급기관연락처목록: 담당 시/군/구청 또는 무료법률지원기관에서 대
WLF00001072,가정폭력·성폭력 등 폭력 피해자 무료법률지원,source_text,2026-07-28T13:39:22.126501+00:00,2,진단서,,,4,프로그램/서비스(서비스),1,조사기관연락처목록: 담당 시/군/구청 또는 무료법률지원기관에서 조사 및 심사 결정기관연락처목록: 담당 시/군/구청 또는 무료법률지원기관에서 보장 결정 지급기관연락처목록: 담당 시/군/구청 또는 무료법률지원기관에서 대
WLF00001072,가정폭력·성폭력 등 폭력 피해자 무료법률지원,source_text,2026-07-28T13:39:22.126501+00:00,3,고소장 사본,,,4,프로그램/서비스(서비스),1,조사기관연락처목록: 담당 시/군/구청 또는 무료법률지원기관에서 조사 및 심사 결정기관연락처목록: 담당 시/군/구청 또는 무료법률지원기관에서 보장 결정 지급기관연락처목록: 담당 시/군/구청 또는 무료법률지원기관에서 대
WLF00001072,가정폭력·성폭력 등 폭력 피해자 무료법률지원,source_text,2026-07-28T13:39:22.126501+00:00,4,고소장 접수증명서,,,4,프로그램/서비스(서비스),1,조사기관연락처목록: 담당 시/군/구청 또는 무료법률지원기관에서 조사 및 심사 결정기관연락처목록: 담당 시/군/구청 또는 무료법률지원기관에서 보장 결정 지급기관연락처목록: 담당 시/군/구청 또는 무료법률지원기관에서 대
WLF00001086,특별현금급여(가족요양비),source_text,2026-07-28T13:39:22.126501+00:00,1,신분증,,,3,현금지급,0,"신청기관연락처목록: 거주지 읍/면/동 주민센터, 국민건강보험공단에서 ‘서비스 신청’ 조사기관연락처목록: 담당 시/군/구청 또는 국민건강보험공단에서 조사 및 심사 결정기관연락처목록: 담당 시/군/구청 또는 국민건강보험"
WLF00001086,특별현금급여(가족요양비),source_text,2026-07-28T13:39:22.126501+00:00,2,장애인등록증,https://www.gov.kr,certificate_issuance,3,현금지급,0,"신청기관연락처목록: 거주지 읍/면/동 주민센터, 국민건강보험공단에서 ‘서비스 신청’ 조사기관연락처목록: 담당 시/군/구청 또는 국민건강보험공단에서 조사 및 심사 결정기관연락처목록: 담당 시/군/구청 또는 국민건강보험"
WLF00001086,특별현금급여(가족요양비),source_text,2026-07-28T13:39:22.126501+00:00,3,진단서,,,3,현금지급,0,"신청기관연락처목록: 거주지 읍/면/동 주민센터, 국민건강보험공단에서 ‘서비스 신청’ 조사기관연락처목록: 담당 시/군/구청 또는 국민건강보험공단에서 조사 및 심사 결정기관연락처목록: 담당 시/군/구청 또는 국민건강보험"
WLF00001087,가사·간병 방문 지원사업,source_text,2026-07-28T13:39:22.126501+00:00,1,가사·간병 방문 지원 신청서,,,5,전자바우처(바우처),0,"신청기관연락처목록: 거주지 읍/면/동 주민센터, 읍면동 또는 복지로 웹사이트(PC/모바일앱)에서 ‘서비스 신청’ 조사기관연락처목록: 담당 시/군/구청 또는 시군구에서 조사 및 심사 조사기관연락처목록: 담당 시/군/구"
WLF00001087,가사·간병 방문 지원사업,source_text,2026-07-28T13:39:22.126501+00:00,2,신분증,,,5,전자바우처(바우처),0,"신청기관연락처목록: 거주지 읍/면/동 주민센터, 읍면동 또는 복지로 웹사이트(PC/모바일앱)에서 ‘서비스 신청’ 조사기관연락처목록: 담당 시/군/구청 또는 시군구에서 조사 및 심사 조사기관연락처목록: 담당 시/군/구"
WLF00001087,가사·간병 방문 지원사업,source_text,2026-07-28T13:39:22.126501+00:00,3,진단서,,,5,전자바우처(바우처),0,"신청기관연락처목록: 거주지 읍/면/동 주민센터, 읍면동 또는 복지로 웹사이트(PC/모바일앱)에서 ‘서비스 신청’ 조사기관연락처목록: 담당 시/군/구청 또는 시군구에서 조사 및 심사 조사기관연락처목록: 담당 시/군/구"
WLF00001087,가사·간병 방문 지원사업,source_text,2026-07-28T13:39:22.126501+00:00,4,소견서,,,5,전자바우처(바우처),0,"신청기관연락처목록: 거주지 읍/면/동 주민센터, 읍면동 또는 복지로 웹사이트(PC/모바일앱)에서 ‘서비스 신청’ 조사기관연락처목록: 담당 시/군/구청 또는 시군구에서 조사 및 심사 조사기관연락처목록: 담당 시/군/구"
WLF00001087,가사·간병 방문 지원사업,source_text,2026-07-28T13:39:22.126501+00:00,5,주민등록등본,https://www.gov.kr/mw/AA020InfoCappView.do?CappBizCD=13100000015,certificate_issuance,5,전자바우처(바우처),0,"신청기관연락처목록: 거주지 읍/면/동 주민센터, 읍면동 또는 복지로 웹사이트(PC/모바일앱)에서 ‘서비스 신청’ 조사기관연락처목록: 담당 시/군/구청 또는 시군구에서 조사 및 심사 조사기관연락처목록: 담당 시/군/구"
WLF00001091,국가유공자의료급여증발급,source_text,2026-07-28T13:39:22.126501+00:00,1,국가유공자 의료급여증 발급 신청서,,,5,프로그램/서비스(서비스),0,"신청기관연락처목록: 거주지 읍/면/동 주민센터, 보훈(지)청에서 ‘서비스 신청’ 조사기관연락처목록: 담당 시/군/구청 또는 시군구청에서 조사 및 심사 결정기관연락처목록: 담당 시/군/구청 또는 보훈(지)청에서 보장 "
WLF00001091,국가유공자의료급여증발급,source_text,2026-07-28T13:39:22.126501+00:00,2,신분증,,,5,프로그램/서비스(서비스),0,"신청기관연락처목록: 거주지 읍/면/동 주민센터, 보훈(지)청에서 ‘서비스 신청’ 조사기관연락처목록: 담당 시/군/구청 또는 시군구청에서 조사 및 심사 결정기관연락처목록: 담당 시/군/구청 또는 보훈(지)청에서 보장 "
WLF00001091,국가유공자의료급여증발급,source_text,2026-07-28T13:39:22.126501+00:00,3,주민등록등본,https://www.gov.kr/mw/AA020InfoCappView.do?CappBizCD=13100000015,certificate_issuance,5,프로그램/서비스(서비스),0,"신청기관연락처목록: 거주지 읍/면/동 주민센터, 보훈(지)청에서 ‘서비스 신청’ 조사기관연락처목록: 담당 시/군/구청 또는 시군구청에서 조사 및 심사 결정기관연락처목록: 담당 시/군/구청 또는 보훈(지)청에서 보장 "
WLF00001091,국가유공자의료급여증발급,source_text,2026-07-28T13:39:22.126501+00:00,4,소득금액증명원,https://www.hometax.go.kr,certificate_issuance,5,프로그램/서비스(서비스),0,"신청기관연락처목록: 거주지 읍/면/동 주민센터, 보훈(지)청에서 ‘서비스 신청’ 조사기관연락처목록: 담당 시/군/구청 또는 시군구청에서 조사 및 심사 결정기관연락처목록: 담당 시/군/구청 또는 보훈(지)청에서 보장 "
WLF00001091,국가유공자의료급여증발급,source_text,2026-07-28T13:39:22.126501+00:00,5,장애인등록증,https://www.gov.kr,certificate_issuance,5,프로그램/서비스(서비스),0,"신청기관연락처목록: 거주지 읍/면/동 주민센터, 보훈(지)청에서 ‘서비스 신청’ 조사기관연락처목록: 담당 시/군/구청 또는 시군구청에서 조사 및 심사 결정기관연락처목록: 담당 시/군/구청 또는 보훈(지)청에서 보장 "
WLF00001105,가정폭력피해자 치료회복 프로그램 및 의료비지원,source_text,2026-07-28T13:39:22.126501+00:00,1,신분증,,,3,프로그램/서비스(서비스),0,"조사기관연락처목록: 담당 시/군/구청 또는 각 기초자치단체에서 조사 및 심사 조사기관연락처목록: 담당 시/군/구청 또는 전국 가정폭력 상담소, 보호시설, 1366센터, 해바라기센터 등에서 조사 및 심사 결정기관연락처"
WLF00001105,가정폭력피해자 치료회복 프로그램 및 의료비지원,source_text,2026-07-28T13:39:22.126501+00:00,2,가정폭력피해자 치료회복 프로그램 및 의료비지원 신청서,,,3,프로그램/서비스(서비스),0,"조사기관연락처목록: 담당 시/군/구청 또는 각 기초자치단체에서 조사 및 심사 조사기관연락처목록: 담당 시/군/구청 또는 전국 가정폭력 상담소, 보호시설, 1366센터, 해바라기센터 등에서 조사 및 심사 결정기관연락처"
WLF00001105,가정폭력피해자 치료회복 프로그램 및 의료비지원,source_text,2026-07-28T13:39:22.126501+00:00,3,진단서,,,3,프로그램/서비스(서비스),0,"조사기관연락처목록: 담당 시/군/구청 또는 각 기초자치단체에서 조사 및 심사 조사기관연락처목록: 담당 시/군/구청 또는 전국 가정폭력 상담소, 보호시설, 1366센터, 해바라기센터 등에서 조사 및 심사 결정기관연락처"
WLF00001109,청소년한부모 아동양육 및 자립지원,source_text,2026-07-28T13:39:22.126501+00:00,1,청소년한부모 아동양육 및 자립지원 신청서,,,5,현금지급,0,"신청기관연락처목록: 거주지 읍/면/동 주민센터, 읍,면,동주민센터 또는 행정복지센터 또는 복지로 웹사이트(PC/모바일앱)에서 ‘서비스 신청’ 조사기관연락처목록: 담당 시/군/구청 또는 시군구에서 조사 및 심사 결정기"
WLF00001109,청소년한부모 아동양육 및 자립지원,source_text,2026-07-28T13:39:22.126501+00:00,2,신분증,,,5,현금지급,0,"신청기관연락처목록: 거주지 읍/면/동 주민센터, 읍,면,동주민센터 또는 행정복지센터 또는 복지로 웹사이트(PC/모바일앱)에서 ‘서비스 신청’ 조사기관연락처목록: 담당 시/군/구청 또는 시군구에서 조사 및 심사 결정기"
WLF00001109,청소년한부모 아동양육 및 자립지원,source_text,2026-07-28T13:39:22.126501+00:00,3,주민등록등본,https://www.gov.kr/mw/AA020InfoCappView.do?CappBizCD=13100000015,certificate_issuance,5,현금지급,0,"신청기관연락처목록: 거주지 읍/면/동 주민센터, 읍,면,동주민센터 또는 행정복지센터 또는 복지로 웹사이트(PC/모바일앱)에서 ‘서비스 신청’ 조사기관연락처목록: 담당 시/군/구청 또는 시군구에서 조사 및 심사 결정기"
WLF00001109,청소년한부모 아동양육 및 자립지원,source_text,2026-07-28T13:39:22.126501+00:00,4,한부모가족증명서,https://www.gov.kr/mw/AA020InfoCappView.do?CappBizCD=10601000001,certificate_issuance,5,현금지급,0,"신청기관연락처목록: 거주지 읍/면/동 주민센터, 읍,면,동주민센터 또는 행정복지센터 또는 복지로 웹사이트(PC/모바일앱)에서 ‘서비스 신청’ 조사기관연락처목록: 담당 시/군/구청 또는 시군구에서 조사 및 심사 결정기"
WLF00001109,청소년한부모 아동양육 및 자립지원,source_text,2026-07-28T13:39:22.126501+00:00,5,소득금액증명원,https://www.hometax.go.kr,certificate_issuance,5,현금지급,0,"신청기관연락처목록: 거주지 읍/면/동 주민센터, 읍,면,동주민센터 또는 행정복지센터 또는 복지로 웹사이트(PC/모바일앱)에서 ‘서비스 신청’ 조사기관연락처목록: 담당 시/군/구청 또는 시군구에서 조사 및 심사 결정기"
WLF00001131,국가보훈대상자 지원(수업료면제),source_text,2026-07-28T13:45:50.135552+00:00,1,외국교육기관 수업료등 보조금 지급 신청서,https://bokjiro.go.kr/ssis-tbu/CmmFileUtil/getDownload.do?atcflId=0410GOWF11GOWF110410&atcflSn=1,form_download,5,기타,2,"신청기관연락처목록: 거주지 읍/면/동 주민센터, 학교 주소지 관할 보훈관서에서 ‘서비스 신청’ 조사기관연락처목록: 담당 시/군/구청 또는 학교 주소지 관할 보훈관서에서 조사 및 심사 결정기관연락처목록: 담당 시/군/"
WLF00001131,국가보훈대상자 지원(수업료면제),source_text,2026-07-28T13:45:50.135552+00:00,2,교육지원신청서,,,5,기타,2,"신청기관연락처목록: 거주지 읍/면/동 주민센터, 학교 주소지 관할 보훈관서에서 ‘서비스 신청’ 조사기관연락처목록: 담당 시/군/구청 또는 학교 주소지 관할 보훈관서에서 조사 및 심사 결정기관연락처목록: 담당 시/군/"
WLF00001131,국가보훈대상자 지원(수업료면제),source_text,2026-07-28T13:45:50.135552+00:00,3,수업료 등 지급신청서,https://bokjiro.go.kr/ssis-tbu/CmmFileUtil/getDownload.do?atcflId=0410GOWF11GOWF110410&atcflSn=1,form_download,5,기타,2,"신청기관연락처목록: 거주지 읍/면/동 주민센터, 학교 주소지 관할 보훈관서에서 ‘서비스 신청’ 조사기관연락처목록: 담당 시/군/구청 또는 학교 주소지 관할 보훈관서에서 조사 및 심사 결정기관연락처목록: 담당 시/군/"
WLF00001131,국가보훈대상자 지원(수업료면제),source_text,2026-07-28T13:45:50.135552+00:00,4,교육지원대상자증명서,,,5,기타,2,"신청기관연락처목록: 거주지 읍/면/동 주민센터, 학교 주소지 관할 보훈관서에서 ‘서비스 신청’ 조사기관연락처목록: 담당 시/군/구청 또는 학교 주소지 관할 보훈관서에서 조사 및 심사 결정기관연락처목록: 담당 시/군/"
WLF00001131,국가보훈대상자 지원(수업료면제),source_text,2026-07-28T13:45:50.135552+00:00,5,대학수업료등면제대상자증명서,,,5,기타,2,"신청기관연락처목록: 거주지 읍/면/동 주민센터, 학교 주소지 관할 보훈관서에서 ‘서비스 신청’ 조사기관연락처목록: 담당 시/군/구청 또는 학교 주소지 관할 보훈관서에서 조사 및 심사 결정기관연락처목록: 담당 시/군/"
WLF00001145,디지털미디어 피해 청소년 회복 지원 사업(청소년 인터넷·스마트폰 과의존 치료비 지원),source_text,2026-07-28T13:45:50.135552+00:00,1,청소년 미디어 과의존 치유서비스 동의서,,,4,프로그램/서비스(서비스),2,"신청기관연락처목록: 거주지 읍/면/동 주민센터, 17개 시·도 청소년상담복지센터에서 ‘서비스 신청’ 조사기관연락처목록: 담당 시/군/구청 또는 17개 시·도청소년상담복지센터에서 조사 및 심사 결정기관연락처목록: 담당"
WLF00001145,디지털미디어 피해 청소년 회복 지원 사업(청소년 인터넷·스마트폰 과의존 치료비 지원),source_text,2026-07-28T13:45:50.135552+00:00,2,신분증,,,4,프로그램/서비스(서비스),2,"신청기관연락처목록: 거주지 읍/면/동 주민센터, 17개 시·도 청소년상담복지센터에서 ‘서비스 신청’ 조사기관연락처목록: 담당 시/군/구청 또는 17개 시·도청소년상담복지센터에서 조사 및 심사 결정기관연락처목록: 담당"
WLF00001145,디지털미디어 피해 청소년 회복 지원 사업(청소년 인터넷·스마트폰 과의존 치료비 지원),source_text,2026-07-28T13:45:50.135552+00:00,3,초･중･고교 교육급여 수급자 확인서,,,4,프로그램/서비스(서비스),2,"신청기관연락처목록: 거주지 읍/면/동 주민센터, 17개 시·도 청소년상담복지센터에서 ‘서비스 신청’ 조사기관연락처목록: 담당 시/군/구청 또는 17개 시·도청소년상담복지센터에서 조사 및 심사 결정기관연락처목록: 담당"
WLF00001145,디지털미디어 피해 청소년 회복 지원 사업(청소년 인터넷·스마트폰 과의존 치료비 지원),source_text,2026-07-28T13:45:50.135552+00:00,4,한부모가정 증명서,,,4,프로그램/서비스(서비스),2,"신청기관연락처목록: 거주지 읍/면/동 주민센터, 17개 시·도 청소년상담복지센터에서 ‘서비스 신청’ 조사기관연락처목록: 담당 시/군/구청 또는 17개 시·도청소년상담복지센터에서 조사 및 심사 결정기관연락처목록: 담당"
WLF00001213,장애인보조기기수리사업,source_text,2026-07-28T13:50:44.211560+00:00,1,장애인증명서,https://www.gov.kr,certificate_issuance,4,"현금지급, 프로그램/서비스(서비스)",1,"신청방법 : 보장구 - 케어런의료기에 신청 보청기 - 강북구수어통역센터에 신청필요서류 : 장애인증명서 또는 복지카드, 수급자·차상위 증명서"
WLF00001213,장애인보조기기수리사업,source_text,2026-07-28T13:50:44.211560+00:00,2,복지카드,,,4,"현금지급, 프로그램/서비스(서비스)",1,"신청방법 : 보장구 - 케어런의료기에 신청 보청기 - 강북구수어통역센터에 신청필요서류 : 장애인증명서 또는 복지카드, 수급자·차상위 증명서"
WLF00001213,장애인보조기기수리사업,source_text,2026-07-28T13:50:44.211560+00:00,3,수급자증명서,https://www.gov.kr/mw/AA020InfoCappView.do?CappBizCD=14600000280,certificate_issuance,4,"현금지급, 프로그램/서비스(서비스)",1,"신청방법 : 보장구 - 케어런의료기에 신청 보청기 - 강북구수어통역센터에 신청필요서류 : 장애인증명서 또는 복지카드, 수급자·차상위 증명서"
WLF00001213,장애인보조기기수리사업,source_text,2026-07-28T13:50:44.211560+00:00,4,차상위 증명서,,,4,"현금지급, 프로그램/서비스(서비스)",1,"신청방법 : 보장구 - 케어런의료기에 신청 보청기 - 강북구수어통역센터에 신청필요서류 : 장애인증명서 또는 복지카드, 수급자·차상위 증명서"
WLF00001218,저소득 중증장애인 교통비 지원,source_text,2026-07-28T13:50:44.211560+00:00,1,신분증,,,3,현금지급,1,주소지 관할 동 주민센터에 신청
WLF00001218,저소득 중증장애인 교통비 지원,source_text,2026-07-28T13:50:44.211560+00:00,2,장애인등록증,https://www.gov.kr,certificate_issuance,3,현금지급,1,주소지 관할 동 주민센터에 신청
WLF00001218,저소득 중증장애인 교통비 지원,source_text,2026-07-28T13:50:44.211560+00:00,3,수급자증명서,https://www.gov.kr/mw/AA020InfoCappView.do?CappBizCD=14600000280,certificate_issuance,3,현금지급,1,주소지 관할 동 주민센터에 신청
WLF00001341,청소년증발급,source_text,2026-07-28T13:50:44.211560+00:00,1,청소년증 발급신청서,,,7,기타,1,"발급대상 : 9세~18세이하의 청소년신청인 : 청소년 본인 및 대리인 - 친권자, 후견인 등 법정대리인 : 해당 청소년의 기본증명서를 통해 확인 가능 - 청소년기본법 제3조제6호의 시설에서 청소년을 실질적으로 보호하"
WLF00001341,청소년증발급,source_text,2026-07-28T13:50:44.211560+00:00,2,개인정보 제공 동의서,,,7,기타,1,"발급대상 : 9세~18세이하의 청소년신청인 : 청소년 본인 및 대리인 - 친권자, 후견인 등 법정대리인 : 해당 청소년의 기본증명서를 통해 확인 가능 - 청소년기본법 제3조제6호의 시설에서 청소년을 실질적으로 보호하"
WLF00001341,청소년증발급,source_text,2026-07-28T13:50:44.211560+00:00,3,신청인 사진,,,7,기타,1,"발급대상 : 9세~18세이하의 청소년신청인 : 청소년 본인 및 대리인 - 친권자, 후견인 등 법정대리인 : 해당 청소년의 기본증명서를 통해 확인 가능 - 청소년기본법 제3조제6호의 시설에서 청소년을 실질적으로 보호하"
WLF00001341,청소년증발급,source_text,2026-07-28T13:50:44.211560+00:00,4,대리인 신분증,,,7,기타,1,"발급대상 : 9세~18세이하의 청소년신청인 : 청소년 본인 및 대리인 - 친권자, 후견인 등 법정대리인 : 해당 청소년의 기본증명서를 통해 확인 가능 - 청소년기본법 제3조제6호의 시설에서 청소년을 실질적으로 보호하"
WLF00001341,청소년증발급,source_text,2026-07-28T13:50:44.211560+00:00,5,주민등록등본,https://www.gov.kr/mw/AA020InfoCappView.do?CappBizCD=13100000015,certificate_issuance,7,기타,1,"발급대상 : 9세~18세이하의 청소년신청인 : 청소년 본인 및 대리인 - 친권자, 후견인 등 법정대리인 : 해당 청소년의 기본증명서를 통해 확인 가능 - 청소년기본법 제3조제6호의 시설에서 청소년을 실질적으로 보호하"
WLF00001341,청소년증발급,source_text,2026-07-28T13:50:44.211560+00:00,6,가족관계증명서,https://efamily.scourt.go.kr,certificate_issuance,7,기타,1,"발급대상 : 9세~18세이하의 청소년신청인 : 청소년 본인 및 대리인 - 친권자, 후견인 등 법정대리인 : 해당 청소년의 기본증명서를 통해 확인 가능 - 청소년기본법 제3조제6호의 시설에서 청소년을 실질적으로 보호하"
WLF00001341,청소년증발급,source_text,2026-07-28T13:50:44.211560+00:00,7,기본증명서,https://efamily.scourt.go.kr,certificate_issuance,7,기타,1,"발급대상 : 9세~18세이하의 청소년신청인 : 청소년 본인 및 대리인 - 친권자, 후견인 등 법정대리인 : 해당 청소년의 기본증명서를 통해 확인 가능 - 청소년기본법 제3조제6호의 시설에서 청소년을 실질적으로 보호하"
WLF00001775,산모·신생아 건강관리 지원 확대(본인부담금 지원),source_text,2026-07-28T13:50:44.211560+00:00,1,산모·신생아 건강관리 본인부담금 지원 신청서,,,4,현금지급,1,"신청시기 : 산모신생아 건강관리 바우처 서비스 종료 후 3개월 이내신청서류 : 신청서, 서비스 본인부담금 영수증, 산모 명의 통장 사본신청방법 : 방문접수 또는 이메일접수"
WLF00001775,산모·신생아 건강관리 지원 확대(본인부담금 지원),source_text,2026-07-28T13:50:44.211560+00:00,2,서비스 본인부담금 영수증,,,4,현금지급,1,"신청시기 : 산모신생아 건강관리 바우처 서비스 종료 후 3개월 이내신청서류 : 신청서, 서비스 본인부담금 영수증, 산모 명의 통장 사본신청방법 : 방문접수 또는 이메일접수"
WLF00001775,산모·신생아 건강관리 지원 확대(본인부담금 지원),source_text,2026-07-28T13:50:44.211560+00:00,3,통장사본,,,4,현금지급,1,"신청시기 : 산모신생아 건강관리 바우처 서비스 종료 후 3개월 이내신청서류 : 신청서, 서비스 본인부담금 영수증, 산모 명의 통장 사본신청방법 : 방문접수 또는 이메일접수"
WLF00001775,산모·신생아 건강관리 지원 확대(본인부담금 지원),source_text,2026-07-28T13:50:44.211560+00:00,4,주민등록등본,https://www.gov.kr/mw/AA020InfoCappView.do?CappBizCD=13100000015,certificate_issuance,4,현금지급,1,"신청시기 : 산모신생아 건강관리 바우처 서비스 종료 후 3개월 이내신청서류 : 신청서, 서비스 본인부담금 영수증, 산모 명의 통장 사본신청방법 : 방문접수 또는 이메일접수"
WLF00001852,장애인 일자리 지원,source_text,2026-07-28T13:50:44.211560+00:00,1,장애인등록증,https://www.gov.kr,certificate_issuance,2,현금지급,1,동주민센터 접수
WLF00001852,장애인 일자리 지원,source_text,2026-07-28T13:50:44.211560+00:00,2,신분증,,,2,현금지급,1,동주민센터 접수
WLF00001876,장애인가정 출산지원금 지원사업,source_text,2026-07-28T13:50:44.211560+00:00,1,장애인가정 출산지원금 지원 신청서,https://www.bokjiro.go.kr/ssis-tbu/CmmFileUtil/siteQnaInfoDownload.do?atcflId=7024GOWF15GOWF157024&atcflSn=1,form_download,6,현금지급,1,"신생아 출생신고일로부터 1년 이내에 관할동 주민센터에 신청- 제출서류 : 신분증, 신청서, 출생증명서 또는 주민등록등본(가족관계증명서), 장애인 본인 명의 입금계좌 통장사본"
WLF00001876,장애인가정 출산지원금 지원사업,source_text,2026-07-28T13:50:44.211560+00:00,2,신분증,,,6,현금지급,1,"신생아 출생신고일로부터 1년 이내에 관할동 주민센터에 신청- 제출서류 : 신분증, 신청서, 출생증명서 또는 주민등록등본(가족관계증명서), 장애인 본인 명의 입금계좌 통장사본"
WLF00001876,장애인가정 출산지원금 지원사업,source_text,2026-07-28T13:50:44.211560+00:00,3,출생증명서,,,6,현금지급,1,"신생아 출생신고일로부터 1년 이내에 관할동 주민센터에 신청- 제출서류 : 신분증, 신청서, 출생증명서 또는 주민등록등본(가족관계증명서), 장애인 본인 명의 입금계좌 통장사본"
WLF00001876,장애인가정 출산지원금 지원사업,source_text,2026-07-28T13:50:44.211560+00:00,4,주민등록등본,https://www.gov.kr/mw/AA020InfoCappView.do?CappBizCD=13100000015,certificate_issuance,6,현금지급,1,"신생아 출생신고일로부터 1년 이내에 관할동 주민센터에 신청- 제출서류 : 신분증, 신청서, 출생증명서 또는 주민등록등본(가족관계증명서), 장애인 본인 명의 입금계좌 통장사본"
WLF00001876,장애인가정 출산지원금 지원사업,source_text,2026-07-28T13:50:44.211560+00:00,5,가족관계증명서,https://efamily.scourt.go.kr,certificate_issuance,6,현금지급,1,"신생아 출생신고일로부터 1년 이내에 관할동 주민센터에 신청- 제출서류 : 신분증, 신청서, 출생증명서 또는 주민등록등본(가족관계증명서), 장애인 본인 명의 입금계좌 통장사본"
WLF00001876,장애인가정 출산지원금 지원사업,source_text,2026-07-28T13:50:44.211560+00:00,6,통장사본,,,6,현금지급,1,"신생아 출생신고일로부터 1년 이내에 관할동 주민센터에 신청- 제출서류 : 신분증, 신청서, 출생증명서 또는 주민등록등본(가족관계증명서), 장애인 본인 명의 입금계좌 통장사본"
WLF00001894,강동구 국가보훈대상자 사망위로금 지급,source_text,2026-07-28T13:50:44.211560+00:00,1,사망위로금 신청서,,,3,현금지급,1,"1) 신청방법 : 동주민센터로 신청2) 필요서류: 사망위로금 신청서, 사망확인이 가능한 서류, 수당 수령받을 통장사본3) 지급시기 및 지급방법 - 지급개시일 : 사망위로금 신청일을 지급 개시일로 함 - 지급방법 : "
WLF00001894,강동구 국가보훈대상자 사망위로금 지급,source_text,2026-07-28T13:50:44.211560+00:00,2,사망확인서,,,3,현금지급,1,"1) 신청방법 : 동주민센터로 신청2) 필요서류: 사망위로금 신청서, 사망확인이 가능한 서류, 수당 수령받을 통장사본3) 지급시기 및 지급방법 - 지급개시일 : 사망위로금 신청일을 지급 개시일로 함 - 지급방법 : "
WLF00001894,강동구 국가보훈대상자 사망위로금 지급,source_text,2026-07-28T13:50:44.211560+00:00,3,통장사본,,,3,현금지급,1,"1) 신청방법 : 동주민센터로 신청2) 필요서류: 사망위로금 신청서, 사망확인이 가능한 서류, 수당 수령받을 통장사본3) 지급시기 및 지급방법 - 지급개시일 : 사망위로금 신청일을 지급 개시일로 함 - 지급방법 : "
WLF00001941,뇌병변장애인 신변처리용품 구입비 지원,source_text,2026-07-28T13:50:44.211560+00:00,1,신청서,,,8,현금지급,1,서류 구비 후 동주민센터 방문 신청- 공통 제출(*③~⑤는 행복e음에서 관련 정보 확인 시 제출 생략) ① 신청서 ② 개인정보제공 동의서*③ 통장 사본*④ 복지카드 또는 장애인증명서*⑤ 일상생활동작검사서가 첨부된 진
WLF00001941,뇌병변장애인 신변처리용품 구입비 지원,source_text,2026-07-28T13:50:44.211560+00:00,2,개인정보제공 동의서,,,8,현금지급,1,서류 구비 후 동주민센터 방문 신청- 공통 제출(*③~⑤는 행복e음에서 관련 정보 확인 시 제출 생략) ① 신청서 ② 개인정보제공 동의서*③ 통장 사본*④ 복지카드 또는 장애인증명서*⑤ 일상생활동작검사서가 첨부된 진
WLF00001941,뇌병변장애인 신변처리용품 구입비 지원,source_text,2026-07-28T13:50:44.211560+00:00,3,통장사본,,,8,현금지급,1,서류 구비 후 동주민센터 방문 신청- 공통 제출(*③~⑤는 행복e음에서 관련 정보 확인 시 제출 생략) ① 신청서 ② 개인정보제공 동의서*③ 통장 사본*④ 복지카드 또는 장애인증명서*⑤ 일상생활동작검사서가 첨부된 진
WLF00001941,뇌병변장애인 신변처리용품 구입비 지원,source_text,2026-07-28T13:50:44.211560+00:00,4,복지카드,,,8,현금지급,1,서류 구비 후 동주민센터 방문 신청- 공통 제출(*③~⑤는 행복e음에서 관련 정보 확인 시 제출 생략) ① 신청서 ② 개인정보제공 동의서*③ 통장 사본*④ 복지카드 또는 장애인증명서*⑤ 일상생활동작검사서가 첨부된 진
WLF00001941,뇌병변장애인 신변처리용품 구입비 지원,source_text,2026-07-28T13:50:44.211560+00:00,5,장애인증명서,https://www.gov.kr,certificate_issuance,8,현금지급,1,서류 구비 후 동주민센터 방문 신청- 공통 제출(*③~⑤는 행복e음에서 관련 정보 확인 시 제출 생략) ① 신청서 ② 개인정보제공 동의서*③ 통장 사본*④ 복지카드 또는 장애인증명서*⑤ 일상생활동작검사서가 첨부된 진
WLF00001941,뇌병변장애인 신변처리용품 구입비 지원,source_text,2026-07-28T13:50:44.211560+00:00,6,일상생활동작검사서가 첨부된 진단서,,,8,현금지급,1,서류 구비 후 동주민센터 방문 신청- 공통 제출(*③~⑤는 행복e음에서 관련 정보 확인 시 제출 생략) ① 신청서 ② 개인정보제공 동의서*③ 통장 사본*④ 복지카드 또는 장애인증명서*⑤ 일상생활동작검사서가 첨부된 진
WLF00001941,뇌병변장애인 신변처리용품 구입비 지원,source_text,2026-07-28T13:50:44.211560+00:00,7,일상생활동작검사서가 첨부된 소견서,,,8,현금지급,1,서류 구비 후 동주민센터 방문 신청- 공통 제출(*③~⑤는 행복e음에서 관련 정보 확인 시 제출 생략) ① 신청서 ② 개인정보제공 동의서*③ 통장 사본*④ 복지카드 또는 장애인증명서*⑤ 일상생활동작검사서가 첨부된 진
WLF00001941,뇌병변장애인 신변처리용품 구입비 지원,source_text,2026-07-28T13:50:44.211560+00:00,8,위임장,,,8,현금지급,1,서류 구비 후 동주민센터 방문 신청- 공통 제출(*③~⑤는 행복e음에서 관련 정보 확인 시 제출 생략) ① 신청서 ② 개인정보제공 동의서*③ 통장 사본*④ 복지카드 또는 장애인증명서*⑤ 일상생활동작검사서가 첨부된 진
WLF00002088,보훈예우수당,source_text,2026-07-28T13:50:44.211560+00:00,1,보훈예우수당 신청서,,,3,현금지급,1,1) 신청대상 : 보훈처 등록 국가보훈대상자로 은평구 1개월 이상 계속 거주자2) 신청서류 - 보훈예우수당 신청서 1부. - 국가보훈대상자 신분증 또는 확인서 1부. - 통장사본 1부.3)접 수 처 : 주민등록상 관
WLF00002088,보훈예우수당,source_text,2026-07-28T13:50:44.211560+00:00,2,국가보훈대상자 신분증 또는 확인서,,,3,현금지급,1,1) 신청대상 : 보훈처 등록 국가보훈대상자로 은평구 1개월 이상 계속 거주자2) 신청서류 - 보훈예우수당 신청서 1부. - 국가보훈대상자 신분증 또는 확인서 1부. - 통장사본 1부.3)접 수 처 : 주민등록상 관
WLF00002088,보훈예우수당,source_text,2026-07-28T13:50:44.211560+00:00,3,통장사본,,,3,현금지급,1,1) 신청대상 : 보훈처 등록 국가보훈대상자로 은평구 1개월 이상 계속 거주자2) 신청서류 - 보훈예우수당 신청서 1부. - 국가보훈대상자 신분증 또는 확인서 1부. - 통장사본 1부.3)접 수 처 : 주민등록상 관
WLF00002109,서울시 저소득 중증장애인 전세주택 제공사업,source_text,2026-07-28T13:50:44.211560+00:00,1,신분증,,,4,현금대여(융자),1,연초 거주지 동 주민센터에 방문신청
WLF00002109,서울시 저소득 중증장애인 전세주택 제공사업,source_text,2026-07-28T13:50:44.211560+00:00,2,장애인등록증,https://www.gov.kr,certificate_issuance,4,현금대여(융자),1,연초 거주지 동 주민센터에 방문신청
WLF00002109,서울시 저소득 중증장애인 전세주택 제공사업,source_text,2026-07-28T13:50:44.211560+00:00,3,수급자증명서,https://www.gov.kr/mw/AA020InfoCappView.do?CappBizCD=14600000280,certificate_issuance,4,현금대여(융자),1,연초 거주지 동 주민센터에 방문신청
WLF00002109,서울시 저소득 중증장애인 전세주택 제공사업,source_text,2026-07-28T13:50:44.211560+00:00,4,주민등록등본,https://www.gov.kr/mw/AA020InfoCappView.do?CappBizCD=13100000015,certificate_issuance,4,현금대여(융자),1,연초 거주지 동 주민센터에 방문신청
WLF00002135,청소년 건전육성,source_text,2026-07-28T13:50:44.211560+00:00,1,청소년증 발급 신청서,,,3,기타,1,신청장소 - 주소지와 관계없이 전국 읍/면/동 주민센터 첨부서류 - 청소년증 발급 신청서 - 사진1매(반명함판) - 대리를 증명할 수 있는 서류(대리인이 신청할 경우)
WLF00002135,청소년 건전육성,source_text,2026-07-28T13:50:44.211560+00:00,2,사진 1매(반명함판),,,3,기타,1,신청장소 - 주소지와 관계없이 전국 읍/면/동 주민센터 첨부서류 - 청소년증 발급 신청서 - 사진1매(반명함판) - 대리를 증명할 수 있는 서류(대리인이 신청할 경우)
WLF00002135,청소년 건전육성,source_text,2026-07-28T13:50:44.211560+00:00,3,대리를 증명할 수 있는 서류,,,3,기타,1,신청장소 - 주소지와 관계없이 전국 읍/면/동 주민센터 첨부서류 - 청소년증 발급 신청서 - 사진1매(반명함판) - 대리를 증명할 수 있는 서류(대리인이 신청할 경우)
WLF00002158,저소득주민 국민건강보험료 지원,source_text,2026-07-28T13:50:44.211560+00:00,1,건강보험 납부 고지서,,,2,기타,1,1) 신청방법 : 동 주민센터에 신청2) 신청서류 ; 건강보험 납부 고지서 지참
WLF00002158,저소득주민 국민건강보험료 지원,source_text,2026-07-28T13:50:44.211560+00:00,2,신분증,,,2,기타,1,1) 신청방법 : 동 주민센터에 신청2) 신청서류 ; 건강보험 납부 고지서 지참
WLF00002168,장난감도서관 운영,source_text,2026-07-28T13:50:44.211560+00:00,1,주민등록등본,https://www.gov.kr/mw/AA020InfoCappView.do?CappBizCD=13100000015,certificate_issuance,2,현물대여,1,"각 호점에 방문하여 회원가입(연회비 1만원) 후 장난감 대여- 1호점(중화2동, 중랑역로3길 28) 436-3670- 2호점(면목5동, 동일로 591) 439-6700- 3호점(신내1동, 신내역로1길 142) 342"
WLF00002168,장난감도서관 운영,source_text,2026-07-28T13:50:44.211560+00:00,2,직장주소 확인서류,,,2,현물대여,1,"각 호점에 방문하여 회원가입(연회비 1만원) 후 장난감 대여- 1호점(중화2동, 중랑역로3길 28) 436-3670- 2호점(면목5동, 동일로 591) 439-6700- 3호점(신내1동, 신내역로1길 142) 342"
WLF00002206,참전유공자 사망위로금 지원,source_text,2026-07-28T13:55:45.159455+00:00,1,사망진단서,,,4,현금지급,1,"거주 읍면동 주민센터에서 직접 신청- 사망인의 사망진단서, 말소자 초본, 신청인의 신분증, 통장 제출, 신청"
WLF00002206,참전유공자 사망위로금 지원,source_text,2026-07-28T13:55:45.159455+00:00,2,말소자 초본,,,4,현금지급,1,"거주 읍면동 주민센터에서 직접 신청- 사망인의 사망진단서, 말소자 초본, 신청인의 신분증, 통장 제출, 신청"
WLF00002206,참전유공자 사망위로금 지원,source_text,2026-07-28T13:55:45.159455+00:00,3,신분증,,,4,현금지급,1,"거주 읍면동 주민센터에서 직접 신청- 사망인의 사망진단서, 말소자 초본, 신청인의 신분증, 통장 제출, 신청"
WLF00002206,참전유공자 사망위로금 지원,source_text,2026-07-28T13:55:45.159455+00:00,4,통장사본,,,4,현금지급,1,"거주 읍면동 주민센터에서 직접 신청- 사망인의 사망진단서, 말소자 초본, 신청인의 신분증, 통장 제출, 신청"
WLF00002207,출산지원 사업(다자녀 출산용품교환권),source_text,2026-07-28T13:55:45.159455+00:00,1,행복출산원스톱통합처리신청서,,,4,실물바우처,1,1) 신청방법 : 동주민센터에 신청(구청접수 불가) ○ 신청시 구비서류 - 행복출산원스톱통합처리신청서 또는 출산양육지원신청서(동주민센터에 비치)중 택일 - 부모 명의 통장 사본 1부 - 방문하는 부모(보호자) 신분증
WLF00002207,출산지원 사업(다자녀 출산용품교환권),source_text,2026-07-28T13:55:45.159455+00:00,2,출산양육지원신청서,,,4,실물바우처,1,1) 신청방법 : 동주민센터에 신청(구청접수 불가) ○ 신청시 구비서류 - 행복출산원스톱통합처리신청서 또는 출산양육지원신청서(동주민센터에 비치)중 택일 - 부모 명의 통장 사본 1부 - 방문하는 부모(보호자) 신분증
WLF00002207,출산지원 사업(다자녀 출산용품교환권),source_text,2026-07-28T13:55:45.159455+00:00,3,통장사본,,,4,실물바우처,1,1) 신청방법 : 동주민센터에 신청(구청접수 불가) ○ 신청시 구비서류 - 행복출산원스톱통합처리신청서 또는 출산양육지원신청서(동주민센터에 비치)중 택일 - 부모 명의 통장 사본 1부 - 방문하는 부모(보호자) 신분증
WLF00002207,출산지원 사업(다자녀 출산용품교환권),source_text,2026-07-28T13:55:45.159455+00:00,4,신분증,,,4,실물바우처,1,1) 신청방법 : 동주민센터에 신청(구청접수 불가) ○ 신청시 구비서류 - 행복출산원스톱통합처리신청서 또는 출산양육지원신청서(동주민센터에 비치)중 택일 - 부모 명의 통장 사본 1부 - 방문하는 부모(보호자) 신분증
WLF00002249,장애인가정 출산지원금 지급,source_text,2026-07-28T13:55:45.159455+00:00,1,장애인가정 출산지원금 신청서,https://www.bokjiro.go.kr/ssis-tbu/CmmFileUtil/siteQnaInfoDownload.do?atcflId=5759GOWF16GOWF165759&atcflSn=1,form_download,3,현금지급,1,"- 신청자격 : 출산한 장애인가정의 부 또는 모- 신청장소 : 관할 동 주민센터- 제출서류 : 장애인가정 출산지원금 신청서, 통장사본, 개인정보 제공 및 활용 동의서 (출산 및 장애인 여부 확인 서류는 신청시 동 주"
WLF00002249,장애인가정 출산지원금 지급,source_text,2026-07-28T13:55:45.159455+00:00,2,통장사본,,,3,현금지급,1,"- 신청자격 : 출산한 장애인가정의 부 또는 모- 신청장소 : 관할 동 주민센터- 제출서류 : 장애인가정 출산지원금 신청서, 통장사본, 개인정보 제공 및 활용 동의서 (출산 및 장애인 여부 확인 서류는 신청시 동 주"
WLF00002249,장애인가정 출산지원금 지급,source_text,2026-07-28T13:55:45.159455+00:00,3,개인정보 제공 및 활용 동의서,,,3,현금지급,1,"- 신청자격 : 출산한 장애인가정의 부 또는 모- 신청장소 : 관할 동 주민센터- 제출서류 : 장애인가정 출산지원금 신청서, 통장사본, 개인정보 제공 및 활용 동의서 (출산 및 장애인 여부 확인 서류는 신청시 동 주"
WLF00002255,서울형 주택바우처(저소득층 주택임대료 보조),source_text,2026-07-28T13:55:45.159455+00:00,1,신분증,,,4,현금지급,1,1. 주소지 자치구 또는 동 주민센터 상담을 통해 신청 가능2. 조사체계 - 신청(상담) [동주민센터]→ 조사(주택 및 소득·재산 등) [자치구청] → 결정(적합 또는 부적합) [자치구청] → 지급[자치구청]
WLF00002255,서울형 주택바우처(저소득층 주택임대료 보조),source_text,2026-07-28T13:55:45.159455+00:00,2,임대차계약서 사본,,,4,현금지급,1,1. 주소지 자치구 또는 동 주민센터 상담을 통해 신청 가능2. 조사체계 - 신청(상담) [동주민센터]→ 조사(주택 및 소득·재산 등) [자치구청] → 결정(적합 또는 부적합) [자치구청] → 지급[자치구청]
WLF00002255,서울형 주택바우처(저소득층 주택임대료 보조),source_text,2026-07-28T13:55:45.159455+00:00,3,주민등록등본,https://www.gov.kr/mw/AA020InfoCappView.do?CappBizCD=13100000015,certificate_issuance,4,현금지급,1,1. 주소지 자치구 또는 동 주민센터 상담을 통해 신청 가능2. 조사체계 - 신청(상담) [동주민센터]→ 조사(주택 및 소득·재산 등) [자치구청] → 결정(적합 또는 부적합) [자치구청] → 지급[자치구청]
WLF00002255,서울형 주택바우처(저소득층 주택임대료 보조),source_text,2026-07-28T13:55:45.159455+00:00,4,소득금액증명원,https://www.hometax.go.kr,certificate_issuance,4,현금지급,1,1. 주소지 자치구 또는 동 주민센터 상담을 통해 신청 가능2. 조사체계 - 신청(상담) [동주민센터]→ 조사(주택 및 소득·재산 등) [자치구청] → 결정(적합 또는 부적합) [자치구청] → 지급[자치구청]
WLF00002396,국민기초생활보장사업 지원,source_text,2026-07-28T13:55:45.159455+00:00,1,신분증,,,3,현금지급,1,
WLF00002396,국민기초생활보장사업 지원,source_text,2026-07-28T13:55:45.159455+00:00,2,소득금액증명원,https://www.hometax.go.kr,certificate_issuance,3,현금지급,1,
WLF00002396,국민기초생활보장사업 지원,source_text,2026-07-28T13:55:45.159455+00:00,3,수급자증명서,https://www.gov.kr/mw/AA020InfoCappView.do?CappBizCD=14600000280,certificate_issuance,3,현금지급,1,
WLF00002418,셋째아가정 산후 건강관리 지원사업,source_text,2026-07-28T13:55:45.159455+00:00,1,신청서,,,7,현금지급,1,"-신청기간 : 산모신생아 건강관리 서비스(바우처) 이용후 30일 이내-신청장소:은평구보건소 건강증진과(5층)-제출서류: 신청서, 산모신생아건강관리지원서비스 이용확인서, 서비스 제공기록지, 본인부담금 납부 영수증, 주"
WLF00002418,셋째아가정 산후 건강관리 지원사업,source_text,2026-07-28T13:55:45.159455+00:00,2,산모신생아건강관리지원서비스 이용확인서,,,7,현금지급,1,"-신청기간 : 산모신생아 건강관리 서비스(바우처) 이용후 30일 이내-신청장소:은평구보건소 건강증진과(5층)-제출서류: 신청서, 산모신생아건강관리지원서비스 이용확인서, 서비스 제공기록지, 본인부담금 납부 영수증, 주"
WLF00002418,셋째아가정 산후 건강관리 지원사업,source_text,2026-07-28T13:55:45.159455+00:00,3,서비스 제공기록지,,,7,현금지급,1,"-신청기간 : 산모신생아 건강관리 서비스(바우처) 이용후 30일 이내-신청장소:은평구보건소 건강증진과(5층)-제출서류: 신청서, 산모신생아건강관리지원서비스 이용확인서, 서비스 제공기록지, 본인부담금 납부 영수증, 주"
WLF00002418,셋째아가정 산후 건강관리 지원사업,source_text,2026-07-28T13:55:45.159455+00:00,4,본인부담금 납부 영수증,,,7,현금지급,1,"-신청기간 : 산모신생아 건강관리 서비스(바우처) 이용후 30일 이내-신청장소:은평구보건소 건강증진과(5층)-제출서류: 신청서, 산모신생아건강관리지원서비스 이용확인서, 서비스 제공기록지, 본인부담금 납부 영수증, 주"
WLF00002418,셋째아가정 산후 건강관리 지원사업,source_text,2026-07-28T13:55:45.159455+00:00,5,주민등록등본,https://www.gov.kr/mw/AA020InfoCappView.do?CappBizCD=13100000015,certificate_issuance,7,현금지급,1,"-신청기간 : 산모신생아 건강관리 서비스(바우처) 이용후 30일 이내-신청장소:은평구보건소 건강증진과(5층)-제출서류: 신청서, 산모신생아건강관리지원서비스 이용확인서, 서비스 제공기록지, 본인부담금 납부 영수증, 주"
WLF00002418,셋째아가정 산후 건강관리 지원사업,source_text,2026-07-28T13:55:45.159455+00:00,6,신분증,,,7,현금지급,1,"-신청기간 : 산모신생아 건강관리 서비스(바우처) 이용후 30일 이내-신청장소:은평구보건소 건강증진과(5층)-제출서류: 신청서, 산모신생아건강관리지원서비스 이용확인서, 서비스 제공기록지, 본인부담금 납부 영수증, 주"
WLF00002418,셋째아가정 산후 건강관리 지원사업,source_text,2026-07-28T13:55:45.159455+00:00,7,통장사본,,,7,현금지급,1,"-신청기간 : 산모신생아 건강관리 서비스(바우처) 이용후 30일 이내-신청장소:은평구보건소 건강증진과(5층)-제출서류: 신청서, 산모신생아건강관리지원서비스 이용확인서, 서비스 제공기록지, 본인부담금 납부 영수증, 주"
WLF00002441,입양아동 가족지원 (입양축하금),source_text,2026-07-28T13:55:45.159455+00:00,1,신분증,,,3,현금지급,1,"1) 신청기간 : 입양 후 60일 이내에 구청으로 직접신청 2) 필요서류 : 신분증, 입양기관에서 발급한 입양사실확인서 1부, 통장사본 1부 3) 지급시기 및 지급방법 - 지급개시일 : 매달 20일 전후 입금 - 지"
WLF00002441,입양아동 가족지원 (입양축하금),source_text,2026-07-28T13:55:45.159455+00:00,2,입양사실확인서,,,3,현금지급,1,"1) 신청기간 : 입양 후 60일 이내에 구청으로 직접신청 2) 필요서류 : 신분증, 입양기관에서 발급한 입양사실확인서 1부, 통장사본 1부 3) 지급시기 및 지급방법 - 지급개시일 : 매달 20일 전후 입금 - 지"
WLF00002441,입양아동 가족지원 (입양축하금),source_text,2026-07-28T13:55:45.159455+00:00,3,통장사본,,,3,현금지급,1,"1) 신청기간 : 입양 후 60일 이내에 구청으로 직접신청 2) 필요서류 : 신분증, 입양기관에서 발급한 입양사실확인서 1부, 통장사본 1부 3) 지급시기 및 지급방법 - 지급개시일 : 매달 20일 전후 입금 - 지"
WLF00002445,국가유공자위문,source_text,2026-07-28T13:55:45.159455+00:00,1,국가유공자증,,,2,현금지급,1,"1) 신청방법 - 거주지 동 주민센터에 신청(국가유공(유족)자증, 통장사본 제출)2) 지급시기 및 지급방법 - 지급개시일 : 신청한 달부터 지급 - 지급방법: 개인별 신청 계좌 입금"
WLF00002445,국가유공자위문,source_text,2026-07-28T13:55:45.159455+00:00,2,통장사본,,,2,현금지급,1,"1) 신청방법 - 거주지 동 주민센터에 신청(국가유공(유족)자증, 통장사본 제출)2) 지급시기 및 지급방법 - 지급개시일 : 신청한 달부터 지급 - 지급방법: 개인별 신청 계좌 입금"
WLF00002471,서초구 기초수급자 이사지원,source_text,2026-07-28T13:55:45.159455+00:00,1,기초수급자 이사지원 신청서,https://www.bokjiro.go.kr/ssis-tbu/CmmFileUtil/siteQnaInfoDownload.do?atcflId=20230727UUWBM0959500044404241&atcflSn=1,form_download,5,현금지급,2,■ 신청방법 : 대상자가 해당년도 내에 이사업체 통해 관내(서초구에서 서초구) 이사완료 후 전입신고한 동주민센터에서 신청 ■ 지원시기 및 지원조건 · 지원시기 : 신청 후 15일 내에 지원 · 지원조건 ① 해당년도 
WLF00002471,서초구 기초수급자 이사지원,source_text,2026-07-28T13:55:45.159455+00:00,2,전입지 임차계약서 사본,,,5,현금지급,2,■ 신청방법 : 대상자가 해당년도 내에 이사업체 통해 관내(서초구에서 서초구) 이사완료 후 전입신고한 동주민센터에서 신청 ■ 지원시기 및 지원조건 · 지원시기 : 신청 후 15일 내에 지원 · 지원조건 ① 해당년도 
WLF00002471,서초구 기초수급자 이사지원,source_text,2026-07-28T13:55:45.159455+00:00,3,이사비용 증빙서류 사본,,,5,현금지급,2,■ 신청방법 : 대상자가 해당년도 내에 이사업체 통해 관내(서초구에서 서초구) 이사완료 후 전입신고한 동주민센터에서 신청 ■ 지원시기 및 지원조건 · 지원시기 : 신청 후 15일 내에 지원 · 지원조건 ① 해당년도 
WLF00002471,서초구 기초수급자 이사지원,source_text,2026-07-28T13:55:45.159455+00:00,4,신분증,,,5,현금지급,2,■ 신청방법 : 대상자가 해당년도 내에 이사업체 통해 관내(서초구에서 서초구) 이사완료 후 전입신고한 동주민센터에서 신청 ■ 지원시기 및 지원조건 · 지원시기 : 신청 후 15일 내에 지원 · 지원조건 ① 해당년도 
WLF00002471,서초구 기초수급자 이사지원,source_text,2026-07-28T13:55:45.159455+00:00,5,주민등록등본,https://www.gov.kr/mw/AA020InfoCappView.do?CappBizCD=13100000015,certificate_issuance,5,현금지급,2,■ 신청방법 : 대상자가 해당년도 내에 이사업체 통해 관내(서초구에서 서초구) 이사완료 후 전입신고한 동주민센터에서 신청 ■ 지원시기 및 지원조건 · 지원시기 : 신청 후 15일 내에 지원 · 지원조건 ① 해당년도 
WLF00002496,보훈위문금 지급,source_text,2026-07-28T13:55:45.159455+00:00,1,국가유공자증 사본,,,3,현금지급,1,"1) 신청방법 : 동주민센터에 신청서(국가유공자증 사본, 통장사본 포함) 자필 작성 제출2) 지급시기 및 지급방법 - 지급개시일 : 신청 익월 말 지급(신청월 소급 지급) - 지급방법 : 수급자 은행계좌 개별 입금"
WLF00002496,보훈위문금 지급,source_text,2026-07-28T13:55:45.159455+00:00,2,통장사본,,,3,현금지급,1,"1) 신청방법 : 동주민센터에 신청서(국가유공자증 사본, 통장사본 포함) 자필 작성 제출2) 지급시기 및 지급방법 - 지급개시일 : 신청 익월 말 지급(신청월 소급 지급) - 지급방법 : 수급자 은행계좌 개별 입금"
WLF00002496,보훈위문금 지급,source_text,2026-07-28T13:55:45.159455+00:00,3,신청서,,,3,현금지급,1,"1) 신청방법 : 동주민센터에 신청서(국가유공자증 사본, 통장사본 포함) 자필 작성 제출2) 지급시기 및 지급방법 - 지급개시일 : 신청 익월 말 지급(신청월 소급 지급) - 지급방법 : 수급자 은행계좌 개별 입금"
WLF00002497,산후건강관리비용 지원,source_text,2026-07-28T14:00:56.236617+00:00,1,신분증,,,6,현금지급,1,산모신생아 건강관리 지원 서비스 이용 후 증빙서류 지참하여 보건소 1층 의료비지원실 방문 또는 정부24(온라인) 신청- 신청기간 : 출생일 기준 1년 이내 신청(산모신생아 건강관리 지원 서비스 이용 완료 후 신청 가
WLF00002497,산후건강관리비용 지원,source_text,2026-07-28T14:00:56.236617+00:00,2,통장사본,,,6,현금지급,1,산모신생아 건강관리 지원 서비스 이용 후 증빙서류 지참하여 보건소 1층 의료비지원실 방문 또는 정부24(온라인) 신청- 신청기간 : 출생일 기준 1년 이내 신청(산모신생아 건강관리 지원 서비스 이용 완료 후 신청 가
WLF00002497,산후건강관리비용 지원,source_text,2026-07-28T14:00:56.236617+00:00,3,서비스제공기관 이용계약서,,,6,현금지급,1,산모신생아 건강관리 지원 서비스 이용 후 증빙서류 지참하여 보건소 1층 의료비지원실 방문 또는 정부24(온라인) 신청- 신청기간 : 출생일 기준 1년 이내 신청(산모신생아 건강관리 지원 서비스 이용 완료 후 신청 가
WLF00002497,산후건강관리비용 지원,source_text,2026-07-28T14:00:56.236617+00:00,4,비용납부영수증,,,6,현금지급,1,산모신생아 건강관리 지원 서비스 이용 후 증빙서류 지참하여 보건소 1층 의료비지원실 방문 또는 정부24(온라인) 신청- 신청기간 : 출생일 기준 1년 이내 신청(산모신생아 건강관리 지원 서비스 이용 완료 후 신청 가
WLF00002497,산후건강관리비용 지원,source_text,2026-07-28T14:00:56.236617+00:00,5,서비스 제공기록지,,,6,현금지급,1,산모신생아 건강관리 지원 서비스 이용 후 증빙서류 지참하여 보건소 1층 의료비지원실 방문 또는 정부24(온라인) 신청- 신청기간 : 출생일 기준 1년 이내 신청(산모신생아 건강관리 지원 서비스 이용 완료 후 신청 가
WLF00002497,산후건강관리비용 지원,source_text,2026-07-28T14:00:56.236617+00:00,6,산모신생아 건강관리 지원 서비스 본인부담금 결제 증빙자료,,,6,현금지급,1,산모신생아 건강관리 지원 서비스 이용 후 증빙서류 지참하여 보건소 1층 의료비지원실 방문 또는 정부24(온라인) 신청- 신청기간 : 출생일 기준 1년 이내 신청(산모신생아 건강관리 지원 서비스 이용 완료 후 신청 가
WLF00002498,저소득주민 국민건강보험료 지원,source_text,2026-07-28T14:00:56.236617+00:00,1,저소득 건강보험료 지원신청서,https://www.bokjiro.go.kr/ssis-tbu/CmmFileUtil/siteQnaInfoDownload.do?atcflId=3210GOWF16GOWF163210&atcflSn=1,form_download,5,기타,1,"1) 신청방법 : 동주민센터로 저소득주민 국민건강보험료 지원 신청2) 제출서류 : 저소득 건강보험료 지원신청서, 건강보험료 납부고지서 또는 영수증 3) 지급시기 및 지급방법 - 지급개시일 : 매월 25일까지 동에서 "
WLF00002498,저소득주민 국민건강보험료 지원,source_text,2026-07-28T14:00:56.236617+00:00,2,건강보험료 납부고지서 또는 영수증,,,5,기타,1,"1) 신청방법 : 동주민센터로 저소득주민 국민건강보험료 지원 신청2) 제출서류 : 저소득 건강보험료 지원신청서, 건강보험료 납부고지서 또는 영수증 3) 지급시기 및 지급방법 - 지급개시일 : 매월 25일까지 동에서 "
WLF00002498,저소득주민 국민건강보험료 지원,source_text,2026-07-28T14:00:56.236617+00:00,3,신분증,,,5,기타,1,"1) 신청방법 : 동주민센터로 저소득주민 국민건강보험료 지원 신청2) 제출서류 : 저소득 건강보험료 지원신청서, 건강보험료 납부고지서 또는 영수증 3) 지급시기 및 지급방법 - 지급개시일 : 매월 25일까지 동에서 "
WLF00002498,저소득주민 국민건강보험료 지원,source_text,2026-07-28T14:00:56.236617+00:00,4,주민등록등본,https://www.gov.kr/mw/AA020InfoCappView.do?CappBizCD=13100000015,certificate_issuance,5,기타,1,"1) 신청방법 : 동주민센터로 저소득주민 국민건강보험료 지원 신청2) 제출서류 : 저소득 건강보험료 지원신청서, 건강보험료 납부고지서 또는 영수증 3) 지급시기 및 지급방법 - 지급개시일 : 매월 25일까지 동에서 "
WLF00002498,저소득주민 국민건강보험료 지원,source_text,2026-07-28T14:00:56.236617+00:00,5,장애인등록증,https://www.gov.kr,certificate_issuance,5,기타,1,"1) 신청방법 : 동주민센터로 저소득주민 국민건강보험료 지원 신청2) 제출서류 : 저소득 건강보험료 지원신청서, 건강보험료 납부고지서 또는 영수증 3) 지급시기 및 지급방법 - 지급개시일 : 매월 25일까지 동에서 "
WLF00002514,보훈대상자 위문금,source_text,2026-07-28T14:00:56.236617+00:00,1,국가유공자 확인 서류 사본,,,6,현금지급,1,"1) 방문신청 : 주소지 주민센터 2) 우편신청 : 성북구청 복지정책과(성북구 보문로 168) 3) 팩스신청 : 02-2241-6526, 6527 (팩스발송후 전화 확인필수 02-2241-2306) * 구비서류 : "
WLF00002514,보훈대상자 위문금,source_text,2026-07-28T14:00:56.236617+00:00,2,통장사본,,,6,현금지급,1,"1) 방문신청 : 주소지 주민센터 2) 우편신청 : 성북구청 복지정책과(성북구 보문로 168) 3) 팩스신청 : 02-2241-6526, 6527 (팩스발송후 전화 확인필수 02-2241-2306) * 구비서류 : "
WLF00002514,보훈대상자 위문금,source_text,2026-07-28T14:00:56.236617+00:00,3,사망위로금 지급 신청서,https://www.bokjiro.go.kr/ssis-tbu/CmmFileUtil/siteQnaInfoDownload.do?atcflId=20220822TTWAT1008300001315440&atcflSn=1,form_download,6,현금지급,1,"1) 방문신청 : 주소지 주민센터 2) 우편신청 : 성북구청 복지정책과(성북구 보문로 168) 3) 팩스신청 : 02-2241-6526, 6527 (팩스발송후 전화 확인필수 02-2241-2306) * 구비서류 : "
WLF00002514,보훈대상자 위문금,source_text,2026-07-28T14:00:56.236617+00:00,4,사망확인 서류,,,6,현금지급,1,"1) 방문신청 : 주소지 주민센터 2) 우편신청 : 성북구청 복지정책과(성북구 보문로 168) 3) 팩스신청 : 02-2241-6526, 6527 (팩스발송후 전화 확인필수 02-2241-2306) * 구비서류 : "
WLF00002514,보훈대상자 위문금,source_text,2026-07-28T14:00:56.236617+00:00,5,신청인 관계 확인 서류,,,6,현금지급,1,"1) 방문신청 : 주소지 주민센터 2) 우편신청 : 성북구청 복지정책과(성북구 보문로 168) 3) 팩스신청 : 02-2241-6526, 6527 (팩스발송후 전화 확인필수 02-2241-2306) * 구비서류 : "
WLF00002514,보훈대상자 위문금,source_text,2026-07-28T14:00:56.236617+00:00,6,참전유공자증 사본,,,6,현금지급,1,"1) 방문신청 : 주소지 주민센터 2) 우편신청 : 성북구청 복지정책과(성북구 보문로 168) 3) 팩스신청 : 02-2241-6526, 6527 (팩스발송후 전화 확인필수 02-2241-2306) * 구비서류 : "
WLF00002518,구립중림어르신데이케어센터 운영,source_text,2026-07-28T14:00:56.236617+00:00,1,신분증,,,2,프로그램/서비스(서비스),1,"장기요양보험신청(국민건강보험공단) → 등급판정 → 시설에 이용문의재가급여 장기요양 등급별 이용한도액(2026년도 기준)-1등급 2,512,900원, 2등급 2,331,200원, 3등급 1,528,200원, 4등급 1"
WLF00002518,구립중림어르신데이케어센터 운영,source_text,2026-07-28T14:00:56.236617+00:00,2,장기요양인정서,,,2,프로그램/서비스(서비스),1,"장기요양보험신청(국민건강보험공단) → 등급판정 → 시설에 이용문의재가급여 장기요양 등급별 이용한도액(2026년도 기준)-1등급 2,512,900원, 2등급 2,331,200원, 3등급 1,528,200원, 4등급 1"
WLF00002607,장애인가정 출산지원금 지원,source_text,2026-07-28T14:00:56.236617+00:00,1,신분증,,,4,현금지급,1,"□ 신청방법 ○ 신청기간: 수시 접수 ○ 신청권자: 장애인 본인 또는 그 가족 ※ 대리신청인 범위: 장애인의 배우자, 직계혈족, 형제·자매 ○ 신청접수기관: 장애인의 주민등록지를 관할하는 동주민센터 ○ 신청방법 : "
WLF00002607,장애인가정 출산지원금 지원,source_text,2026-07-28T14:00:56.236617+00:00,2,장애인가정 출산지원금 신청서,,,4,현금지급,1,"□ 신청방법 ○ 신청기간: 수시 접수 ○ 신청권자: 장애인 본인 또는 그 가족 ※ 대리신청인 범위: 장애인의 배우자, 직계혈족, 형제·자매 ○ 신청접수기관: 장애인의 주민등록지를 관할하는 동주민센터 ○ 신청방법 : "
WLF00002607,장애인가정 출산지원금 지원,source_text,2026-07-28T14:00:56.236617+00:00,3,주민등록등본,https://www.gov.kr/mw/AA020InfoCappView.do?CappBizCD=13100000015,certificate_issuance,4,현금지급,1,"□ 신청방법 ○ 신청기간: 수시 접수 ○ 신청권자: 장애인 본인 또는 그 가족 ※ 대리신청인 범위: 장애인의 배우자, 직계혈족, 형제·자매 ○ 신청접수기관: 장애인의 주민등록지를 관할하는 동주민센터 ○ 신청방법 : "
WLF00002607,장애인가정 출산지원금 지원,source_text,2026-07-28T14:00:56.236617+00:00,4,통장사본,,,4,현금지급,1,"□ 신청방법 ○ 신청기간: 수시 접수 ○ 신청권자: 장애인 본인 또는 그 가족 ※ 대리신청인 범위: 장애인의 배우자, 직계혈족, 형제·자매 ○ 신청접수기관: 장애인의 주민등록지를 관할하는 동주민센터 ○ 신청방법 : "
WLF00002618,저소득주민 국민건강보험료 등 지원,source_text,2026-07-28T14:00:56.236617+00:00,1,저소득주민 국민건강보험료 등 지원 신청서,,,3,현금지급,1,"1) 신청방법 : 거주지 동주민센터로 저소득주민 국민건강보험료 지원 신청2) 신청서류 : 저소득주민 국민건강보험료 등 지원 신청서 1부, 고지서 사본 또는 납부확인서 1부. 신분증 사본 1부.3) 지급시기 및 지급방"
WLF00002618,저소득주민 국민건강보험료 등 지원,source_text,2026-07-28T14:00:56.236617+00:00,2,고지서 사본 또는 납부확인서,,,3,현금지급,1,"1) 신청방법 : 거주지 동주민센터로 저소득주민 국민건강보험료 지원 신청2) 신청서류 : 저소득주민 국민건강보험료 등 지원 신청서 1부, 고지서 사본 또는 납부확인서 1부. 신분증 사본 1부.3) 지급시기 및 지급방"
WLF00002618,저소득주민 국민건강보험료 등 지원,source_text,2026-07-28T14:00:56.236617+00:00,3,신분증 사본,,,3,현금지급,1,"1) 신청방법 : 거주지 동주민센터로 저소득주민 국민건강보험료 지원 신청2) 신청서류 : 저소득주민 국민건강보험료 등 지원 신청서 1부, 고지서 사본 또는 납부확인서 1부. 신분증 사본 1부.3) 지급시기 및 지급방"
WLF00002628,동작출산축하금 및 출산축하용품,source_text,2026-07-28T14:00:56.236617+00:00,1,신분증,,,3,현금지급,1,"1. 동작출산축하금 - 동주민센터 방문신청 - 신분증, 통장사본 지참2. 동작출산축하용품 - 동주민센터 방문신청 - 신분증, 통장사본, 육아용품 영수증 지참"
WLF00002628,동작출산축하금 및 출산축하용품,source_text,2026-07-28T14:00:56.236617+00:00,2,통장사본,,,3,현금지급,1,"1. 동작출산축하금 - 동주민센터 방문신청 - 신분증, 통장사본 지참2. 동작출산축하용품 - 동주민센터 방문신청 - 신분증, 통장사본, 육아용품 영수증 지참"
WLF00002628,동작출산축하금 및 출산축하용품,source_text,2026-07-28T14:00:56.236617+00:00,3,육아용품 영수증,,,3,현금지급,1,"1. 동작출산축하금 - 동주민센터 방문신청 - 신분증, 통장사본 지참2. 동작출산축하용품 - 동주민센터 방문신청 - 신분증, 통장사본, 육아용품 영수증 지참"
WLF00002652,보훈대상자 사망위로금,source_text,2026-07-28T14:00:56.236617+00:00,1,보훈대상자 사망위로금 신청서,,,7,현금지급,1,신청기간 : 사망일로부터 1년 이내공통서류 : 신청서(동주민센터 제공) / 사망자의 국가유공자증(유족증) 사본 / 사망자의 사망진단서(또는 사망 말소자 등본) / 유족 통장사본 / 유족 신분증추가서류 : 대리인 신청
WLF00002652,보훈대상자 사망위로금,source_text,2026-07-28T14:00:56.236617+00:00,2,국가유공자증 사본,,,7,현금지급,1,신청기간 : 사망일로부터 1년 이내공통서류 : 신청서(동주민센터 제공) / 사망자의 국가유공자증(유족증) 사본 / 사망자의 사망진단서(또는 사망 말소자 등본) / 유족 통장사본 / 유족 신분증추가서류 : 대리인 신청
WLF00002652,보훈대상자 사망위로금,source_text,2026-07-28T14:00:56.236617+00:00,3,사망진단서,,,7,현금지급,1,신청기간 : 사망일로부터 1년 이내공통서류 : 신청서(동주민센터 제공) / 사망자의 국가유공자증(유족증) 사본 / 사망자의 사망진단서(또는 사망 말소자 등본) / 유족 통장사본 / 유족 신분증추가서류 : 대리인 신청
WLF00002652,보훈대상자 사망위로금,source_text,2026-07-28T14:00:56.236617+00:00,4,유족 통장 사본,,,7,현금지급,1,신청기간 : 사망일로부터 1년 이내공통서류 : 신청서(동주민센터 제공) / 사망자의 국가유공자증(유족증) 사본 / 사망자의 사망진단서(또는 사망 말소자 등본) / 유족 통장사본 / 유족 신분증추가서류 : 대리인 신청
WLF00002652,보훈대상자 사망위로금,source_text,2026-07-28T14:00:56.236617+00:00,5,유족 신분증,,,7,현금지급,1,신청기간 : 사망일로부터 1년 이내공통서류 : 신청서(동주민센터 제공) / 사망자의 국가유공자증(유족증) 사본 / 사망자의 사망진단서(또는 사망 말소자 등본) / 유족 통장사본 / 유족 신분증추가서류 : 대리인 신청
WLF00002652,보훈대상자 사망위로금,source_text,2026-07-28T14:00:56.236617+00:00,6,대리인 신분증,,,7,현금지급,1,신청기간 : 사망일로부터 1년 이내공통서류 : 신청서(동주민센터 제공) / 사망자의 국가유공자증(유족증) 사본 / 사망자의 사망진단서(또는 사망 말소자 등본) / 유족 통장사본 / 유족 신분증추가서류 : 대리인 신청
WLF00002652,보훈대상자 사망위로금,source_text,2026-07-28T14:00:56.236617+00:00,7,위임장,,,7,현금지급,1,신청기간 : 사망일로부터 1년 이내공통서류 : 신청서(동주민센터 제공) / 사망자의 국가유공자증(유족증) 사본 / 사망자의 사망진단서(또는 사망 말소자 등본) / 유족 통장사본 / 유족 신분증추가서류 : 대리인 신청
WLF00002719,장애인재활보조기구수리비지원,source_text,2026-07-28T14:00:56.236617+00:00,1,장애인등록증,https://www.gov.kr,certificate_issuance,2,현금지급,1,수리신청 및 접수(동주민센터) - 수리지정업체에서 출장방문하여 보조기구 수리(처리기간 5일이내) - 월별 수리비 청구 및 정산(수리지정업체->구청)
WLF00002719,장애인재활보조기구수리비지원,source_text,2026-07-28T14:00:56.236617+00:00,2,신분증,,,2,현금지급,1,수리신청 및 접수(동주민센터) - 수리지정업체에서 출장방문하여 보조기구 수리(처리기간 5일이내) - 월별 수리비 청구 및 정산(수리지정업체->구청)
WLF00002721,저소득주민 국민건강보험료 지원,source_text,2026-07-28T14:05:57.338179+00:00,1,신분증,,,3,감면,1,"- 동주민센터에서 신청(신분증, 건강보험료 납입 고지서 또는 건강보험료 납입한 통장 거래내역 지참하여 방문)- 신규 지원신청자의 경우, 15일 이전 신청자는 해당 월부터 지원하며 16일 이후 신청자는 익월부터 지원 "
WLF00002721,저소득주민 국민건강보험료 지원,source_text,2026-07-28T14:05:57.338179+00:00,2,건강보험료 납입 고지서,,,3,감면,1,"- 동주민센터에서 신청(신분증, 건강보험료 납입 고지서 또는 건강보험료 납입한 통장 거래내역 지참하여 방문)- 신규 지원신청자의 경우, 15일 이전 신청자는 해당 월부터 지원하며 16일 이후 신청자는 익월부터 지원 "
WLF00002721,저소득주민 국민건강보험료 지원,source_text,2026-07-28T14:05:57.338179+00:00,3,통장 거래내역,,,3,감면,1,"- 동주민센터에서 신청(신분증, 건강보험료 납입 고지서 또는 건강보험료 납입한 통장 거래내역 지참하여 방문)- 신규 지원신청자의 경우, 15일 이전 신청자는 해당 월부터 지원하며 16일 이후 신청자는 익월부터 지원 "
WLF00002752,장애인 전동보장구 클린서비스 사업,source_text,2026-07-28T14:05:57.338179+00:00,1,신분증,,,2,기타,1,
WLF00002752,장애인 전동보장구 클린서비스 사업,source_text,2026-07-28T14:05:57.338179+00:00,2,주민등록등본,https://www.gov.kr/mw/AA020InfoCappView.do?CappBizCD=13100000015,certificate_issuance,2,기타,1,
WLF00002757,저소득주민 국민건강보험료 및 노인장기요양보험료 지원,source_text,2026-07-28T14:05:57.338179+00:00,1,신분증,,,3,현금지급,1,"관할 동주민센터에 신청(구비서류 : 신분증, 사회복지서비스 및 급여제공(변경) 신청서, 국민건강보험료 고지서 등) → 조사 및 선정 → 보험료지원 → 대상자 통보"
WLF00002757,저소득주민 국민건강보험료 및 노인장기요양보험료 지원,source_text,2026-07-28T14:05:57.338179+00:00,2,사회복지서비스 및 급여제공 신청서,,,3,현금지급,1,"관할 동주민센터에 신청(구비서류 : 신분증, 사회복지서비스 및 급여제공(변경) 신청서, 국민건강보험료 고지서 등) → 조사 및 선정 → 보험료지원 → 대상자 통보"
WLF00002757,저소득주민 국민건강보험료 및 노인장기요양보험료 지원,source_text,2026-07-28T14:05:57.338179+00:00,3,국민건강보험료 고지서,,,3,현금지급,1,"관할 동주민센터에 신청(구비서류 : 신분증, 사회복지서비스 및 급여제공(변경) 신청서, 국민건강보험료 고지서 등) → 조사 및 선정 → 보험료지원 → 대상자 통보"
WLF00002764,다자녀가정 입학축하금,source_text,2026-07-28T14:05:57.338179+00:00,1,신분증,,,3,현금지급,1,"대상아동의 부모가 거주지 동 주민센터에 직접 신청(부모 지참 서류 : 신분증, 통장 사본, 입학관련서류) --> 동 주민센터에서 자격요건 확인 --> 구청에서 신청계좌로 입학축하금 지급"
WLF00002764,다자녀가정 입학축하금,source_text,2026-07-28T14:05:57.338179+00:00,2,통장사본,,,3,현금지급,1,"대상아동의 부모가 거주지 동 주민센터에 직접 신청(부모 지참 서류 : 신분증, 통장 사본, 입학관련서류) --> 동 주민센터에서 자격요건 확인 --> 구청에서 신청계좌로 입학축하금 지급"
WLF00002764,다자녀가정 입학축하금,source_text,2026-07-28T14:05:57.338179+00:00,3,입학 관련 서류,,,3,현금지급,1,"대상아동의 부모가 거주지 동 주민센터에 직접 신청(부모 지참 서류 : 신분증, 통장 사본, 입학관련서류) --> 동 주민센터에서 자격요건 확인 --> 구청에서 신청계좌로 입학축하금 지급"
WLF00002765,대상포진 예방접종 지원 사업,source_text,2026-07-28T14:05:57.338179+00:00,1,신분증,,,2,감면,1,신청 - 조사 - 대상자 결정 - 수납 - 예방접종 1. 신청 및 대상자 조사 : 거주지 동주민센터(동장 확인증 발급) 2. 대상자 수납 및 예방접종 : 동대문구 보건소(신분증 및 동장 확인증 확인)
WLF00002765,대상포진 예방접종 지원 사업,source_text,2026-07-28T14:05:57.338179+00:00,2,동장 확인증,,,2,감면,1,신청 - 조사 - 대상자 결정 - 수납 - 예방접종 1. 신청 및 대상자 조사 : 거주지 동주민센터(동장 확인증 발급) 2. 대상자 수납 및 예방접종 : 동대문구 보건소(신분증 및 동장 확인증 확인)
WLF00002774,국가유공자 및 보훈단체 지원(보훈예우수당 지원),source_text,2026-07-28T14:05:57.338179+00:00,1,보훈예우수당 신청서,,,3,현금지급,1,"동주민센터에 보훈예우수당 신청서, 유공자(유족)증, 통장 제출 압류방지통장은 지급불가 신청한 달부터 지급 가능"
WLF00002774,국가유공자 및 보훈단체 지원(보훈예우수당 지원),source_text,2026-07-28T14:05:57.338179+00:00,2,유공자증,,,3,현금지급,1,"동주민센터에 보훈예우수당 신청서, 유공자(유족)증, 통장 제출 압류방지통장은 지급불가 신청한 달부터 지급 가능"
WLF00002774,국가유공자 및 보훈단체 지원(보훈예우수당 지원),source_text,2026-07-28T14:05:57.338179+00:00,3,통장사본,,,3,현금지급,1,"동주민센터에 보훈예우수당 신청서, 유공자(유족)증, 통장 제출 압류방지통장은 지급불가 신청한 달부터 지급 가능"
WLF00002797,금천구 입양축하금 지원,source_text,2026-07-28T14:05:57.338179+00:00,1,입양사실확인서,,,3,현금지급,1,"○ 신청서류 - ‘입양사실확인서’, 지원금 수령 ‘예금통장’ 사본 - 장애아동인 경우 ‘장애등급확인서’ ○ 처리절차 - 방문 신청(금천구 교육지원과) > 검토 > 15일 이내 계좌입금"
WLF00002797,금천구 입양축하금 지원,source_text,2026-07-28T14:05:57.338179+00:00,2,통장사본,,,3,현금지급,1,"○ 신청서류 - ‘입양사실확인서’, 지원금 수령 ‘예금통장’ 사본 - 장애아동인 경우 ‘장애등급확인서’ ○ 처리절차 - 방문 신청(금천구 교육지원과) > 검토 > 15일 이내 계좌입금"
WLF00002797,금천구 입양축하금 지원,source_text,2026-07-28T14:05:57.338179+00:00,3,장애등급확인서,,,3,현금지급,1,"○ 신청서류 - ‘입양사실확인서’, 지원금 수령 ‘예금통장’ 사본 - 장애아동인 경우 ‘장애등급확인서’ ○ 처리절차 - 방문 신청(금천구 교육지원과) > 검토 > 15일 이내 계좌입금"
WLF00003114,효행장려금 지급,source_text,2026-07-28T14:05:57.338179+00:00,1,효행장려금 지급신청서,,,3,현금지급,1,* 신청자격 : 효행가정의 세대주 또는 가족대표 1인 * 신청서 접수처 : 주소지 동주민센터 * 신청서류 - 효행장려금 지급신청서 1부 - 신청인 예금통장 사본 1부
WLF00003114,효행장려금 지급,source_text,2026-07-28T14:05:57.338179+00:00,2,신청인 예금통장 사본,,,3,현금지급,1,* 신청자격 : 효행가정의 세대주 또는 가족대표 1인 * 신청서 접수처 : 주소지 동주민센터 * 신청서류 - 효행장려금 지급신청서 1부 - 신청인 예금통장 사본 1부
WLF00003114,효행장려금 지급,source_text,2026-07-28T14:05:57.338179+00:00,3,주민등록등본,https://www.gov.kr/mw/AA020InfoCappView.do?CappBizCD=13100000015,certificate_issuance,3,현금지급,1,* 신청자격 : 효행가정의 세대주 또는 가족대표 1인 * 신청서 접수처 : 주소지 동주민센터 * 신청서류 - 효행장려금 지급신청서 1부 - 신청인 예금통장 사본 1부
WLF00003171,의료급여본인부담면제,source_text,2026-07-28T14:05:57.338179+00:00,1,의료급여기관 외래진료 본인일부부담 면제신청서,,,4,현물지급,1,조사기관연락처목록: 담당 시/군/구청 또는 시군구에서 조사 및 심사 결정기관연락처목록: 담당 시/군/구청 또는 시군구에서 보장 결정 지급기관연락처목록: 담당 시/군/구청 또는 의료기관에서 대상자에게 서비스 제공 사후
WLF00003171,의료급여본인부담면제,source_text,2026-07-28T14:05:57.338179+00:00,2,재학증명서,,,4,현물지급,1,조사기관연락처목록: 담당 시/군/구청 또는 시군구에서 조사 및 심사 결정기관연락처목록: 담당 시/군/구청 또는 시군구에서 보장 결정 지급기관연락처목록: 담당 시/군/구청 또는 의료기관에서 대상자에게 서비스 제공 사후
WLF00003171,의료급여본인부담면제,source_text,2026-07-28T14:05:57.338179+00:00,3,가정간호 진료대상 확인서,,,4,현물지급,1,조사기관연락처목록: 담당 시/군/구청 또는 시군구에서 조사 및 심사 결정기관연락처목록: 담당 시/군/구청 또는 시군구에서 보장 결정 지급기관연락처목록: 담당 시/군/구청 또는 의료기관에서 대상자에게 서비스 제공 사후
WLF00003171,의료급여본인부담면제,source_text,2026-07-28T14:05:57.338179+00:00,4,진단서,,,4,현물지급,1,조사기관연락처목록: 담당 시/군/구청 또는 시군구에서 조사 및 심사 결정기관연락처목록: 담당 시/군/구청 또는 시군구에서 보장 결정 지급기관연락처목록: 담당 시/군/구청 또는 의료기관에서 대상자에게 서비스 제공 사후
WLF00003210,장애인기업 성장기반구축,source_text,2026-07-28T14:11:19.301996+00:00,1,장애인 기업 등록증,,,2,기타,1,"신청기관연락처목록: 거주지 읍/면/동 주민센터, (재)장애인기업종합지원센터에서 ‘서비스 신청’ 조사기관연락처목록: 담당 시/군/구청 또는 (재)장애인기업종합지원센터에서 조사 및 심사 결정기관연락처목록: 담당 시/군/"
WLF00003210,장애인기업 성장기반구축,source_text,2026-07-28T14:11:19.301996+00:00,2,사업계획서,,,2,기타,1,"신청기관연락처목록: 거주지 읍/면/동 주민센터, (재)장애인기업종합지원센터에서 ‘서비스 신청’ 조사기관연락처목록: 담당 시/군/구청 또는 (재)장애인기업종합지원센터에서 조사 및 심사 결정기관연락처목록: 담당 시/군/"
WLF00003212,납북피해자 지원,source_text,2026-07-28T14:11:19.301996+00:00,1,납북피해자 확인서 발급 신청서,,,3,현물지급,0,"신청기관연락처목록: 거주지 읍/면/동 주민센터, 통일부에서 ‘서비스 신청’ 조사기관연락처목록: 담당 시/군/구청 또는 통일부에서 조사 및 심사 결정기관연락처목록: 담당 시/군/구청 또는 통일부에서 보장 결정 지급기관"
WLF00003212,납북피해자 지원,source_text,2026-07-28T14:11:19.301996+00:00,2,신분증,,,3,현물지급,0,"신청기관연락처목록: 거주지 읍/면/동 주민센터, 통일부에서 ‘서비스 신청’ 조사기관연락처목록: 담당 시/군/구청 또는 통일부에서 조사 및 심사 결정기관연락처목록: 담당 시/군/구청 또는 통일부에서 보장 결정 지급기관"
WLF00003212,납북피해자 지원,source_text,2026-07-28T14:11:19.301996+00:00,3,주민등록등본,https://www.gov.kr/mw/AA020InfoCappView.do?CappBizCD=13100000015,certificate_issuance,3,현물지급,0,"신청기관연락처목록: 거주지 읍/면/동 주민센터, 통일부에서 ‘서비스 신청’ 조사기관연락처목록: 담당 시/군/구청 또는 통일부에서 조사 및 심사 결정기관연락처목록: 담당 시/군/구청 또는 통일부에서 보장 결정 지급기관"
WLF00003257,이동통신요금감면,source_text,2026-07-28T14:11:19.301996+00:00,1,신분증,,,6,감면,0,"신청기관연락처목록: 거주지 읍/면/동 주민센터, 주민센터, 통신사업자, 정부24시 또는 복지로 웹사이트(PC/모바일앱)에서 ‘서비스 신청’ 조사기관연락처목록: 담당 시/군/구청 또는 통신사업자에서 조사 및 심사 결정"
WLF00003257,이동통신요금감면,source_text,2026-07-28T14:11:19.301996+00:00,2,기초생활수급자증명서,https://www.gov.kr/mw/AA020InfoCappView.do?CappBizCD=14600000280,certificate_issuance,6,감면,0,"신청기관연락처목록: 거주지 읍/면/동 주민센터, 주민센터, 통신사업자, 정부24시 또는 복지로 웹사이트(PC/모바일앱)에서 ‘서비스 신청’ 조사기관연락처목록: 담당 시/군/구청 또는 통신사업자에서 조사 및 심사 결정"
WLF00003257,이동통신요금감면,source_text,2026-07-28T14:11:19.301996+00:00,3,차상위계층확인서,https://www.gov.kr/mw/AA020InfoCappView.do?CappBizCD=13520000098,certificate_issuance,6,감면,0,"신청기관연락처목록: 거주지 읍/면/동 주민센터, 주민센터, 통신사업자, 정부24시 또는 복지로 웹사이트(PC/모바일앱)에서 ‘서비스 신청’ 조사기관연락처목록: 담당 시/군/구청 또는 통신사업자에서 조사 및 심사 결정"
WLF00003257,이동통신요금감면,source_text,2026-07-28T14:11:19.301996+00:00,4,기초연금수급자확인서,,,6,감면,0,"신청기관연락처목록: 거주지 읍/면/동 주민센터, 주민센터, 통신사업자, 정부24시 또는 복지로 웹사이트(PC/모바일앱)에서 ‘서비스 신청’ 조사기관연락처목록: 담당 시/군/구청 또는 통신사업자에서 조사 및 심사 결정"
WLF00003257,이동통신요금감면,source_text,2026-07-28T14:11:19.301996+00:00,5,장애인등록증,https://www.gov.kr,certificate_issuance,6,감면,0,"신청기관연락처목록: 거주지 읍/면/동 주민센터, 주민센터, 통신사업자, 정부24시 또는 복지로 웹사이트(PC/모바일앱)에서 ‘서비스 신청’ 조사기관연락처목록: 담당 시/군/구청 또는 통신사업자에서 조사 및 심사 결정"
WLF00003257,이동통신요금감면,source_text,2026-07-28T14:11:19.301996+00:00,6,국가유공자증명서,,,6,감면,0,"신청기관연락처목록: 거주지 읍/면/동 주민센터, 주민센터, 통신사업자, 정부24시 또는 복지로 웹사이트(PC/모바일앱)에서 ‘서비스 신청’ 조사기관연락처목록: 담당 시/군/구청 또는 통신사업자에서 조사 및 심사 결정"
WLF00003259,중증장애인지원고용,source_text,2026-07-28T14:11:19.301996+00:00,1,중증장애인지원고용 신청서,,,3,현금지급,0,"신청기관연락처목록: 거주지 읍/면/동 주민센터, 한국장애인고용공단에서 ‘서비스 신청’ 조사기관연락처목록: 담당 시/군/구청 또는 한국장애인고용공단에서 조사 및 심사 결정기관연락처목록: 담당 시/군/구청 또는 한국장애"
WLF00003259,중증장애인지원고용,source_text,2026-07-28T14:11:19.301996+00:00,2,장애인고용촉진 및 직업재활법에 따른 중증장애인 확인서,,,3,현금지급,0,"신청기관연락처목록: 거주지 읍/면/동 주민센터, 한국장애인고용공단에서 ‘서비스 신청’ 조사기관연락처목록: 담당 시/군/구청 또는 한국장애인고용공단에서 조사 및 심사 결정기관연락처목록: 담당 시/군/구청 또는 한국장애"
WLF00003259,중증장애인지원고용,source_text,2026-07-28T14:11:19.301996+00:00,3,신분증,,,3,현금지급,0,"신청기관연락처목록: 거주지 읍/면/동 주민센터, 한국장애인고용공단에서 ‘서비스 신청’ 조사기관연락처목록: 담당 시/군/구청 또는 한국장애인고용공단에서 조사 및 심사 결정기관연락처목록: 담당 시/군/구청 또는 한국장애"
WLF00003810,장애인신문 구독 지원 사업,source_text,2026-07-28T14:11:19.301996+00:00,1,장애인 신문 구독신청서,,,2,기타,1,장애인신문 주1회 배송동주민센터에 장애인 신문 구독신청서 제출
WLF00003810,장애인신문 구독 지원 사업,source_text,2026-07-28T14:11:19.301996+00:00,2,장애인등록증,https://www.gov.kr,certificate_issuance,2,기타,1,장애인신문 주1회 배송동주민센터에 장애인 신문 구독신청서 제출
WLF00003905,신입생 입학준비금 지원,source_text,2026-07-28T14:16:21.278260+00:00,1,주민등록등본,https://www.gov.kr/mw/AA020InfoCappView.do?CappBizCD=13100000015,certificate_issuance,3,지역화폐,1,1. 관내 학생 입학생 신청방법(신청기간 내 접속 가능) - 중·고등학교: https://start.sen.go.kr 접속하여 신청 - 초등학교: https://on.zeropaypoint.or.kr 접속하여 신청2
WLF00003905,신입생 입학준비금 지원,source_text,2026-07-28T14:16:21.278260+00:00,2,학교 재적증명서,,,3,지역화폐,1,1. 관내 학생 입학생 신청방법(신청기간 내 접속 가능) - 중·고등학교: https://start.sen.go.kr 접속하여 신청 - 초등학교: https://on.zeropaypoint.or.kr 접속하여 신청2
WLF00003905,신입생 입학준비금 지원,source_text,2026-07-28T14:16:21.278260+00:00,3,입학준비금 신청서,,,3,지역화폐,1,1. 관내 학생 입학생 신청방법(신청기간 내 접속 가능) - 중·고등학교: https://start.sen.go.kr 접속하여 신청 - 초등학교: https://on.zeropaypoint.or.kr 접속하여 신청2
WLF00003906,보훈예우수당 지급,source_text,2026-07-28T14:16:21.278260+00:00,1,국가유공자증,,,3,현금지급,1,"관할 동주민센터 신청(국가유공자증 또는 유족증, 본인 통장사본 지참, 신청서는 주민센터에 비치)"
WLF00003906,보훈예우수당 지급,source_text,2026-07-28T14:16:21.278260+00:00,2,유족증,,,3,현금지급,1,"관할 동주민센터 신청(국가유공자증 또는 유족증, 본인 통장사본 지참, 신청서는 주민센터에 비치)"
WLF00003906,보훈예우수당 지급,source_text,2026-07-28T14:16:21.278260+00:00,3,통장사본,,,3,현금지급,1,"관할 동주민센터 신청(국가유공자증 또는 유족증, 본인 통장사본 지참, 신청서는 주민센터에 비치)"
WLF00003949,미혼모부 양육비 지원사업,source_text,2026-07-28T14:16:21.278260+00:00,1,한부모가족증명서,https://www.gov.kr/mw/AA020InfoCappView.do?CappBizCD=10601000001,certificate_issuance,3,현금지급,1,주민센터 방문 접수.
WLF00003949,미혼모부 양육비 지원사업,source_text,2026-07-28T14:16:21.278260+00:00,2,주민등록등본,https://www.gov.kr/mw/AA020InfoCappView.do?CappBizCD=13100000015,certificate_issuance,3,현금지급,1,주민센터 방문 접수.
WLF00003949,미혼모부 양육비 지원사업,source_text,2026-07-28T14:16:21.278260+00:00,3,신분증,,,3,현금지급,1,주민센터 방문 접수.
WLF00004025,국가유공자 생활보조수당,source_text,2026-07-28T14:16:21.278260+00:00,1,신청서,,,3,현금지급,1,"거주지 동주민센터 또는 구청 방문신청- 제출서류 : 신청서, 국가유공자증 사본, 통장사본(저소득층 확인을 위해 기초생활수급자 및 차상위 자격 신청 병행 필요)"
WLF00004025,국가유공자 생활보조수당,source_text,2026-07-28T14:16:21.278260+00:00,2,국가유공자증 사본,,,3,현금지급,1,"거주지 동주민센터 또는 구청 방문신청- 제출서류 : 신청서, 국가유공자증 사본, 통장사본(저소득층 확인을 위해 기초생활수급자 및 차상위 자격 신청 병행 필요)"
WLF00004025,국가유공자 생활보조수당,source_text,2026-07-28T14:16:21.278260+00:00,3,통장사본,,,3,현금지급,1,"거주지 동주민센터 또는 구청 방문신청- 제출서류 : 신청서, 국가유공자증 사본, 통장사본(저소득층 확인을 위해 기초생활수급자 및 차상위 자격 신청 병행 필요)"
WLF00004029,출산양육지원금 지원,source_text,2026-07-28T14:16:21.278260+00:00,1,출산 서비스 통합처리 신청서,,,4,현금지급,1,"1) 신청방법 : 주소지 관할 동 주민센터(신분증, 주민등록등본, 출생아의 부 또는 모의 통장사본) 2) 지급시기 및 지급방법 - 지급시기 : 매월 15일(1회 지급) - 지급방법 : 신청 후 다음달 신청자 계좌에 "
WLF00004029,출산양육지원금 지원,source_text,2026-07-28T14:16:21.278260+00:00,2,신분증,,,4,현금지급,1,"1) 신청방법 : 주소지 관할 동 주민센터(신분증, 주민등록등본, 출생아의 부 또는 모의 통장사본) 2) 지급시기 및 지급방법 - 지급시기 : 매월 15일(1회 지급) - 지급방법 : 신청 후 다음달 신청자 계좌에 "
WLF00004029,출산양육지원금 지원,source_text,2026-07-28T14:16:21.278260+00:00,3,주민등록등본,https://www.gov.kr/mw/AA020InfoCappView.do?CappBizCD=13100000015,certificate_issuance,4,현금지급,1,"1) 신청방법 : 주소지 관할 동 주민센터(신분증, 주민등록등본, 출생아의 부 또는 모의 통장사본) 2) 지급시기 및 지급방법 - 지급시기 : 매월 15일(1회 지급) - 지급방법 : 신청 후 다음달 신청자 계좌에 "
WLF00004029,출산양육지원금 지원,source_text,2026-07-28T14:16:21.278260+00:00,4,통장사본,,,4,현금지급,1,"1) 신청방법 : 주소지 관할 동 주민센터(신분증, 주민등록등본, 출생아의 부 또는 모의 통장사본) 2) 지급시기 및 지급방법 - 지급시기 : 매월 15일(1회 지급) - 지급방법 : 신청 후 다음달 신청자 계좌에 "
WLF00004158,취약계층 대상포진 예방접종 지원사업,source_text,2026-07-28T14:16:21.278260+00:00,1,대상포진 예방접종 비용신청서,,,3,기타,1,국민기초생활보장법 제2조 제2호에 따른 수급자로서 6개월이상 서대문구에 주민등록을 두고 실제 거주하는 65세 이상인 사람을 대상으로 하며 거주 동 주민센터에 신청 및 대상포진예방접종 비용신청서를 작성한 후 기초생활수
WLF00004158,취약계층 대상포진 예방접종 지원사업,source_text,2026-07-28T14:16:21.278260+00:00,2,기초생활수급자 증명서,https://www.gov.kr/mw/AA020InfoCappView.do?CappBizCD=14600000280,certificate_issuance,3,기타,1,국민기초생활보장법 제2조 제2호에 따른 수급자로서 6개월이상 서대문구에 주민등록을 두고 실제 거주하는 65세 이상인 사람을 대상으로 하며 거주 동 주민센터에 신청 및 대상포진예방접종 비용신청서를 작성한 후 기초생활수
WLF00004158,취약계층 대상포진 예방접종 지원사업,source_text,2026-07-28T14:16:21.278260+00:00,3,신분증,,,3,기타,1,국민기초생활보장법 제2조 제2호에 따른 수급자로서 6개월이상 서대문구에 주민등록을 두고 실제 거주하는 65세 이상인 사람을 대상으로 하며 거주 동 주민센터에 신청 및 대상포진예방접종 비용신청서를 작성한 후 기초생활수
WLF00004256,관악구 국가보훈대상자 보훈예우수당 지급,source_text,2026-07-28T14:16:21.278260+00:00,1,유공자증,,,3,현금지급,1,"유공자증, 유족증, 통장사본 등을 구비하여 관할 동주민센터에 방문하여 신청"
WLF00004256,관악구 국가보훈대상자 보훈예우수당 지급,source_text,2026-07-28T14:16:21.278260+00:00,2,유족증,,,3,현금지급,1,"유공자증, 유족증, 통장사본 등을 구비하여 관할 동주민센터에 방문하여 신청"
WLF00004256,관악구 국가보훈대상자 보훈예우수당 지급,source_text,2026-07-28T14:16:21.278260+00:00,3,통장사본,,,3,현금지급,1,"유공자증, 유족증, 통장사본 등을 구비하여 관할 동주민센터에 방문하여 신청"
WLF00004266,보훈예우수당 및 사망위로금 지원,source_text,2026-07-28T14:16:21.278260+00:00,1,수당지급신청서,,,5,현금지급,1,"1) 신청방법 : 구청 또는 동주민센터에 신청 - 보훈예우수당 : 수당지급신청서, 국가유공자(유족)증, 통장사본 제출 - 사망위로금 : 사망진단서, 통장사본 제출"
WLF00004266,보훈예우수당 및 사망위로금 지원,source_text,2026-07-28T14:16:21.278260+00:00,2,국가유공자증,,,5,현금지급,1,"1) 신청방법 : 구청 또는 동주민센터에 신청 - 보훈예우수당 : 수당지급신청서, 국가유공자(유족)증, 통장사본 제출 - 사망위로금 : 사망진단서, 통장사본 제출"
WLF00004266,보훈예우수당 및 사망위로금 지원,source_text,2026-07-28T14:16:21.278260+00:00,3,유족증,,,5,현금지급,1,"1) 신청방법 : 구청 또는 동주민센터에 신청 - 보훈예우수당 : 수당지급신청서, 국가유공자(유족)증, 통장사본 제출 - 사망위로금 : 사망진단서, 통장사본 제출"
WLF00004266,보훈예우수당 및 사망위로금 지원,source_text,2026-07-28T14:16:21.278260+00:00,4,통장사본,,,5,현금지급,1,"1) 신청방법 : 구청 또는 동주민센터에 신청 - 보훈예우수당 : 수당지급신청서, 국가유공자(유족)증, 통장사본 제출 - 사망위로금 : 사망진단서, 통장사본 제출"
WLF00004266,보훈예우수당 및 사망위로금 지원,source_text,2026-07-28T14:16:21.278260+00:00,5,사망진단서,,,5,현금지급,1,"1) 신청방법 : 구청 또는 동주민센터에 신청 - 보훈예우수당 : 수당지급신청서, 국가유공자(유족)증, 통장사본 제출 - 사망위로금 : 사망진단서, 통장사본 제출"
WLF00004281,입양가정 입양축하금(입양장려금) 지급,source_text,2026-07-28T14:16:21.278260+00:00,1,입양아동 양육보조금 등 신청서,,,4,현금지급,1,"* 입양아동 양육수당 및 장애아동입양양육보조금 신청 안내 - 입양아동 양육보조금 등 신청서(입양특례법 시행규칙 제28조제1항 [별지 제15호 서식]) 1부, 입양사실 확인서(구청장 또는 입양기관의 장이 발부) 1부,"
WLF00004281,입양가정 입양축하금(입양장려금) 지급,source_text,2026-07-28T14:16:21.278260+00:00,2,입양사실 확인서,,,4,현금지급,1,"* 입양아동 양육수당 및 장애아동입양양육보조금 신청 안내 - 입양아동 양육보조금 등 신청서(입양특례법 시행규칙 제28조제1항 [별지 제15호 서식]) 1부, 입양사실 확인서(구청장 또는 입양기관의 장이 발부) 1부,"
WLF00004281,입양가정 입양축하금(입양장려금) 지급,source_text,2026-07-28T14:16:21.278260+00:00,3,통장사본,,,4,현금지급,1,"* 입양아동 양육수당 및 장애아동입양양육보조금 신청 안내 - 입양아동 양육보조금 등 신청서(입양특례법 시행규칙 제28조제1항 [별지 제15호 서식]) 1부, 입양사실 확인서(구청장 또는 입양기관의 장이 발부) 1부,"
WLF00004281,입양가정 입양축하금(입양장려금) 지급,source_text,2026-07-28T14:16:21.278260+00:00,4,주민등록등본,https://www.gov.kr/mw/AA020InfoCappView.do?CappBizCD=13100000015,certificate_issuance,4,현금지급,1,"* 입양아동 양육수당 및 장애아동입양양육보조금 신청 안내 - 입양아동 양육보조금 등 신청서(입양특례법 시행규칙 제28조제1항 [별지 제15호 서식]) 1부, 입양사실 확인서(구청장 또는 입양기관의 장이 발부) 1부,"
WLF00004655,장애인취업성공패키지,source_text,2026-07-28T14:16:21.278260+00:00,1,장애인등록증,https://www.gov.kr,certificate_issuance,3,현금지급,1,"조사기관연락처목록: 담당 시/군/구청 또는 한국장애인고용공단에서 조사 및 심사 결정기관연락처목록: 담당 시/군/구청 또는 한국장애인고용공단에서 보장 결정 이의신청접수기관연락처목록: 이의가 있을 경우, 담당 시/군/구"
WLF00004655,장애인취업성공패키지,source_text,2026-07-28T14:16:21.278260+00:00,2,소득금액증명원,https://www.hometax.go.kr,certificate_issuance,3,현금지급,1,"조사기관연락처목록: 담당 시/군/구청 또는 한국장애인고용공단에서 조사 및 심사 결정기관연락처목록: 담당 시/군/구청 또는 한국장애인고용공단에서 보장 결정 이의신청접수기관연락처목록: 이의가 있을 경우, 담당 시/군/구"
WLF00004655,장애인취업성공패키지,source_text,2026-07-28T14:16:21.278260+00:00,3,신분증,,,3,현금지급,1,"조사기관연락처목록: 담당 시/군/구청 또는 한국장애인고용공단에서 조사 및 심사 결정기관연락처목록: 담당 시/군/구청 또는 한국장애인고용공단에서 보장 결정 이의신청접수기관연락처목록: 이의가 있을 경우, 담당 시/군/구"
WLF00004726,장애인 양육지원금 지원 사업,source_text,2026-07-28T14:16:21.278260+00:00,1,장애인등록증,https://www.gov.kr,certificate_issuance,4,현금지급,1,주민등록주소지 동주민센터 내방 신청
WLF00004726,장애인 양육지원금 지원 사업,source_text,2026-07-28T14:16:21.278260+00:00,2,주민등록등본,https://www.gov.kr/mw/AA020InfoCappView.do?CappBizCD=13100000015,certificate_issuance,4,현금지급,1,주민등록주소지 동주민센터 내방 신청
WLF00004726,장애인 양육지원금 지원 사업,source_text,2026-07-28T14:16:21.278260+00:00,3,출생증명서,,,4,현금지급,1,주민등록주소지 동주민센터 내방 신청
WLF00004726,장애인 양육지원금 지원 사업,source_text,2026-07-28T14:16:21.278260+00:00,4,신분증,,,4,현금지급,1,주민등록주소지 동주민센터 내방 신청
WLF00004779,여성청소년 생리용품 보편지원,source_text,2026-07-28T14:16:21.278260+00:00,1,여성청소년 생리용품 보편지원 신청서,https://www.bokjiro.go.kr/ssis-tbu/CmmFileUtil/siteQnaInfoDownload.do?atcflId=20250811UUWBM0958280150145961&atcflSn=1,form_download,3,실물바우처,1,주민등록지 관할 동 주민센터 방문신청 또는 성동구 홈페이지 온라인 신청 후 동주민센터에서 카드 수령
WLF00004779,여성청소년 생리용품 보편지원,source_text,2026-07-28T14:16:21.278260+00:00,2,신분증,,,3,실물바우처,1,주민등록지 관할 동 주민센터 방문신청 또는 성동구 홈페이지 온라인 신청 후 동주민센터에서 카드 수령
WLF00004779,여성청소년 생리용품 보편지원,source_text,2026-07-28T14:16:21.278260+00:00,3,주민등록등본,https://www.gov.kr/mw/AA020InfoCappView.do?CappBizCD=13100000015,certificate_issuance,3,실물바우처,1,주민등록지 관할 동 주민센터 방문신청 또는 성동구 홈페이지 온라인 신청 후 동주민센터에서 카드 수령
WLF00004832,관외(서울시외)학교 입학생 입학준비금 지원,source_text,2026-07-28T14:16:21.278260+00:00,1,입학준비금 신청서,https://www.bokjiro.go.kr/ssis-tbu/CmmFileUtil/siteQnaInfoDownload.do?atcflId=20260619UUWBM1608160197825539&atcflSn=1,form_download,3,지역화폐,2,입학준비금 지원 신청서 1부학교재학증명서 1부주민등록등본 1부
WLF00004832,관외(서울시외)학교 입학생 입학준비금 지원,source_text,2026-07-28T14:16:21.278260+00:00,2,학교재학증명서,,,3,지역화폐,2,입학준비금 지원 신청서 1부학교재학증명서 1부주민등록등본 1부
WLF00004832,관외(서울시외)학교 입학생 입학준비금 지원,source_text,2026-07-28T14:16:21.278260+00:00,3,주민등록등본,https://www.gov.kr/mw/AA020InfoCappView.do?CappBizCD=13100000015,certificate_issuance,3,지역화폐,2,입학준비금 지원 신청서 1부학교재학증명서 1부주민등록등본 1부
WLF00004850,임신부 가사돌봄 서비스,source_text,2026-07-28T14:16:21.278260+00:00,1,신분증,,,2,프로그램/서비스(서비스),1,"ㅁ 관할 동주민센터, 보건소 본인 및 대리인 방문신청 또는 온라인 내편중구 신청ㅁ 구비서류: 신분증, 임신증빙서류(임신부수첩, 임신출산진료비 신청서 등) ㅇ 공휴일 이용 불가 원칙(예외: 출산일 40일 이내 임신부 "
WLF00004850,임신부 가사돌봄 서비스,source_text,2026-07-28T14:16:21.278260+00:00,2,임신부수첩,,,2,프로그램/서비스(서비스),1,"ㅁ 관할 동주민센터, 보건소 본인 및 대리인 방문신청 또는 온라인 내편중구 신청ㅁ 구비서류: 신분증, 임신증빙서류(임신부수첩, 임신출산진료비 신청서 등) ㅇ 공휴일 이용 불가 원칙(예외: 출산일 40일 이내 임신부 "
WLF00005028,안심장비 지원사업,source_text,2026-07-28T14:21:19.484566+00:00,1,안심장비 지원사업 신청서,,,4,현물지급,1,○ 신청방법 :이메일(jiyune7@mail.jongno.go.kr) 및 동주민센터 방문 접수
WLF00005028,안심장비 지원사업,source_text,2026-07-28T14:21:19.484566+00:00,2,주민등록등본,https://www.gov.kr/mw/AA020InfoCappView.do?CappBizCD=13100000015,certificate_issuance,4,현물지급,1,○ 신청방법 :이메일(jiyune7@mail.jongno.go.kr) 및 동주민센터 방문 접수
WLF00005028,안심장비 지원사업,source_text,2026-07-28T14:21:19.484566+00:00,3,임대차계약서 사본,,,4,현물지급,1,○ 신청방법 :이메일(jiyune7@mail.jongno.go.kr) 및 동주민센터 방문 접수
WLF00005028,안심장비 지원사업,source_text,2026-07-28T14:21:19.484566+00:00,4,자립준비청년 보호종료확인서,,,4,현물지급,1,○ 신청방법 :이메일(jiyune7@mail.jongno.go.kr) 및 동주민센터 방문 접수
WLF00005034,장애인 건강주치의 시범사업,source_text,2026-07-28T14:21:19.484566+00:00,1,개인정보 수집·이용 동의서,,,3,기타,0,"신청기관연락처목록: 거주지 읍/면/동 주민센터, 국민건강보험공단에서 ‘서비스 신청’ 신청기관연락처목록: 거주지 읍/면/동 주민센터, 주치의 등록 의료기관에서 ‘서비스 신청’ 조사기관연락처목록: 담당 시/군/구청 또는"
WLF00005034,장애인 건강주치의 시범사업,source_text,2026-07-28T14:21:19.484566+00:00,2,이용 신청사실 통지서,,,3,기타,0,"신청기관연락처목록: 거주지 읍/면/동 주민센터, 국민건강보험공단에서 ‘서비스 신청’ 신청기관연락처목록: 거주지 읍/면/동 주민센터, 주치의 등록 의료기관에서 ‘서비스 신청’ 조사기관연락처목록: 담당 시/군/구청 또는"
WLF00005034,장애인 건강주치의 시범사업,source_text,2026-07-28T14:21:19.484566+00:00,3,장애인등록증,https://www.gov.kr,certificate_issuance,3,기타,0,"신청기관연락처목록: 거주지 읍/면/동 주민센터, 국민건강보험공단에서 ‘서비스 신청’ 신청기관연락처목록: 거주지 읍/면/동 주민센터, 주치의 등록 의료기관에서 ‘서비스 신청’ 조사기관연락처목록: 담당 시/군/구청 또는"
WLF00005058,저소득주민 장례 지원,source_text,2026-07-28T14:21:19.484566+00:00,1,영구차비용 지원 신청서,,,3,현금지급,1,"○ 지원대상 - 국민기초(기초생계, 기초의료, 기초주거급여) 및 서울형 기초수급 장제급여 대상 중 영구차를 사용한 경우○ 지원금액 - 30만원 한도내 실비○ 신청기한 - 사망일로부터 1개월 이내○ 구비서류 - 영구차"
WLF00005058,저소득주민 장례 지원,source_text,2026-07-28T14:21:19.484566+00:00,2,영구차 사용 증빙 서류,,,3,현금지급,1,"○ 지원대상 - 국민기초(기초생계, 기초의료, 기초주거급여) 및 서울형 기초수급 장제급여 대상 중 영구차를 사용한 경우○ 지원금액 - 30만원 한도내 실비○ 신청기한 - 사망일로부터 1개월 이내○ 구비서류 - 영구차"
WLF00005058,저소득주민 장례 지원,source_text,2026-07-28T14:21:19.484566+00:00,3,화장증명서,,,3,현금지급,1,"○ 지원대상 - 국민기초(기초생계, 기초의료, 기초주거급여) 및 서울형 기초수급 장제급여 대상 중 영구차를 사용한 경우○ 지원금액 - 30만원 한도내 실비○ 신청기한 - 사망일로부터 1개월 이내○ 구비서류 - 영구차"
WLF00005075,국민기초(생계·의료)보장가구 이사비용 지원사업,source_text,2026-07-28T14:21:19.484566+00:00,1,이사비용 지원 신청서,https://www.bokjiro.go.kr/ssis-tbu/CmmFileUtil/siteQnaInfoDownload.do?atcflId=20230525UUWBM1434050036236252&atcflSn=1,form_download,5,현금지급,1,"관할동주민센터 방문신청구비서류 : 신청서, 임대차계약서 또는 사용대차확인서, 이사비영수증, 통장사본"
WLF00005075,국민기초(생계·의료)보장가구 이사비용 지원사업,source_text,2026-07-28T14:21:19.484566+00:00,2,임대차계약서 사본,,,5,현금지급,1,"관할동주민센터 방문신청구비서류 : 신청서, 임대차계약서 또는 사용대차확인서, 이사비영수증, 통장사본"
WLF00005075,국민기초(생계·의료)보장가구 이사비용 지원사업,source_text,2026-07-28T14:21:19.484566+00:00,3,사용대차확인서,,,5,현금지급,1,"관할동주민센터 방문신청구비서류 : 신청서, 임대차계약서 또는 사용대차확인서, 이사비영수증, 통장사본"
WLF00005075,국민기초(생계·의료)보장가구 이사비용 지원사업,source_text,2026-07-28T14:21:19.484566+00:00,4,이사비 영수증,,,5,현금지급,1,"관할동주민센터 방문신청구비서류 : 신청서, 임대차계약서 또는 사용대차확인서, 이사비영수증, 통장사본"
WLF00005075,국민기초(생계·의료)보장가구 이사비용 지원사업,source_text,2026-07-28T14:21:19.484566+00:00,5,통장사본,,,5,현금지급,1,"관할동주민센터 방문신청구비서류 : 신청서, 임대차계약서 또는 사용대차확인서, 이사비영수증, 통장사본"
WLF00005247,희망두배 청년통장,source_text,2026-07-28T14:21:19.484566+00:00,1,희망두배 청년통장 신청서,,,5,현금지급,0,온라인 신청(PC만 신청 가능) - 접수처: 서울시 자산형성지원사업 홈페이지: https://account.welfare.seoul.kr
WLF00005247,희망두배 청년통장,source_text,2026-07-28T14:21:19.484566+00:00,2,신분증,,,5,현금지급,0,온라인 신청(PC만 신청 가능) - 접수처: 서울시 자산형성지원사업 홈페이지: https://account.welfare.seoul.kr
WLF00005247,희망두배 청년통장,source_text,2026-07-28T14:21:19.484566+00:00,3,주민등록등본,https://www.gov.kr/mw/AA020InfoCappView.do?CappBizCD=13100000015,certificate_issuance,5,현금지급,0,온라인 신청(PC만 신청 가능) - 접수처: 서울시 자산형성지원사업 홈페이지: https://account.welfare.seoul.kr
WLF00005247,희망두배 청년통장,source_text,2026-07-28T14:21:19.484566+00:00,4,근로계약서,,,5,현금지급,0,온라인 신청(PC만 신청 가능) - 접수처: 서울시 자산형성지원사업 홈페이지: https://account.welfare.seoul.kr
WLF00005247,희망두배 청년통장,source_text,2026-07-28T14:21:19.484566+00:00,5,소득금액증명원,https://www.hometax.go.kr,certificate_issuance,5,현금지급,0,온라인 신청(PC만 신청 가능) - 접수처: 서울시 자산형성지원사업 홈페이지: https://account.welfare.seoul.kr
WLF00005267,서울시교육청 수익자부담경비 지원 사업,source_text,2026-07-28T14:21:19.484566+00:00,1,사회보장급여 신청서,https://www.bokjiro.go.kr/ssis-tbu/CmmFileUtil/siteQnaInfoDownload.do?atcflId=20230224UUWBM1642590023369470&atcflSn=1,form_download,6,감면,1,"-거주지 읍면동 주민센터 방문: 교육비 지원 신청서, 소득재산 신고서, 금융정보 등 제공동의서 및 구비서류 제출-온라인 신청: 복지로(www.bokjiro.go.kr), 교육비 원클릭(oneclick.neis.go."
WLF00005267,서울시교육청 수익자부담경비 지원 사업,source_text,2026-07-28T14:21:19.484566+00:00,2,소득재산 신고서,,,6,감면,1,"-거주지 읍면동 주민센터 방문: 교육비 지원 신청서, 소득재산 신고서, 금융정보 등 제공동의서 및 구비서류 제출-온라인 신청: 복지로(www.bokjiro.go.kr), 교육비 원클릭(oneclick.neis.go."
WLF00005267,서울시교육청 수익자부담경비 지원 사업,source_text,2026-07-28T14:21:19.484566+00:00,3,금융정보 등 제공동의서,,,6,감면,1,"-거주지 읍면동 주민센터 방문: 교육비 지원 신청서, 소득재산 신고서, 금융정보 등 제공동의서 및 구비서류 제출-온라인 신청: 복지로(www.bokjiro.go.kr), 교육비 원클릭(oneclick.neis.go."
WLF00005267,서울시교육청 수익자부담경비 지원 사업,source_text,2026-07-28T14:21:19.484566+00:00,4,신분증,,,6,감면,1,"-거주지 읍면동 주민센터 방문: 교육비 지원 신청서, 소득재산 신고서, 금융정보 등 제공동의서 및 구비서류 제출-온라인 신청: 복지로(www.bokjiro.go.kr), 교육비 원클릭(oneclick.neis.go."
WLF00005267,서울시교육청 수익자부담경비 지원 사업,source_text,2026-07-28T14:21:19.484566+00:00,5,주민등록등본,https://www.gov.kr/mw/AA020InfoCappView.do?CappBizCD=13100000015,certificate_issuance,6,감면,1,"-거주지 읍면동 주민센터 방문: 교육비 지원 신청서, 소득재산 신고서, 금융정보 등 제공동의서 및 구비서류 제출-온라인 신청: 복지로(www.bokjiro.go.kr), 교육비 원클릭(oneclick.neis.go."
WLF00005267,서울시교육청 수익자부담경비 지원 사업,source_text,2026-07-28T14:21:19.484566+00:00,6,수급자증명서,https://www.gov.kr/mw/AA020InfoCappView.do?CappBizCD=14600000280,certificate_issuance,6,감면,1,"-거주지 읍면동 주민센터 방문: 교육비 지원 신청서, 소득재산 신고서, 금융정보 등 제공동의서 및 구비서류 제출-온라인 신청: 복지로(www.bokjiro.go.kr), 교육비 원클릭(oneclick.neis.go."
WLF00005401,취약계층 어린이 물놀이 수영장 이용권 지원 사업,source_text,2026-07-28T14:21:19.484566+00:00,1,신분증,,,2,기타,1,(지원방법) QR코드를 통한 네이버폼 신청 및 증빙서류 제출
WLF00005401,취약계층 어린이 물놀이 수영장 이용권 지원 사업,source_text,2026-07-28T14:21:19.484566+00:00,2,수급자격 확인 서류,,,2,기타,1,(지원방법) QR코드를 통한 네이버폼 신청 및 증빙서류 제출
WLF00005410,서울런(Seoul-Learn),source_text,2026-07-28T14:21:19.484566+00:00,1,소득 관련 증빙서류,,,4,프로그램/서비스(서비스),1,행복이음 서비스이용 및 신청방법ㅇ 서울런(slearn.seoul.go.kr) 홈페이지에서 온라인으로 신청합니다. (신청방법 안내: https://slearn.seoul.go.kr/introduction?section
WLF00005410,서울런(Seoul-Learn),source_text,2026-07-28T14:21:19.484566+00:00,2,최종학력증명서,,,4,프로그램/서비스(서비스),1,행복이음 서비스이용 및 신청방법ㅇ 서울런(slearn.seoul.go.kr) 홈페이지에서 온라인으로 신청합니다. (신청방법 안내: https://slearn.seoul.go.kr/introduction?section
WLF00005410,서울런(Seoul-Learn),source_text,2026-07-28T14:21:19.484566+00:00,3,가족관계증명서,https://efamily.scourt.go.kr,certificate_issuance,4,프로그램/서비스(서비스),1,행복이음 서비스이용 및 신청방법ㅇ 서울런(slearn.seoul.go.kr) 홈페이지에서 온라인으로 신청합니다. (신청방법 안내: https://slearn.seoul.go.kr/introduction?section
WLF00005410,서울런(Seoul-Learn),source_text,2026-07-28T14:21:19.484566+00:00,4,북한이탈주민등록확인서,,,4,프로그램/서비스(서비스),1,행복이음 서비스이용 및 신청방법ㅇ 서울런(slearn.seoul.go.kr) 홈페이지에서 온라인으로 신청합니다. (신청방법 안내: https://slearn.seoul.go.kr/introduction?section
WLF00005411,일상돌봄 서비스 사업,source_text,2026-07-28T14:21:19.484566+00:00,1,일상돌봄 서비스 신청서,,,5,전자바우처(바우처),0,"신청기관연락처목록: 거주지 읍/면/동 주민센터, 읍면동 사무소 또는 복지로 웹사이트(PC/모바일앱)에서 ‘서비스 신청’ 조사기관연락처목록: 담당 시/군/구청 또는 읍면동 사무소에서 조사 및 심사 결정기관연락처목록: "
WLF00005411,일상돌봄 서비스 사업,source_text,2026-07-28T14:21:19.484566+00:00,2,신분증,,,5,전자바우처(바우처),0,"신청기관연락처목록: 거주지 읍/면/동 주민센터, 읍면동 사무소 또는 복지로 웹사이트(PC/모바일앱)에서 ‘서비스 신청’ 조사기관연락처목록: 담당 시/군/구청 또는 읍면동 사무소에서 조사 및 심사 결정기관연락처목록: "
WLF00005411,일상돌봄 서비스 사업,source_text,2026-07-28T14:21:19.484566+00:00,3,진단서,,,5,전자바우처(바우처),0,"신청기관연락처목록: 거주지 읍/면/동 주민센터, 읍면동 사무소 또는 복지로 웹사이트(PC/모바일앱)에서 ‘서비스 신청’ 조사기관연락처목록: 담당 시/군/구청 또는 읍면동 사무소에서 조사 및 심사 결정기관연락처목록: "
WLF00005411,일상돌봄 서비스 사업,source_text,2026-07-28T14:21:19.484566+00:00,4,주민등록등본,https://www.gov.kr/mw/AA020InfoCappView.do?CappBizCD=13100000015,certificate_issuance,5,전자바우처(바우처),0,"신청기관연락처목록: 거주지 읍/면/동 주민센터, 읍면동 사무소 또는 복지로 웹사이트(PC/모바일앱)에서 ‘서비스 신청’ 조사기관연락처목록: 담당 시/군/구청 또는 읍면동 사무소에서 조사 및 심사 결정기관연락처목록: "
WLF00005411,일상돌봄 서비스 사업,source_text,2026-07-28T14:21:19.484566+00:00,5,재직증명서,,,5,전자바우처(바우처),0,"신청기관연락처목록: 거주지 읍/면/동 주민센터, 읍면동 사무소 또는 복지로 웹사이트(PC/모바일앱)에서 ‘서비스 신청’ 조사기관연락처목록: 담당 시/군/구청 또는 읍면동 사무소에서 조사 및 심사 결정기관연락처목록: "
WLF00005587,도봉구 오!사방복지 출생축하용품 지원사업,source_text,2026-07-28T14:21:19.484566+00:00,1,출생신고서,,,2,현금지급,1,동 주민센터에서 출생신고 시 출산서비스 통합신청서 신청또는 정부24 도봉구 출생축하용품 신청
WLF00005587,도봉구 오!사방복지 출생축하용품 지원사업,source_text,2026-07-28T14:21:19.484566+00:00,2,주민등록등본,https://www.gov.kr/mw/AA020InfoCappView.do?CappBizCD=13100000015,certificate_issuance,2,현금지급,1,동 주민센터에서 출생신고 시 출산서비스 통합신청서 신청또는 정부24 도봉구 출생축하용품 신청
WLF00005612,도봉구 미취업 청년 어학 및 자격증 시험 응시료 지원사업,source_text,2026-07-28T14:21:19.484566+00:00,1,신분증,,,4,현금지급,0,도봉구청 홈페이지 신청 후 담당자 이메일로 증빙서류 제출
WLF00005612,도봉구 미취업 청년 어학 및 자격증 시험 응시료 지원사업,source_text,2026-07-28T14:21:19.484566+00:00,2,주민등록등본,https://www.gov.kr/mw/AA020InfoCappView.do?CappBizCD=13100000015,certificate_issuance,4,현금지급,0,도봉구청 홈페이지 신청 후 담당자 이메일로 증빙서류 제출
WLF00005612,도봉구 미취업 청년 어학 및 자격증 시험 응시료 지원사업,source_text,2026-07-28T14:21:19.484566+00:00,3,미취업 증명서,,,4,현금지급,0,도봉구청 홈페이지 신청 후 담당자 이메일로 증빙서류 제출
WLF00005612,도봉구 미취업 청년 어학 및 자격증 시험 응시료 지원사업,source_text,2026-07-28T14:21:19.484566+00:00,4,시험 응시료 영수증,,,4,현금지급,0,도봉구청 홈페이지 신청 후 담당자 이메일로 증빙서류 제출
WLF00005630,모든 임산부 임신축하금 지원,source_text,2026-07-28T14:52:33.826706+00:00,1,신분증,,,5,현금지급,0,"온라인 또는 방문신청-온라인 신청 : 정부24(www.gov.kr) '임신축하금' 검색 신청-방문신청 : 관할 동주민센터 및 보건소-서류 : 신분증(외국인의 경우 외국인등록사실증명서), 신청서, 임신확인서(병의원 발"
WLF00005630,모든 임산부 임신축하금 지원,source_text,2026-07-28T14:52:33.826706+00:00,2,임신축하금 신청서,,,5,현금지급,0,"온라인 또는 방문신청-온라인 신청 : 정부24(www.gov.kr) '임신축하금' 검색 신청-방문신청 : 관할 동주민센터 및 보건소-서류 : 신분증(외국인의 경우 외국인등록사실증명서), 신청서, 임신확인서(병의원 발"
WLF00005630,모든 임산부 임신축하금 지원,source_text,2026-07-28T14:52:33.826706+00:00,3,임신확인서,,,5,현금지급,0,"온라인 또는 방문신청-온라인 신청 : 정부24(www.gov.kr) '임신축하금' 검색 신청-방문신청 : 관할 동주민센터 및 보건소-서류 : 신분증(외국인의 경우 외국인등록사실증명서), 신청서, 임신확인서(병의원 발"
WLF00005630,모든 임산부 임신축하금 지원,source_text,2026-07-28T14:52:33.826706+00:00,4,통장사본,,,5,현금지급,0,"온라인 또는 방문신청-온라인 신청 : 정부24(www.gov.kr) '임신축하금' 검색 신청-방문신청 : 관할 동주민센터 및 보건소-서류 : 신분증(외국인의 경우 외국인등록사실증명서), 신청서, 임신확인서(병의원 발"
WLF00005630,모든 임산부 임신축하금 지원,source_text,2026-07-28T14:52:33.826706+00:00,5,개인정보 수집·이용 동의서,,,5,현금지급,0,"온라인 또는 방문신청-온라인 신청 : 정부24(www.gov.kr) '임신축하금' 검색 신청-방문신청 : 관할 동주민센터 및 보건소-서류 : 신분증(외국인의 경우 외국인등록사실증명서), 신청서, 임신확인서(병의원 발"
WLF00005646,서대문구 다자녀가족 입학축하상품권 지원사업,source_text,2026-07-28T14:21:19.484566+00:00,1,주민등록등본,https://www.gov.kr/mw/AA020InfoCappView.do?CappBizCD=13100000015,certificate_issuance,2,지역화폐,0,정부24(보조금24) 온라인 신청 또는 주소지 관할 동주민센터 방문 신청이 가능합니다.
WLF00005646,서대문구 다자녀가족 입학축하상품권 지원사업,source_text,2026-07-28T14:21:19.484566+00:00,2,가족관계증명서,https://efamily.scourt.go.kr,certificate_issuance,2,지역화폐,0,정부24(보조금24) 온라인 신청 또는 주소지 관할 동주민센터 방문 신청이 가능합니다.
WLF00005650,신입생 입학준비금 지원,source_text,2026-07-28T14:21:19.484566+00:00,1,신입생 입학준비금 지원 신청서,,,3,기타,0,신청서 서식 작성 후 이메일 제출
WLF00005650,신입생 입학준비금 지원,source_text,2026-07-28T14:21:19.484566+00:00,2,신분증,,,3,기타,0,신청서 서식 작성 후 이메일 제출
WLF00005650,신입생 입학준비금 지원,source_text,2026-07-28T14:21:19.484566+00:00,3,주민등록등본,https://www.gov.kr/mw/AA020InfoCappView.do?CappBizCD=13100000015,certificate_issuance,3,기타,0,신청서 서식 작성 후 이메일 제출
WLF00005864,서울시 1인 자영업자 등 임산부 출산급여 지원,source_text,2026-07-28T14:26:46.766033+00:00,1,고용보험 미적용자 출산급여 지급결정통지서,,,3,현금지급,0,지원대상자 본인 온라인(https://umppa.seoul.go.kr) 신청만 가능
WLF00005864,서울시 1인 자영업자 등 임산부 출산급여 지원,source_text,2026-07-28T14:26:46.766033+00:00,2,가족관계증명서,https://efamily.scourt.go.kr,certificate_issuance,3,현금지급,0,지원대상자 본인 온라인(https://umppa.seoul.go.kr) 신청만 가능
WLF00005864,서울시 1인 자영업자 등 임산부 출산급여 지원,source_text,2026-07-28T14:26:46.766033+00:00,3,신분증,,,3,현금지급,0,지원대상자 본인 온라인(https://umppa.seoul.go.kr) 신청만 가능
WLF00005866,서울시 1인 자영업자 등 배우자 출산휴가급여 지원,source_text,2026-07-28T14:26:46.766033+00:00,1,가족관계증명서,https://efamily.scourt.go.kr,certificate_issuance,8,현금지급,0,온라인(https://umppa.seoul.go.kr)만 신청
WLF00005866,서울시 1인 자영업자 등 배우자 출산휴가급여 지원,source_text,2026-07-28T14:26:46.766033+00:00,2,거주자의 사업소득 원천징수영수증,,,8,현금지급,0,온라인(https://umppa.seoul.go.kr)만 신청
WLF00005866,서울시 1인 자영업자 등 배우자 출산휴가급여 지원,source_text,2026-07-28T14:26:46.766033+00:00,3,거주자의 사업소득지급명세서,,,8,현금지급,0,온라인(https://umppa.seoul.go.kr)만 신청
WLF00005866,서울시 1인 자영업자 등 배우자 출산휴가급여 지원,source_text,2026-07-28T14:26:46.766033+00:00,4,간이지급명세서,,,8,현금지급,0,온라인(https://umppa.seoul.go.kr)만 신청
WLF00005866,서울시 1인 자영업자 등 배우자 출산휴가급여 지원,source_text,2026-07-28T14:26:46.766033+00:00,5,사용증명서,,,8,현금지급,0,온라인(https://umppa.seoul.go.kr)만 신청
WLF00005866,서울시 1인 자영업자 등 배우자 출산휴가급여 지원,source_text,2026-07-28T14:26:46.766033+00:00,6,노무제공자·예술인 표준계약서,,,8,현금지급,0,온라인(https://umppa.seoul.go.kr)만 신청
WLF00005866,서울시 1인 자영업자 등 배우자 출산휴가급여 지원,source_text,2026-07-28T14:26:46.766033+00:00,7,용역계약서,,,8,현금지급,0,온라인(https://umppa.seoul.go.kr)만 신청
WLF00005866,서울시 1인 자영업자 등 배우자 출산휴가급여 지원,source_text,2026-07-28T14:26:46.766033+00:00,8,이체확인증,,,8,현금지급,0,온라인(https://umppa.seoul.go.kr)만 신청
WLF00005928,"냉(冷)큼 달려갑니다! 쿨한 돌봄, 저소득가정 에어컨 청소 사업",source_text,2026-07-28T14:26:46.766033+00:00,1,개인정보 수집·이용 동의서,,,5,프로그램/서비스(서비스),0,"동 주민센터 방문하여 개인정보 수집·이용, 제공 동의서 작성 제출(에어컨 유형 및 제조사 등 정보 제공)"
WLF00005928,"냉(冷)큼 달려갑니다! 쿨한 돌봄, 저소득가정 에어컨 청소 사업",source_text,2026-07-28T14:26:46.766033+00:00,2,신분증,,,5,프로그램/서비스(서비스),0,"동 주민센터 방문하여 개인정보 수집·이용, 제공 동의서 작성 제출(에어컨 유형 및 제조사 등 정보 제공)"
WLF00005928,"냉(冷)큼 달려갑니다! 쿨한 돌봄, 저소득가정 에어컨 청소 사업",source_text,2026-07-28T14:26:46.766033+00:00,3,주민등록등본,https://www.gov.kr/mw/AA020InfoCappView.do?CappBizCD=13100000015,certificate_issuance,5,프로그램/서비스(서비스),0,"동 주민센터 방문하여 개인정보 수집·이용, 제공 동의서 작성 제출(에어컨 유형 및 제조사 등 정보 제공)"
WLF00005928,"냉(冷)큼 달려갑니다! 쿨한 돌봄, 저소득가정 에어컨 청소 사업",source_text,2026-07-28T14:26:46.766033+00:00,4,수급자증명서,https://www.gov.kr/mw/AA020InfoCappView.do?CappBizCD=14600000280,certificate_issuance,5,프로그램/서비스(서비스),0,"동 주민센터 방문하여 개인정보 수집·이용, 제공 동의서 작성 제출(에어컨 유형 및 제조사 등 정보 제공)"
WLF00005928,"냉(冷)큼 달려갑니다! 쿨한 돌봄, 저소득가정 에어컨 청소 사업",source_text,2026-07-28T14:26:46.766033+00:00,5,장애인등록증,https://www.gov.kr,certificate_issuance,5,프로그램/서비스(서비스),0,"동 주민센터 방문하여 개인정보 수집·이용, 제공 동의서 작성 제출(에어컨 유형 및 제조사 등 정보 제공)"
WLF00005938,암환자 가발구입비 지원,source_text,2026-07-28T14:26:46.766033+00:00,1,암환자 가발구입비 지원신청서,https://www.bokjiro.go.kr/ssis-tbu/CmmFileUtil/siteQnaInfoDownload.do?atcflId=20250604UUWBM1617250140677133&atcflSn=1,form_download,5,현금지급,2,"1. 환자 및 대리인 신청 시 방문 또는 유선으로 지원 대상 여부 확인2. 지원 대상자 확인되면, 제출서류(주민등록등본, 의사소견서, 가발구입 영수증)을 지참하여 방문신청"
WLF00005938,암환자 가발구입비 지원,source_text,2026-07-28T14:26:46.766033+00:00,2,주민등록등본,https://www.gov.kr/mw/AA020InfoCappView.do?CappBizCD=13100000015,certificate_issuance,5,현금지급,2,"1. 환자 및 대리인 신청 시 방문 또는 유선으로 지원 대상 여부 확인2. 지원 대상자 확인되면, 제출서류(주민등록등본, 의사소견서, 가발구입 영수증)을 지참하여 방문신청"
WLF00005938,암환자 가발구입비 지원,source_text,2026-07-28T14:26:46.766033+00:00,3,의사소견서,,,5,현금지급,2,"1. 환자 및 대리인 신청 시 방문 또는 유선으로 지원 대상 여부 확인2. 지원 대상자 확인되면, 제출서류(주민등록등본, 의사소견서, 가발구입 영수증)을 지참하여 방문신청"
WLF00005938,암환자 가발구입비 지원,source_text,2026-07-28T14:26:46.766033+00:00,4,가발구입 영수증,,,5,현금지급,2,"1. 환자 및 대리인 신청 시 방문 또는 유선으로 지원 대상 여부 확인2. 지원 대상자 확인되면, 제출서류(주민등록등본, 의사소견서, 가발구입 영수증)을 지참하여 방문신청"
WLF00005938,암환자 가발구입비 지원,source_text,2026-07-28T14:26:46.766033+00:00,5,통장사본,,,5,현금지급,2,"1. 환자 및 대리인 신청 시 방문 또는 유선으로 지원 대상 여부 확인2. 지원 대상자 확인되면, 제출서류(주민등록등본, 의사소견서, 가발구입 영수증)을 지참하여 방문신청"
WLF00005963,강북구 아동·청소년 동행카드 지원사업,source_text,2026-07-28T14:26:46.766033+00:00,1,발급신청서,https://www.bokjiro.go.kr/ssis-tbu/CmmFileUtil/siteQnaInfoDownload.do?atcflId=20250609UUWBM1128270141067082&atcflSn=1,form_download,7,전자바우처(바우처),2,"○ 신청대상: 발급대상자 및 법정대리인(부모 등)○ 신청방법: 거주지 동 주민센터 방문신청○ 제출서류: 신청서, 신분증(본인 또는 보호자) ※ 상반기에 카드 발급 시 별도의 추가신청 없이 하반기까지 지원 ▶ 청소년 "
WLF00005963,강북구 아동·청소년 동행카드 지원사업,source_text,2026-07-28T14:26:46.766033+00:00,2,신분증,,,7,전자바우처(바우처),2,"○ 신청대상: 발급대상자 및 법정대리인(부모 등)○ 신청방법: 거주지 동 주민센터 방문신청○ 제출서류: 신청서, 신분증(본인 또는 보호자) ※ 상반기에 카드 발급 시 별도의 추가신청 없이 하반기까지 지원 ▶ 청소년 "
WLF00005963,강북구 아동·청소년 동행카드 지원사업,source_text,2026-07-28T14:26:46.766033+00:00,3,주민등록등본,https://www.gov.kr/mw/AA020InfoCappView.do?CappBizCD=13100000015,certificate_issuance,7,전자바우처(바우처),2,"○ 신청대상: 발급대상자 및 법정대리인(부모 등)○ 신청방법: 거주지 동 주민센터 방문신청○ 제출서류: 신청서, 신분증(본인 또는 보호자) ※ 상반기에 카드 발급 시 별도의 추가신청 없이 하반기까지 지원 ▶ 청소년 "
WLF00005963,강북구 아동·청소년 동행카드 지원사업,source_text,2026-07-28T14:26:46.766033+00:00,4,가족관계증명서,https://efamily.scourt.go.kr,certificate_issuance,7,전자바우처(바우처),2,"○ 신청대상: 발급대상자 및 법정대리인(부모 등)○ 신청방법: 거주지 동 주민센터 방문신청○ 제출서류: 신청서, 신분증(본인 또는 보호자) ※ 상반기에 카드 발급 시 별도의 추가신청 없이 하반기까지 지원 ▶ 청소년 "
WLF00005963,강북구 아동·청소년 동행카드 지원사업,source_text,2026-07-28T14:26:46.766033+00:00,5,후견인증명서,,,7,전자바우처(바우처),2,"○ 신청대상: 발급대상자 및 법정대리인(부모 등)○ 신청방법: 거주지 동 주민센터 방문신청○ 제출서류: 신청서, 신분증(본인 또는 보호자) ※ 상반기에 카드 발급 시 별도의 추가신청 없이 하반기까지 지원 ▶ 청소년 "
WLF00005963,강북구 아동·청소년 동행카드 지원사업,source_text,2026-07-28T14:26:46.766033+00:00,6,시설아동증빙서류,,,7,전자바우처(바우처),2,"○ 신청대상: 발급대상자 및 법정대리인(부모 등)○ 신청방법: 거주지 동 주민센터 방문신청○ 제출서류: 신청서, 신분증(본인 또는 보호자) ※ 상반기에 카드 발급 시 별도의 추가신청 없이 하반기까지 지원 ▶ 청소년 "
WLF00005963,강북구 아동·청소년 동행카드 지원사업,source_text,2026-07-28T14:26:46.766033+00:00,7,가정위탁보호확인서,,,7,전자바우처(바우처),2,"○ 신청대상: 발급대상자 및 법정대리인(부모 등)○ 신청방법: 거주지 동 주민센터 방문신청○ 제출서류: 신청서, 신분증(본인 또는 보호자) ※ 상반기에 카드 발급 시 별도의 추가신청 없이 하반기까지 지원 ▶ 청소년 "
WLF00006003,이사비 지원사업,source_text,2026-07-28T14:26:46.766033+00:00,1,이사비 지원 신청서,,,5,현금지급,0,전입신고 60일 이내 거주지 동주민센터 방문신청
WLF00006003,이사비 지원사업,source_text,2026-07-28T14:26:46.766033+00:00,2,임대차계약서 사본,,,5,현금지급,0,전입신고 60일 이내 거주지 동주민센터 방문신청
WLF00006003,이사비 지원사업,source_text,2026-07-28T14:26:46.766033+00:00,3,사용대차 확인서,,,5,현금지급,0,전입신고 60일 이내 거주지 동주민센터 방문신청
WLF00006003,이사비 지원사업,source_text,2026-07-28T14:26:46.766033+00:00,4,통장사본,,,5,현금지급,0,전입신고 60일 이내 거주지 동주민센터 방문신청
WLF00006003,이사비 지원사업,source_text,2026-07-28T14:26:46.766033+00:00,5,이사비 지출 증빙서류,,,5,현금지급,0,전입신고 60일 이내 거주지 동주민센터 방문신청
WLF00006025,서울시 중소기업 워라밸 포인트제 육아휴직 동료응원수당,source_text,2026-07-28T14:26:46.766033+00:00,1,육아휴직 동료응원수당 신청서,,,3,현금지급,0,"■ ① 서울시 중소기업 워라밸 포인트제 홈페이지를(https://pointseoul.or.kr/) 통해 온라인 신청을 합니다.■ ② 서울시여성가족재단에서 기업에 방문하여 포인트를 산정하고, '서울시 워라밸 포인트 기"
WLF00006025,서울시 중소기업 워라밸 포인트제 육아휴직 동료응원수당,source_text,2026-07-28T14:26:46.766033+00:00,2,고용노동부 육아휴직 업무분담 지원금 결정통지서,,,3,현금지급,0,"■ ① 서울시 중소기업 워라밸 포인트제 홈페이지를(https://pointseoul.or.kr/) 통해 온라인 신청을 합니다.■ ② 서울시여성가족재단에서 기업에 방문하여 포인트를 산정하고, '서울시 워라밸 포인트 기"
WLF00006025,서울시 중소기업 워라밸 포인트제 육아휴직 동료응원수당,source_text,2026-07-28T14:26:46.766033+00:00,3,신분증,,,3,현금지급,0,"■ ① 서울시 중소기업 워라밸 포인트제 홈페이지를(https://pointseoul.or.kr/) 통해 온라인 신청을 합니다.■ ② 서울시여성가족재단에서 기업에 방문하여 포인트를 산정하고, '서울시 워라밸 포인트 기"
WLF00006026,서울시 중소기업 워라밸 포인트제 서울형 출산휴가급여 지원,source_text,2026-07-28T14:26:46.766033+00:00,1,서울형 출산휴가급여 지원 신청서,,,3,현금지급,0,"■ ① 서울시 중소기업 워라밸 포인트제 홈페이지를(https://pointseoul.or.kr/) 통해 온라인 신청을 합니다.■ ② 서울시여성가족재단에서 기업에 방문하여 포인트를 산정하고, '서울시 워라밸 포인트 기"
WLF00006026,서울시 중소기업 워라밸 포인트제 서울형 출산휴가급여 지원,source_text,2026-07-28T14:26:46.766033+00:00,2,고용노동부 출산전후휴가 급여 지급 결정통지서,,,3,현금지급,0,"■ ① 서울시 중소기업 워라밸 포인트제 홈페이지를(https://pointseoul.or.kr/) 통해 온라인 신청을 합니다.■ ② 서울시여성가족재단에서 기업에 방문하여 포인트를 산정하고, '서울시 워라밸 포인트 기"
WLF00006026,서울시 중소기업 워라밸 포인트제 서울형 출산휴가급여 지원,source_text,2026-07-28T14:26:46.766033+00:00,3,신분증,,,3,현금지급,0,"■ ① 서울시 중소기업 워라밸 포인트제 홈페이지를(https://pointseoul.or.kr/) 통해 온라인 신청을 합니다.■ ② 서울시여성가족재단에서 기업에 방문하여 포인트를 산정하고, '서울시 워라밸 포인트 기"
WLF00006069,청년 자격증 등 응시료 지원,source_text,2026-07-28T14:26:46.766033+00:00,1,청년 자격증 등 응시료 지원 신청서,,,5,현금지급,0,중구청 홈페이지 방문하여 서류 구비하여 메일 접수
WLF00006069,청년 자격증 등 응시료 지원,source_text,2026-07-28T14:26:46.766033+00:00,2,신분증,,,5,현금지급,0,중구청 홈페이지 방문하여 서류 구비하여 메일 접수
WLF00006069,청년 자격증 등 응시료 지원,source_text,2026-07-28T14:26:46.766033+00:00,3,주민등록등본,https://www.gov.kr/mw/AA020InfoCappView.do?CappBizCD=13100000015,certificate_issuance,5,현금지급,0,중구청 홈페이지 방문하여 서류 구비하여 메일 접수
WLF00006069,청년 자격증 등 응시료 지원,source_text,2026-07-28T14:26:46.766033+00:00,4,시험 응시료 영수증,,,5,현금지급,0,중구청 홈페이지 방문하여 서류 구비하여 메일 접수
WLF00006069,청년 자격증 등 응시료 지원,source_text,2026-07-28T14:26:46.766033+00:00,5,통장사본,,,5,현금지급,0,중구청 홈페이지 방문하여 서류 구비하여 메일 접수
WLF00006109,강남구 미취업 청년 어학·자격증 응시료 지원 사업,source_text,2026-07-28T14:26:46.766033+00:00,1,강남구 미취업 청년 어학·자격증 응시료 지원 신청서,,,5,현금지급,0,- 세부내용 확인 : 강남구청 홈페이지 고시공고 게시판(공고번호 2025-827호)- 신청방법 : 고시공고 게시판 내 신청서식 작성 및 첨부서류 구비 후 이메일 제출
WLF00006109,강남구 미취업 청년 어학·자격증 응시료 지원 사업,source_text,2026-07-28T14:26:46.766033+00:00,2,주민등록등본,https://www.gov.kr/mw/AA020InfoCappView.do?CappBizCD=13100000015,certificate_issuance,5,현금지급,0,- 세부내용 확인 : 강남구청 홈페이지 고시공고 게시판(공고번호 2025-827호)- 신청방법 : 고시공고 게시판 내 신청서식 작성 및 첨부서류 구비 후 이메일 제출
WLF00006109,강남구 미취업 청년 어학·자격증 응시료 지원 사업,source_text,2026-07-28T14:26:46.766033+00:00,3,신분증,,,5,현금지급,0,- 세부내용 확인 : 강남구청 홈페이지 고시공고 게시판(공고번호 2025-827호)- 신청방법 : 고시공고 게시판 내 신청서식 작성 및 첨부서류 구비 후 이메일 제출
WLF00006109,강남구 미취업 청년 어학·자격증 응시료 지원 사업,source_text,2026-07-28T14:26:46.766033+00:00,4,응시료 결제 영수증,,,5,현금지급,0,- 세부내용 확인 : 강남구청 홈페이지 고시공고 게시판(공고번호 2025-827호)- 신청방법 : 고시공고 게시판 내 신청서식 작성 및 첨부서류 구비 후 이메일 제출
WLF00006109,강남구 미취업 청년 어학·자격증 응시료 지원 사업,source_text,2026-07-28T14:26:46.766033+00:00,5,본인 명의 통장 사본,,,5,현금지급,0,- 세부내용 확인 : 강남구청 홈페이지 고시공고 게시판(공고번호 2025-827호)- 신청방법 : 고시공고 게시판 내 신청서식 작성 및 첨부서류 구비 후 이메일 제출
WLF00006121,장애인친화미용실 운영,source_text,2026-07-28T14:26:46.766033+00:00,1,장애인증명서,https://www.gov.kr,certificate_issuance,1,프로그램/서비스(서비스),0,"- 3개월 이내 발급된 장애인증명서 - 미용실 사전 예약 후 미용서비스 (컷, 염색 등 최대 2만원 한도내 지원) - > 매월초 각 미용실 방문하여 이전달 미용서비스 대장 및 명단 동별로 동 담당자가 구청으로 공문,"
WLF00006181,자녀출산 무주택가구 주거비 지원,source_text,2026-07-28T14:26:46.766033+00:00,1,자녀출산 무주택가구 주거비 지원 신청서,,,5,현금지급,0,[탄생육아 몽땅정보통(https://umppa.seoul.go.kr/)] - [지원사업 신청] - [자녀출산 무주택가구 주거비 지원] - [신청하기]
WLF00006181,자녀출산 무주택가구 주거비 지원,source_text,2026-07-28T14:26:46.766033+00:00,2,소득금액증명원,https://www.hometax.go.kr,certificate_issuance,5,현금지급,0,[탄생육아 몽땅정보통(https://umppa.seoul.go.kr/)] - [지원사업 신청] - [자녀출산 무주택가구 주거비 지원] - [신청하기]
WLF00006181,자녀출산 무주택가구 주거비 지원,source_text,2026-07-28T14:26:46.766033+00:00,3,주민등록등본,https://www.gov.kr/mw/AA020InfoCappView.do?CappBizCD=13100000015,certificate_issuance,5,현금지급,0,[탄생육아 몽땅정보통(https://umppa.seoul.go.kr/)] - [지원사업 신청] - [자녀출산 무주택가구 주거비 지원] - [신청하기]
WLF00006181,자녀출산 무주택가구 주거비 지원,source_text,2026-07-28T14:26:46.766033+00:00,4,가족관계증명서,https://efamily.scourt.go.kr,certificate_issuance,5,현금지급,0,[탄생육아 몽땅정보통(https://umppa.seoul.go.kr/)] - [지원사업 신청] - [자녀출산 무주택가구 주거비 지원] - [신청하기]
WLF00006181,자녀출산 무주택가구 주거비 지원,source_text,2026-07-28T14:26:46.766033+00:00,5,신분증,,,5,현금지급,0,[탄생육아 몽땅정보통(https://umppa.seoul.go.kr/)] - [지원사업 신청] - [자녀출산 무주택가구 주거비 지원] - [신청하기]
WLF00006201,저소득주민 부동산 통합 복지 지원 사업,source_text,2026-07-28T14:26:46.766033+00:00,1,부동산 복지 통합 지원 신청서,https://www.bokjiro.go.kr/ssis-tbu/CmmFileUtil/siteQnaInfoDownload.do?atcflId=20260127UUWBM1724270173166911&atcflSn=1,form_download,8,현금지급,1,□ 신청방법 - 서울 중구 관내 동주민센터 및 중구청 부동산정보과 방문접수 - 카카오톡 친구 '부응이' 통합복지신청 접수□ 제출서류 - 부동산 복지 통합 신청서 및 개인정보제공 동의서 - 임대차계약서 - 주민등록초본
WLF00006201,저소득주민 부동산 통합 복지 지원 사업,source_text,2026-07-28T14:26:46.766033+00:00,2,개인정보 수집·이용 동의서,,,8,현금지급,1,□ 신청방법 - 서울 중구 관내 동주민센터 및 중구청 부동산정보과 방문접수 - 카카오톡 친구 '부응이' 통합복지신청 접수□ 제출서류 - 부동산 복지 통합 신청서 및 개인정보제공 동의서 - 임대차계약서 - 주민등록초본
WLF00006201,저소득주민 부동산 통합 복지 지원 사업,source_text,2026-07-28T14:26:46.766033+00:00,3,임대차계약서 사본,,,8,현금지급,1,□ 신청방법 - 서울 중구 관내 동주민센터 및 중구청 부동산정보과 방문접수 - 카카오톡 친구 '부응이' 통합복지신청 접수□ 제출서류 - 부동산 복지 통합 신청서 및 개인정보제공 동의서 - 임대차계약서 - 주민등록초본
WLF00006201,저소득주민 부동산 통합 복지 지원 사업,source_text,2026-07-28T14:26:46.766033+00:00,4,주민등록초본,https://www.gov.kr/mw/AA020InfoCappView.do?CappBizCD=13100000015,certificate_issuance,8,현금지급,1,□ 신청방법 - 서울 중구 관내 동주민센터 및 중구청 부동산정보과 방문접수 - 카카오톡 친구 '부응이' 통합복지신청 접수□ 제출서류 - 부동산 복지 통합 신청서 및 개인정보제공 동의서 - 임대차계약서 - 주민등록초본
WLF00006201,저소득주민 부동산 통합 복지 지원 사업,source_text,2026-07-28T14:26:46.766033+00:00,5,대상자 증명서류,,,8,현금지급,1,□ 신청방법 - 서울 중구 관내 동주민센터 및 중구청 부동산정보과 방문접수 - 카카오톡 친구 '부응이' 통합복지신청 접수□ 제출서류 - 부동산 복지 통합 신청서 및 개인정보제공 동의서 - 임대차계약서 - 주민등록초본
WLF00006201,저소득주민 부동산 통합 복지 지원 사업,source_text,2026-07-28T14:26:46.766033+00:00,6,중개수수료 영수증,,,8,현금지급,1,□ 신청방법 - 서울 중구 관내 동주민센터 및 중구청 부동산정보과 방문접수 - 카카오톡 친구 '부응이' 통합복지신청 접수□ 제출서류 - 부동산 복지 통합 신청서 및 개인정보제공 동의서 - 임대차계약서 - 주민등록초본
WLF00006201,저소득주민 부동산 통합 복지 지원 사업,source_text,2026-07-28T14:26:46.766033+00:00,7,이사비 영수증,,,8,현금지급,1,□ 신청방법 - 서울 중구 관내 동주민센터 및 중구청 부동산정보과 방문접수 - 카카오톡 친구 '부응이' 통합복지신청 접수□ 제출서류 - 부동산 복지 통합 신청서 및 개인정보제공 동의서 - 임대차계약서 - 주민등록초본
WLF00006201,저소득주민 부동산 통합 복지 지원 사업,source_text,2026-07-28T14:26:46.766033+00:00,8,신분증,,,8,현금지급,1,□ 신청방법 - 서울 중구 관내 동주민센터 및 중구청 부동산정보과 방문접수 - 카카오톡 친구 '부응이' 통합복지신청 접수□ 제출서류 - 부동산 복지 통합 신청서 및 개인정보제공 동의서 - 임대차계약서 - 주민등록초본
WLF00006226,"저소득층, 사회적 배려대상 및 다자녀가구 지역난방 열요금 지원",source_text,2026-07-28T14:26:46.766033+00:00,1,신분증,,,4,현금지급,0,"신청기관연락처목록: 거주지 읍/면/동 주민센터, 한국지역난방공사에서 ‘서비스 신청’ 조사기관연락처목록: 담당 시/군/구청 또는 한국지역난방공사에서 조사 및 심사 결정기관연락처목록: 담당 시/군/구청 또는 한국지역난방"
WLF00006226,"저소득층, 사회적 배려대상 및 다자녀가구 지역난방 열요금 지원",source_text,2026-07-28T14:26:46.766033+00:00,2,주민등록등본,https://www.gov.kr/mw/AA020InfoCappView.do?CappBizCD=13100000015,certificate_issuance,4,현금지급,0,"신청기관연락처목록: 거주지 읍/면/동 주민센터, 한국지역난방공사에서 ‘서비스 신청’ 조사기관연락처목록: 담당 시/군/구청 또는 한국지역난방공사에서 조사 및 심사 결정기관연락처목록: 담당 시/군/구청 또는 한국지역난방"
WLF00006226,"저소득층, 사회적 배려대상 및 다자녀가구 지역난방 열요금 지원",source_text,2026-07-28T14:26:46.766033+00:00,3,수급자증명서,https://www.gov.kr/mw/AA020InfoCappView.do?CappBizCD=14600000280,certificate_issuance,4,현금지급,0,"신청기관연락처목록: 거주지 읍/면/동 주민센터, 한국지역난방공사에서 ‘서비스 신청’ 조사기관연락처목록: 담당 시/군/구청 또는 한국지역난방공사에서 조사 및 심사 결정기관연락처목록: 담당 시/군/구청 또는 한국지역난방"
WLF00006226,"저소득층, 사회적 배려대상 및 다자녀가구 지역난방 열요금 지원",source_text,2026-07-28T14:26:46.766033+00:00,4,장애인등록증,https://www.gov.kr,certificate_issuance,4,현금지급,0,"신청기관연락처목록: 거주지 읍/면/동 주민센터, 한국지역난방공사에서 ‘서비스 신청’ 조사기관연락처목록: 담당 시/군/구청 또는 한국지역난방공사에서 조사 및 심사 결정기관연락처목록: 담당 시/군/구청 또는 한국지역난방"
WLF00006242,현장실습 지원금,source_text,2026-07-28T14:26:46.766033+00:00,1,현장실습 표준 협약서,,,3,현금지급,0,"신청기관연락처목록: 거주지 읍/면/동 주민센터, 한국장학제단에서 ‘서비스 신청’ 조사기관연락처목록: 담당 시/군/구청 또는 ﻿한국장학제단에서 조사 및 심사 결정기관연락처목록: 담당 시/군/구청 또는 ﻿한국장학제단에서"
WLF00006242,현장실습 지원금,source_text,2026-07-28T14:26:46.766033+00:00,2,신분증,,,3,현금지급,0,"신청기관연락처목록: 거주지 읍/면/동 주민센터, 한국장학제단에서 ‘서비스 신청’ 조사기관연락처목록: 담당 시/군/구청 또는 ﻿한국장학제단에서 조사 및 심사 결정기관연락처목록: 담당 시/군/구청 또는 ﻿한국장학제단에서"
WLF00006242,현장실습 지원금,source_text,2026-07-28T14:26:46.766033+00:00,3,개인정보 수집·이용 동의서,,,3,현금지급,0,"신청기관연락처목록: 거주지 읍/면/동 주민센터, 한국장학제단에서 ‘서비스 신청’ 조사기관연락처목록: 담당 시/군/구청 또는 ﻿한국장학제단에서 조사 및 심사 결정기관연락처목록: 담당 시/군/구청 또는 ﻿한국장학제단에서"
WLF00006251,중증장애인확인서 발급,source_text,2026-07-28T14:26:46.766033+00:00,1,장애인등록증,https://www.gov.kr,certificate_issuance,2,기타,0,"신청기관연락처목록: 거주지 읍/면/동 주민센터, 한국장애인고용공단에서 ‘서비스 신청’ 조사기관연락처목록: 담당 시/군/구청 또는 한국장애인고용공단에서 조사 및 심사 결정기관연락처목록: 담당 시/군/구청 또는 한국장애"
WLF00006251,중증장애인확인서 발급,source_text,2026-07-28T14:26:46.766033+00:00,2,신분증,,,2,기타,0,"신청기관연락처목록: 거주지 읍/면/동 주민센터, 한국장애인고용공단에서 ‘서비스 신청’ 조사기관연락처목록: 담당 시/군/구청 또는 한국장애인고용공단에서 조사 및 심사 결정기관연락처목록: 담당 시/군/구청 또는 한국장애"
WLF00006255,생계유지곤란자 병역감면,source_text,2026-07-28T14:43:37.654665+00:00,1,가사상황서,,,5,감면,0,"신청기관연락처목록: 거주지 읍/면/동 주민센터, 병무청에서 ‘서비스 신청’ 조사기관연락처목록: 담당 시/군/구청 또는 병무청에서 조사 및 심사 결정기관연락처목록: 담당 시/군/구청 또는 병무청에서 보장 결정 이의신청"
WLF00006255,생계유지곤란자 병역감면,source_text,2026-07-28T14:43:37.654665+00:00,2,행정정보공동이용·재산·수입·금융거래정보 등 제공 동의서,,,5,감면,0,"신청기관연락처목록: 거주지 읍/면/동 주민센터, 병무청에서 ‘서비스 신청’ 조사기관연락처목록: 담당 시/군/구청 또는 병무청에서 조사 및 심사 결정기관연락처목록: 담당 시/군/구청 또는 병무청에서 보장 결정 이의신청"
WLF00006255,생계유지곤란자 병역감면,source_text,2026-07-28T14:43:37.654665+00:00,3,지방세세목별과세증명서,,,5,감면,0,"신청기관연락처목록: 거주지 읍/면/동 주민센터, 병무청에서 ‘서비스 신청’ 조사기관연락처목록: 담당 시/군/구청 또는 병무청에서 조사 및 심사 결정기관연락처목록: 담당 시/군/구청 또는 병무청에서 보장 결정 이의신청"
WLF00006255,생계유지곤란자 병역감면,source_text,2026-07-28T14:43:37.654665+00:00,4,호적등본 (또는 제적등본),,,5,감면,0,"신청기관연락처목록: 거주지 읍/면/동 주민센터, 병무청에서 ‘서비스 신청’ 조사기관연락처목록: 담당 시/군/구청 또는 병무청에서 조사 및 심사 결정기관연락처목록: 담당 시/군/구청 또는 병무청에서 보장 결정 이의신청"
WLF00006255,생계유지곤란자 병역감면,source_text,2026-07-28T14:43:37.654665+00:00,5,병사용진단서 (가족 중 질병 또는 심신장애자 있는 경우),,,5,감면,0,"신청기관연락처목록: 거주지 읍/면/동 주민센터, 병무청에서 ‘서비스 신청’ 조사기관연락처목록: 담당 시/군/구청 또는 병무청에서 조사 및 심사 결정기관연락처목록: 담당 시/군/구청 또는 병무청에서 보장 결정 이의신청"
WLF00006256,경제적 신체적 배려대상자 병역이행 지원,source_text,2026-07-28T14:26:46.766033+00:00,1,신분증,,,3,"감면, 현금지급, 기타",0,"신청기관연락처목록: 거주지 읍/면/동 주민센터, 병무청에서 ‘서비스 신청’ 조사기관연락처목록: 담당 시/군/구청 또는 병무청에서 조사 및 심사 결정기관연락처목록: 담당 시/군/구청 또는 병무청에서 보장 결정 이의신청"
WLF00006256,경제적 신체적 배려대상자 병역이행 지원,source_text,2026-07-28T14:26:46.766033+00:00,2,수급자증명서,https://www.gov.kr/mw/AA020InfoCappView.do?CappBizCD=14600000280,certificate_issuance,3,"감면, 현금지급, 기타",0,"신청기관연락처목록: 거주지 읍/면/동 주민센터, 병무청에서 ‘서비스 신청’ 조사기관연락처목록: 담당 시/군/구청 또는 병무청에서 조사 및 심사 결정기관연락처목록: 담당 시/군/구청 또는 병무청에서 보장 결정 이의신청"
WLF00006256,경제적 신체적 배려대상자 병역이행 지원,source_text,2026-07-28T14:26:46.766033+00:00,3,진단서,,,3,"감면, 현금지급, 기타",0,"신청기관연락처목록: 거주지 읍/면/동 주민센터, 병무청에서 ‘서비스 신청’ 조사기관연락처목록: 담당 시/군/구청 또는 병무청에서 조사 및 심사 결정기관연락처목록: 담당 시/군/구청 또는 병무청에서 보장 결정 이의신청"
WLF00006258,건강보험 임의계속가입제도,source_text,2026-07-28T14:49:02.647109+00:00,1,임의계속 가입·탈퇴 신청서,,,4,기타,0,"신청기관연락처목록: 거주지 읍/면/동 주민센터, 국민건강보험공단에서 ‘서비스 신청’ 조사기관연락처목록: 담당 시/군/구청 또는 국민건강보험공단에서 조사 및 심사 결정기관연락처목록: 담당 시/군/구청 또는 국민건강보험"
WLF00006258,건강보험 임의계속가입제도,source_text,2026-07-28T14:49:02.647109+00:00,2,가족관계등록부 증명서,,,4,기타,0,"신청기관연락처목록: 거주지 읍/면/동 주민센터, 국민건강보험공단에서 ‘서비스 신청’ 조사기관연락처목록: 담당 시/군/구청 또는 국민건강보험공단에서 조사 및 심사 결정기관연락처목록: 담당 시/군/구청 또는 국민건강보험"
WLF00006258,건강보험 임의계속가입제도,source_text,2026-07-28T14:49:02.647109+00:00,3,장애인등록증 또는 국가유공자증명서 등,https://www.gov.kr,certificate_issuance,4,기타,0,"신청기관연락처목록: 거주지 읍/면/동 주민센터, 국민건강보험공단에서 ‘서비스 신청’ 조사기관연락처목록: 담당 시/군/구청 또는 국민건강보험공단에서 조사 및 심사 결정기관연락처목록: 담당 시/군/구청 또는 국민건강보험"
WLF00006258,건강보험 임의계속가입제도,source_text,2026-07-28T14:49:02.647109+00:00,4,국내거소신고증 사본 또는 외국인등록증 사본,,,4,기타,0,"신청기관연락처목록: 거주지 읍/면/동 주민센터, 국민건강보험공단에서 ‘서비스 신청’ 조사기관연락처목록: 담당 시/군/구청 또는 국민건강보험공단에서 조사 및 심사 결정기관연락처목록: 담당 시/군/구청 또는 국민건강보험"
WLF00006265,연탄쿠폰,source_text,2026-07-28T14:26:46.766033+00:00,1,연탄쿠폰 신청서,,,5,프로그램/서비스(서비스),0,"지급기관연락처목록: 담당 시/군/구청 또는 한국광해광업공단에서 대상자에게 서비스 제공 신청기관연락처목록: 거주지 읍/면/동 주민센터, 읍면동에서 ‘서비스 신청’ 조사기관연락처목록: 담당 시/군/구청 또는 읍면동에서 "
WLF00006265,연탄쿠폰,source_text,2026-07-28T14:26:46.766033+00:00,2,신분증,,,5,프로그램/서비스(서비스),0,"지급기관연락처목록: 담당 시/군/구청 또는 한국광해광업공단에서 대상자에게 서비스 제공 신청기관연락처목록: 거주지 읍/면/동 주민센터, 읍면동에서 ‘서비스 신청’ 조사기관연락처목록: 담당 시/군/구청 또는 읍면동에서 "
WLF00006265,연탄쿠폰,source_text,2026-07-28T14:26:46.766033+00:00,3,주민등록등본,https://www.gov.kr/mw/AA020InfoCappView.do?CappBizCD=13100000015,certificate_issuance,5,프로그램/서비스(서비스),0,"지급기관연락처목록: 담당 시/군/구청 또는 한국광해광업공단에서 대상자에게 서비스 제공 신청기관연락처목록: 거주지 읍/면/동 주민센터, 읍면동에서 ‘서비스 신청’ 조사기관연락처목록: 담당 시/군/구청 또는 읍면동에서 "
WLF00006265,연탄쿠폰,source_text,2026-07-28T14:26:46.766033+00:00,4,소득금액증명원,https://www.hometax.go.kr,certificate_issuance,5,프로그램/서비스(서비스),0,"지급기관연락처목록: 담당 시/군/구청 또는 한국광해광업공단에서 대상자에게 서비스 제공 신청기관연락처목록: 거주지 읍/면/동 주민센터, 읍면동에서 ‘서비스 신청’ 조사기관연락처목록: 담당 시/군/구청 또는 읍면동에서 "
WLF00006265,연탄쿠폰,source_text,2026-07-28T14:26:46.766033+00:00,5,장애인등록증,https://www.gov.kr,certificate_issuance,5,프로그램/서비스(서비스),0,"지급기관연락처목록: 담당 시/군/구청 또는 한국광해광업공단에서 대상자에게 서비스 제공 신청기관연락처목록: 거주지 읍/면/동 주민센터, 읍면동에서 ‘서비스 신청’ 조사기관연락처목록: 담당 시/군/구청 또는 읍면동에서 "
WLF00006266,청년미래적금,source_text,2026-07-28T14:26:46.766033+00:00,1,신분증,,,2,기타,0,"신청기관연락처목록: 거주지 읍/면/동 주민센터, 취급기관 모집 중에서 ‘서비스 신청’ 조사기관연락처목록: 담당 시/군/구청 또는 서민금융진흥원에서 조사 및 심사 결정기관연락처목록: 담당 시/군/구청 또는 서민금융진흥"
WLF00006266,청년미래적금,source_text,2026-07-28T14:26:46.766033+00:00,2,소득확인증명서,,,2,기타,0,"신청기관연락처목록: 거주지 읍/면/동 주민센터, 취급기관 모집 중에서 ‘서비스 신청’ 조사기관연락처목록: 담당 시/군/구청 또는 서민금융진흥원에서 조사 및 심사 결정기관연락처목록: 담당 시/군/구청 또는 서민금융진흥"
WLF00006278,서민금융진흥원 소액보험(한부모가정의료보험),source_text,2026-07-28T14:26:46.766033+00:00,1,한부모가족증명서,https://www.gov.kr/mw/AA020InfoCappView.do?CappBizCD=10601000001,certificate_issuance,3,현금지급,0,"신청기관연락처목록: 거주지 읍/면/동 주민센터, 삼성화재해상보험, 메리츠화재해상보험, 현대해상화재보험, DB손해보험, KB손해보험 에서 ‘서비스 신청’ 조사기관연락처목록: 담당 시/군/구청 또는 삼성화재해상보험, 메"
WLF00006278,서민금융진흥원 소액보험(한부모가정의료보험),source_text,2026-07-28T14:26:46.766033+00:00,2,가족관계증명서,https://efamily.scourt.go.kr,certificate_issuance,3,현금지급,0,"신청기관연락처목록: 거주지 읍/면/동 주민센터, 삼성화재해상보험, 메리츠화재해상보험, 현대해상화재보험, DB손해보험, KB손해보험 에서 ‘서비스 신청’ 조사기관연락처목록: 담당 시/군/구청 또는 삼성화재해상보험, 메"
WLF00006278,서민금융진흥원 소액보험(한부모가정의료보험),source_text,2026-07-28T14:26:46.766033+00:00,3,사회보장급여통지서,,,3,현금지급,0,"신청기관연락처목록: 거주지 읍/면/동 주민센터, 삼성화재해상보험, 메리츠화재해상보험, 현대해상화재보험, DB손해보험, KB손해보험 에서 ‘서비스 신청’ 조사기관연락처목록: 담당 시/군/구청 또는 삼성화재해상보험, 메"
WLF00006291,요실금 치료지원 사업,source_text,2026-07-28T14:26:46.766033+00:00,1,신분증,,,6,현금지급,1,"신청기관연락처목록: 거주지 읍/면/동 주민센터, 관할 시군구 보건소에서 ‘서비스 신청’ 조사기관연락처목록: 담당 시/군/구청 또는 관할 시군구 보건소에서 조사 및 심사 결정기관연락처목록: 담당 시/군/구청 또는 관할"
WLF00006291,요실금 치료지원 사업,source_text,2026-07-28T14:26:46.766033+00:00,2,요실금 진단서,,,6,현금지급,1,"신청기관연락처목록: 거주지 읍/면/동 주민센터, 관할 시군구 보건소에서 ‘서비스 신청’ 조사기관연락처목록: 담당 시/군/구청 또는 관할 시군구 보건소에서 조사 및 심사 결정기관연락처목록: 담당 시/군/구청 또는 관할"
WLF00006291,요실금 치료지원 사업,source_text,2026-07-28T14:26:46.766033+00:00,3,소득금액증명원,https://www.hometax.go.kr,certificate_issuance,6,현금지급,1,"신청기관연락처목록: 거주지 읍/면/동 주민센터, 관할 시군구 보건소에서 ‘서비스 신청’ 조사기관연락처목록: 담당 시/군/구청 또는 관할 시군구 보건소에서 조사 및 심사 결정기관연락처목록: 담당 시/군/구청 또는 관할"
WLF00006291,요실금 치료지원 사업,source_text,2026-07-28T14:26:46.766033+00:00,4,처방전,,,6,현금지급,1,"신청기관연락처목록: 거주지 읍/면/동 주민센터, 관할 시군구 보건소에서 ‘서비스 신청’ 조사기관연락처목록: 담당 시/군/구청 또는 관할 시군구 보건소에서 조사 및 심사 결정기관연락처목록: 담당 시/군/구청 또는 관할"
WLF00006291,요실금 치료지원 사업,source_text,2026-07-28T14:26:46.766033+00:00,5,영수증,,,6,현금지급,1,"신청기관연락처목록: 거주지 읍/면/동 주민센터, 관할 시군구 보건소에서 ‘서비스 신청’ 조사기관연락처목록: 담당 시/군/구청 또는 관할 시군구 보건소에서 조사 및 심사 결정기관연락처목록: 담당 시/군/구청 또는 관할"
WLF00006291,요실금 치료지원 사업,source_text,2026-07-28T14:26:46.766033+00:00,6,진료비 상세내역서,,,6,현금지급,1,"신청기관연락처목록: 거주지 읍/면/동 주민센터, 관할 시군구 보건소에서 ‘서비스 신청’ 조사기관연락처목록: 담당 시/군/구청 또는 관할 시군구 보건소에서 조사 및 심사 결정기관연락처목록: 담당 시/군/구청 또는 관할"
WLF00006313,건강보험 임신출산 진료비(국민행복카드),source_text,2026-07-28T14:32:12.057332+00:00,1,임신 확인서,,,2,전자바우처(바우처),0,"신청기관연락처목록: 거주지 읍/면/동 주민센터, 국민건강보험공단에서 ‘서비스 신청’ 신청기관연락처목록: 거주지 읍/면/동 주민센터, 주민센터에서 ‘서비스 신청’ 신청기관연락처목록: 거주지 읍/면/동 주민센터, 보건소"
WLF00006313,건강보험 임신출산 진료비(국민행복카드),source_text,2026-07-28T14:32:12.057332+00:00,2,신분증,,,2,전자바우처(바우처),0,"신청기관연락처목록: 거주지 읍/면/동 주민센터, 국민건강보험공단에서 ‘서비스 신청’ 신청기관연락처목록: 거주지 읍/면/동 주민센터, 주민센터에서 ‘서비스 신청’ 신청기관연락처목록: 거주지 읍/면/동 주민센터, 보건소"
WLF00006319,대지급금,source_text,2026-07-28T14:32:12.057332+00:00,1,신분증,,,3,현금지급,0,"신청기관연락처목록: 거주지 읍/면/동 주민센터, 고용노동부에서 ‘서비스 신청’ 조사기관연락처목록: 담당 시/군/구청 또는 고용노동부에서 조사 및 심사 결정기관연락처목록: 담당 시/군/구청 또는 고용노동부에서 보장 결"
WLF00006319,대지급금,source_text,2026-07-28T14:32:12.057332+00:00,2,임금 체불 확인서,,,3,현금지급,0,"신청기관연락처목록: 거주지 읍/면/동 주민센터, 고용노동부에서 ‘서비스 신청’ 조사기관연락처목록: 담당 시/군/구청 또는 고용노동부에서 조사 및 심사 결정기관연락처목록: 담당 시/군/구청 또는 고용노동부에서 보장 결"
WLF00006319,대지급금,source_text,2026-07-28T14:32:12.057332+00:00,3,퇴직증명서,,,3,현금지급,0,"신청기관연락처목록: 거주지 읍/면/동 주민센터, 고용노동부에서 ‘서비스 신청’ 조사기관연락처목록: 담당 시/군/구청 또는 고용노동부에서 조사 및 심사 결정기관연락처목록: 담당 시/군/구청 또는 고용노동부에서 보장 결"
WLF00006326,은평구 한방 난임 치료지원사업,source_text,2026-07-28T14:32:12.057332+00:00,1,신청서,,,5,기타,0,○ 온라인 신청: 유선전화 연락하여 담당자 이메일로 신청서류 및 구비서류 송부○ 방문신청: 은평구보건소 5층 예방관리과
WLF00006326,은평구 한방 난임 치료지원사업,source_text,2026-07-28T14:32:12.057332+00:00,2,난임 진단서,,,5,기타,0,○ 온라인 신청: 유선전화 연락하여 담당자 이메일로 신청서류 및 구비서류 송부○ 방문신청: 은평구보건소 5층 예방관리과
WLF00006326,은평구 한방 난임 치료지원사업,source_text,2026-07-28T14:32:12.057332+00:00,3,사전 선별지 결과,,,5,기타,0,○ 온라인 신청: 유선전화 연락하여 담당자 이메일로 신청서류 및 구비서류 송부○ 방문신청: 은평구보건소 5층 예방관리과
WLF00006326,은평구 한방 난임 치료지원사업,source_text,2026-07-28T14:32:12.057332+00:00,4,사전 필수 검사 결과지,,,5,기타,0,○ 온라인 신청: 유선전화 연락하여 담당자 이메일로 신청서류 및 구비서류 송부○ 방문신청: 은평구보건소 5층 예방관리과
WLF00006326,은평구 한방 난임 치료지원사업,source_text,2026-07-28T14:32:12.057332+00:00,5,주민등록등본,https://www.gov.kr/mw/AA020InfoCappView.do?CappBizCD=13100000015,certificate_issuance,5,기타,0,○ 온라인 신청: 유선전화 연락하여 담당자 이메일로 신청서류 및 구비서류 송부○ 방문신청: 은평구보건소 5층 예방관리과
WLF00006327,어르신 장수축하물품 지원 사업,source_text,2026-07-28T14:32:12.057332+00:00,1,신분증,,,3,현물지급,1,- 해당 동주민센터로 직접 방문하여 신청서를 제출합니다.- 방문이 어려울 경우 대리인이 위임장과 신분증을 지참하여 신청가능합니다.
WLF00006327,어르신 장수축하물품 지원 사업,source_text,2026-07-28T14:32:12.057332+00:00,2,주민등록등본,https://www.gov.kr/mw/AA020InfoCappView.do?CappBizCD=13100000015,certificate_issuance,3,현물지급,1,- 해당 동주민센터로 직접 방문하여 신청서를 제출합니다.- 방문이 어려울 경우 대리인이 위임장과 신분증을 지참하여 신청가능합니다.
WLF00006327,어르신 장수축하물품 지원 사업,source_text,2026-07-28T14:32:12.057332+00:00,3,위임장,,,3,현물지급,1,- 해당 동주민센터로 직접 방문하여 신청서를 제출합니다.- 방문이 어려울 경우 대리인이 위임장과 신분증을 지참하여 신청가능합니다.
WLF00006329,플랫폼 종사자 고용산재보험료 지원 사업,source_text,2026-07-28T14:32:12.057332+00:00,1,플랫폼 종사자 고용산재보험료 지원 신청서,,,4,현금지급,1,"신청서 작성 후 증빙자료(고용산재보험료 부과내역, 통장사본 등) 제출"
WLF00006329,플랫폼 종사자 고용산재보험료 지원 사업,source_text,2026-07-28T14:32:12.057332+00:00,2,고용산재보험료 부과내역,,,4,현금지급,1,"신청서 작성 후 증빙자료(고용산재보험료 부과내역, 통장사본 등) 제출"
WLF00006329,플랫폼 종사자 고용산재보험료 지원 사업,source_text,2026-07-28T14:32:12.057332+00:00,3,통장사본,,,4,현금지급,1,"신청서 작성 후 증빙자료(고용산재보험료 부과내역, 통장사본 등) 제출"
WLF00006329,플랫폼 종사자 고용산재보험료 지원 사업,source_text,2026-07-28T14:32:12.057332+00:00,4,주민등록등본,https://www.gov.kr/mw/AA020InfoCappView.do?CappBizCD=13100000015,certificate_issuance,4,현금지급,1,"신청서 작성 후 증빙자료(고용산재보험료 부과내역, 통장사본 등) 제출"
WLF00006333,건강보험 산정특례,source_text,2026-07-28T14:32:12.057332+00:00,1,산정특례 등록 신청서,,,3,현물지급,0,"신청기관연락처목록: 거주지 읍/면/동 주민센터, 국민건강보험공단에서 ‘서비스 신청’ 조사기관연락처목록: 담당 시/군/구청 또는 국민건강보험공단에서 조사 및 심사 결정기관연락처목록: 담당 시/군/구청 또는 국민건강보험"
WLF00006333,건강보험 산정특례,source_text,2026-07-28T14:32:12.057332+00:00,2,진단서,,,3,현물지급,0,"신청기관연락처목록: 거주지 읍/면/동 주민센터, 국민건강보험공단에서 ‘서비스 신청’ 조사기관연락처목록: 담당 시/군/구청 또는 국민건강보험공단에서 조사 및 심사 결정기관연락처목록: 담당 시/군/구청 또는 국민건강보험"
WLF00006333,건강보험 산정특례,source_text,2026-07-28T14:32:12.057332+00:00,3,신분증,,,3,현물지급,0,"신청기관연락처목록: 거주지 읍/면/동 주민센터, 국민건강보험공단에서 ‘서비스 신청’ 조사기관연락처목록: 담당 시/군/구청 또는 국민건강보험공단에서 조사 및 심사 결정기관연락처목록: 담당 시/군/구청 또는 국민건강보험"
WLF00006468,종로구 출생축하선물 지원사업,source_text,2026-07-28T14:32:12.057332+00:00,1,출산통합처리신청서,,,2,현물지급,1,○ 부 또는 모가 신생아의 출생일로부터 1년 이내 거주지 동주민센터 방문 신청 또는 정부24 온라인 신청 제출○ 신청서류(방문신청 시) - 출산통합처리신청서
WLF00006468,종로구 출생축하선물 지원사업,source_text,2026-07-28T14:32:12.057332+00:00,2,신분증,,,2,현물지급,1,○ 부 또는 모가 신생아의 출생일로부터 1년 이내 거주지 동주민센터 방문 신청 또는 정부24 온라인 신청 제출○ 신청서류(방문신청 시) - 출산통합처리신청서
WLF00006479,시니어 동행상점,source_text,2026-07-28T14:32:12.057332+00:00,1,시니어 동행상점 신청서,,,3,현금지급,0,ㅇ 신청방법 : 어르신 동행 희망 상점 → 자치구로 신청서 제출 - ① 신청 희망 상점은 신청서 및 관련 증빙서류를 갖추어 관할 자치구에 신청 - ② 각 자치구는 관내 복지시설 등 관계기관과 협력하여 대상 상점 발굴
WLF00006479,시니어 동행상점,source_text,2026-07-28T14:32:12.057332+00:00,2,사업자등록증 사본,,,3,현금지급,0,ㅇ 신청방법 : 어르신 동행 희망 상점 → 자치구로 신청서 제출 - ① 신청 희망 상점은 신청서 및 관련 증빙서류를 갖추어 관할 자치구에 신청 - ② 각 자치구는 관내 복지시설 등 관계기관과 협력하여 대상 상점 발굴
WLF00006479,시니어 동행상점,source_text,2026-07-28T14:32:12.057332+00:00,3,국세 및 지방세 납세증명서,,,3,현금지급,0,ㅇ 신청방법 : 어르신 동행 희망 상점 → 자치구로 신청서 제출 - ① 신청 희망 상점은 신청서 및 관련 증빙서류를 갖추어 관할 자치구에 신청 - ② 각 자치구는 관내 복지시설 등 관계기관과 협력하여 대상 상점 발굴
WLF00006484,서울특별시교육청 농촌유학,source_text,2026-07-28T14:32:12.057332+00:00,1,농촌유학 신청서,,,3,현금지급,0,서울 재학학교로 신청서 및 동의서 제출
WLF00006484,서울특별시교육청 농촌유학,source_text,2026-07-28T14:32:12.057332+00:00,2,개인정보 수집·이용 동의서,,,3,현금지급,0,서울 재학학교로 신청서 및 동의서 제출
WLF00006484,서울특별시교육청 농촌유학,source_text,2026-07-28T14:32:12.057332+00:00,3,신분증,,,3,현금지급,0,서울 재학학교로 신청서 및 동의서 제출
WLF00006487,동대문구 미숙아 RSV(호흡기세포융합바이러스) 예방접종비 지원사업,source_text,2026-07-28T14:32:12.057332+00:00,1,출생증명서,,,5,현금지급,0,"신청방법: 동대문구 아가사랑센터 방문신청(동대문구 답십리로1길10 힐스테이트 청량리 더퍼스트 102동 2층)구비서류: 출생보고서(출생증명서) 1부, 진료비영수증 및 진료비세부내역서 각 1부, 주민등록등(초)본 1부("
WLF00006487,동대문구 미숙아 RSV(호흡기세포융합바이러스) 예방접종비 지원사업,source_text,2026-07-28T14:32:12.057332+00:00,2,진료비 영수증,,,5,현금지급,0,"신청방법: 동대문구 아가사랑센터 방문신청(동대문구 답십리로1길10 힐스테이트 청량리 더퍼스트 102동 2층)구비서류: 출생보고서(출생증명서) 1부, 진료비영수증 및 진료비세부내역서 각 1부, 주민등록등(초)본 1부("
WLF00006487,동대문구 미숙아 RSV(호흡기세포융합바이러스) 예방접종비 지원사업,source_text,2026-07-28T14:32:12.057332+00:00,3,진료비 세부내역서,,,5,현금지급,0,"신청방법: 동대문구 아가사랑센터 방문신청(동대문구 답십리로1길10 힐스테이트 청량리 더퍼스트 102동 2층)구비서류: 출생보고서(출생증명서) 1부, 진료비영수증 및 진료비세부내역서 각 1부, 주민등록등(초)본 1부("
WLF00006487,동대문구 미숙아 RSV(호흡기세포융합바이러스) 예방접종비 지원사업,source_text,2026-07-28T14:32:12.057332+00:00,4,주민등록등본,https://www.gov.kr/mw/AA020InfoCappView.do?CappBizCD=13100000015,certificate_issuance,5,현금지급,0,"신청방법: 동대문구 아가사랑센터 방문신청(동대문구 답십리로1길10 힐스테이트 청량리 더퍼스트 102동 2층)구비서류: 출생보고서(출생증명서) 1부, 진료비영수증 및 진료비세부내역서 각 1부, 주민등록등(초)본 1부("
WLF00006487,동대문구 미숙아 RSV(호흡기세포융합바이러스) 예방접종비 지원사업,source_text,2026-07-28T14:32:12.057332+00:00,5,통장사본,,,5,현금지급,0,"신청방법: 동대문구 아가사랑센터 방문신청(동대문구 답십리로1길10 힐스테이트 청량리 더퍼스트 102동 2층)구비서류: 출생보고서(출생증명서) 1부, 진료비영수증 및 진료비세부내역서 각 1부, 주민등록등(초)본 1부("
WLF00006488,동작형 치매의료비 지원사업,source_text,2026-07-28T14:32:12.057332+00:00,1,신분증,,,4,"현금지급, 감면",0,※ 문의 및 접수 : 동작구치매안심센터 (☎ 02-598-6088)
WLF00006488,동작형 치매의료비 지원사업,source_text,2026-07-28T14:32:12.057332+00:00,2,주민등록등본,https://www.gov.kr/mw/AA020InfoCappView.do?CappBizCD=13100000015,certificate_issuance,4,"현금지급, 감면",0,※ 문의 및 접수 : 동작구치매안심센터 (☎ 02-598-6088)
WLF00006488,동작형 치매의료비 지원사업,source_text,2026-07-28T14:32:12.057332+00:00,3,치매진단서,,,4,"현금지급, 감면",0,※ 문의 및 접수 : 동작구치매안심센터 (☎ 02-598-6088)
WLF00006488,동작형 치매의료비 지원사업,source_text,2026-07-28T14:32:12.057332+00:00,4,소득금액증명원,https://www.hometax.go.kr,certificate_issuance,4,"현금지급, 감면",0,※ 문의 및 접수 : 동작구치매안심센터 (☎ 02-598-6088)
WLF00006522,동대문구 암환자 가발구입비 지원,source_text,2026-07-28T14:32:12.057332+00:00,1,지원신청서,,,5,현금지급,0,"동대문구보건소 보건행정과(4층) 방문 신청구비서류 직접 제출 : 지원신청서, 항암치료 중 탈모가 발생했다는 의사 소견서, 가발 구입비 영수증, 통장사본"
WLF00006522,동대문구 암환자 가발구입비 지원,source_text,2026-07-28T14:32:12.057332+00:00,2,의사 소견서,,,5,현금지급,0,"동대문구보건소 보건행정과(4층) 방문 신청구비서류 직접 제출 : 지원신청서, 항암치료 중 탈모가 발생했다는 의사 소견서, 가발 구입비 영수증, 통장사본"
WLF00006522,동대문구 암환자 가발구입비 지원,source_text,2026-07-28T14:32:12.057332+00:00,3,가발 구입비 영수증,,,5,현금지급,0,"동대문구보건소 보건행정과(4층) 방문 신청구비서류 직접 제출 : 지원신청서, 항암치료 중 탈모가 발생했다는 의사 소견서, 가발 구입비 영수증, 통장사본"
WLF00006522,동대문구 암환자 가발구입비 지원,source_text,2026-07-28T14:32:12.057332+00:00,4,통장사본,,,5,현금지급,0,"동대문구보건소 보건행정과(4층) 방문 신청구비서류 직접 제출 : 지원신청서, 항암치료 중 탈모가 발생했다는 의사 소견서, 가발 구입비 영수증, 통장사본"
WLF00006522,동대문구 암환자 가발구입비 지원,source_text,2026-07-28T14:32:12.057332+00:00,5,주민등록등본,https://www.gov.kr/mw/AA020InfoCappView.do?CappBizCD=13100000015,certificate_issuance,5,현금지급,0,"동대문구보건소 보건행정과(4층) 방문 신청구비서류 직접 제출 : 지원신청서, 항암치료 중 탈모가 발생했다는 의사 소견서, 가발 구입비 영수증, 통장사본"
WLF00006609,동대문구 임산부 백일해 예방접종 지원사업,source_text,2026-07-28T14:32:12.057332+00:00,1,신분증,,,2,기타,0,구비서류 : 신분증 및 임신확인서(출산예정일 확인되는 부분 첨부)신청방법 : 백신 보유 여부 확인 후 구비서류 지참하여 동대문구보건소 예방접종실 방문
WLF00006609,동대문구 임산부 백일해 예방접종 지원사업,source_text,2026-07-28T14:32:12.057332+00:00,2,임신확인서,,,2,기타,0,구비서류 : 신분증 및 임신확인서(출산예정일 확인되는 부분 첨부)신청방법 : 백신 보유 여부 확인 후 구비서류 지참하여 동대문구보건소 예방접종실 방문
WLF00000033,노인복지민간단체지원,web_search,2026-07-28T13:24:19.267373+00:00,1,공모 신청서류(사업계획서),,,1,현금지급,0,"신청기관연락처목록: 거주지 읍/면/동 주민센터, 노인복지관련 민간단체(비영리법인, 비영리민간단체 등)에서 ‘서비스 신청’ 조사기관연락처목록: 담당 시/군/구청 또는 보건복지부(노인지원과)에서 조사 및 심사 결정기관연"
WLF00000035,개발제한구역 거주민 생활비용보조사업,web_search,2026-07-28T13:29:47.132375+00:00,1,사회복지서비스 및 급여제공 신청서,,,5,현금지급,0,"신청기관연락처목록: 거주지 읍/면/동 주민센터, 시군구, 읍면동에서 ‘서비스 신청’ 조사기관연락처목록: 담당 시/군/구청 또는 시군구에서 조사 및 심사 결정기관연락처목록: 담당 시/군/구청 또는 시군구에서 보장 결정"
WLF00000035,개발제한구역 거주민 생활비용보조사업,web_search,2026-07-28T13:29:47.132375+00:00,2,소득·재산신고서,,,5,현금지급,0,"신청기관연락처목록: 거주지 읍/면/동 주민센터, 시군구, 읍면동에서 ‘서비스 신청’ 조사기관연락처목록: 담당 시/군/구청 또는 시군구에서 조사 및 심사 결정기관연락처목록: 담당 시/군/구청 또는 시군구에서 보장 결정"
WLF00000035,개발제한구역 거주민 생활비용보조사업,web_search,2026-07-28T13:29:47.132375+00:00,3,금융정보 등 제공동의서,,,5,현금지급,0,"신청기관연락처목록: 거주지 읍/면/동 주민센터, 시군구, 읍면동에서 ‘서비스 신청’ 조사기관연락처목록: 담당 시/군/구청 또는 시군구에서 조사 및 심사 결정기관연락처목록: 담당 시/군/구청 또는 시군구에서 보장 결정"
WLF00000035,개발제한구역 거주민 생활비용보조사업,web_search,2026-07-28T13:29:47.132375+00:00,4,사회복지서비스 및 급여통지서,,,5,현금지급,0,"신청기관연락처목록: 거주지 읍/면/동 주민센터, 시군구, 읍면동에서 ‘서비스 신청’ 조사기관연락처목록: 담당 시/군/구청 또는 시군구에서 조사 및 심사 결정기관연락처목록: 담당 시/군/구청 또는 시군구에서 보장 결정"
WLF00000035,개발제한구역 거주민 생활비용보조사업,web_search,2026-07-28T13:29:47.132375+00:00,5,소득·재산 확인에 필요한 서류,,,5,현금지급,0,"신청기관연락처목록: 거주지 읍/면/동 주민센터, 시군구, 읍면동에서 ‘서비스 신청’ 조사기관연락처목록: 담당 시/군/구청 또는 시군구에서 조사 및 심사 결정기관연락처목록: 담당 시/군/구청 또는 시군구에서 보장 결정"
WLF00000037,시간제보육 지원,web_search,2026-07-28T13:29:47.132375+00:00,1,시간제보육 이용신청서 및 운영규정서약서,,,3,전자바우처(바우처),1,"신청기관연락처목록: 거주지 읍/면/동 주민센터, 임신육아종합포털 아이사랑에서 ‘서비스 신청’ 조사기관연락처목록: 담당 시/군/구청 또는 시군구에서 조사 및 심사 결정기관연락처목록: 담당 시/군/구청 또는 시군구에서 "
WLF00000037,시간제보육 지원,web_search,2026-07-28T13:29:47.132375+00:00,2,신분증,,,3,전자바우처(바우처),1,"신청기관연락처목록: 거주지 읍/면/동 주민센터, 임신육아종합포털 아이사랑에서 ‘서비스 신청’ 조사기관연락처목록: 담당 시/군/구청 또는 시군구에서 조사 및 심사 결정기관연락처목록: 담당 시/군/구청 또는 시군구에서 "
WLF00000037,시간제보육 지원,web_search,2026-07-28T13:29:47.132375+00:00,3,가족관계증명서,https://efamily.scourt.go.kr,certificate_issuance,3,전자바우처(바우처),1,"신청기관연락처목록: 거주지 읍/면/동 주민센터, 임신육아종합포털 아이사랑에서 ‘서비스 신청’ 조사기관연락처목록: 담당 시/군/구청 또는 시군구에서 조사 및 심사 결정기관연락처목록: 담당 시/군/구청 또는 시군구에서 "
WLF00000047,고혈압·당뇨병 등록관리사업,web_search,2026-07-28T13:29:47.132375+00:00,1,개인정보동의서,,,1,현금지급,1,"신청기관연락처목록: 거주지 읍/면/동 주민센터, 참여의원에서 ‘서비스 신청’ 조사기관연락처목록: 담당 시/군/구청 또는 사업지역 시군구에서 조사 및 심사 결정기관연락처목록: 담당 시/군/구청 또는 사업지역 시군구에서"
WLF00000049,에너지 취약계층 고효율조명기기 무상교체 지원(취약계층 에너지복지사업),web_search,2026-07-28T14:52:33.826706+00:00,1,신청서,,,4,현물지급,1,"결정기관연락처목록: 담당 시/군/구청 또는 한국에너지재단에서 보장 결정 신청기관연락처목록: 거주지 읍/면/동 주민센터, 기초지자체(에너지과 ,지역경제과 등0에서 ‘서비스 신청’ 조사기관연락처목록: 담당 시/군/구청 "
WLF00000049,에너지 취약계층 고효율조명기기 무상교체 지원(취약계층 에너지복지사업),web_search,2026-07-28T14:52:33.826706+00:00,2,수급자 증명서 또는 차상위계층 확인서,https://www.gov.kr/mw/AA020InfoCappView.do?CappBizCD=13520000098,certificate_issuance,4,현물지급,1,"결정기관연락처목록: 담당 시/군/구청 또는 한국에너지재단에서 보장 결정 신청기관연락처목록: 거주지 읍/면/동 주민센터, 기초지자체(에너지과 ,지역경제과 등0에서 ‘서비스 신청’ 조사기관연락처목록: 담당 시/군/구청 "
WLF00000049,에너지 취약계층 고효율조명기기 무상교체 지원(취약계층 에너지복지사업),web_search,2026-07-28T14:52:33.826706+00:00,3,집주인 동의 확인서 (임차인인 경우),,,4,현물지급,1,"결정기관연락처목록: 담당 시/군/구청 또는 한국에너지재단에서 보장 결정 신청기관연락처목록: 거주지 읍/면/동 주민센터, 기초지자체(에너지과 ,지역경제과 등0에서 ‘서비스 신청’ 조사기관연락처목록: 담당 시/군/구청 "
WLF00000049,에너지 취약계층 고효율조명기기 무상교체 지원(취약계층 에너지복지사업),web_search,2026-07-28T14:52:33.826706+00:00,4,사회복지시설 인가(신고)증,,,4,현물지급,1,"결정기관연락처목록: 담당 시/군/구청 또는 한국에너지재단에서 보장 결정 신청기관연락처목록: 거주지 읍/면/동 주민센터, 기초지자체(에너지과 ,지역경제과 등0에서 ‘서비스 신청’ 조사기관연락처목록: 담당 시/군/구청 "
WLF00000056,의료급여(요양비),web_search,2026-07-28T13:29:47.132375+00:00,1,요양비 지급청구서,,,3,현금지급,1,"신청기관연락처목록: 거주지 읍/면/동 주민센터, 시군구 또는 복지로 웹사이트(PC/모바일앱)에서 ‘서비스 신청’ 조사기관연락처목록: 담당 시/군/구청 또는 시군구에서 조사 및 심사 결정기관연락처목록: 담당 시/군/구"
WLF00000056,의료급여(요양비),web_search,2026-07-28T13:29:47.132375+00:00,2,요양비 명세서 사본,,,3,현금지급,1,"신청기관연락처목록: 거주지 읍/면/동 주민센터, 시군구 또는 복지로 웹사이트(PC/모바일앱)에서 ‘서비스 신청’ 조사기관연락처목록: 담당 시/군/구청 또는 시군구에서 조사 및 심사 결정기관연락처목록: 담당 시/군/구"
WLF00000056,의료급여(요양비),web_search,2026-07-28T13:29:47.132375+00:00,3,의료급여기관에서 의료급여를 받을 수 없었던 사유를 증명할 수 있는 서류,,,3,현금지급,1,"신청기관연락처목록: 거주지 읍/면/동 주민센터, 시군구 또는 복지로 웹사이트(PC/모바일앱)에서 ‘서비스 신청’ 조사기관연락처목록: 담당 시/군/구청 또는 시군구에서 조사 및 심사 결정기관연락처목록: 담당 시/군/구"
WLF00000058,소상공인지원(융자),web_search,2026-07-28T13:29:47.132375+00:00,1,실명확인증표(신분증),,,5,현금대여(융자),0,"신청기관연락처목록: 거주지 읍/면/동 주민센터, 소상공인시장진흥공단 지역센터에서 ‘서비스 신청’ 조사기관연락처목록: 담당 시/군/구청 또는 소상공인시장진흥공단 지역센터에서 조사 및 심사 결정기관연락처목록: 담당 시/"
WLF00000058,소상공인지원(융자),web_search,2026-07-28T13:29:47.132375+00:00,2,사업자등록증 사본,,,5,현금대여(융자),0,"신청기관연락처목록: 거주지 읍/면/동 주민센터, 소상공인시장진흥공단 지역센터에서 ‘서비스 신청’ 조사기관연락처목록: 담당 시/군/구청 또는 소상공인시장진흥공단 지역센터에서 조사 및 심사 결정기관연락처목록: 담당 시/"
WLF00000058,소상공인지원(융자),web_search,2026-07-28T13:29:47.132375+00:00,3,상시근로자 확인 가능 서류,,,5,현금대여(융자),0,"신청기관연락처목록: 거주지 읍/면/동 주민센터, 소상공인시장진흥공단 지역센터에서 ‘서비스 신청’ 조사기관연락처목록: 담당 시/군/구청 또는 소상공인시장진흥공단 지역센터에서 조사 및 심사 결정기관연락처목록: 담당 시/"
WLF00000058,소상공인지원(융자),web_search,2026-07-28T13:29:47.132375+00:00,4,매출액 확인 서류,,,5,현금대여(융자),0,"신청기관연락처목록: 거주지 읍/면/동 주민센터, 소상공인시장진흥공단 지역센터에서 ‘서비스 신청’ 조사기관연락처목록: 담당 시/군/구청 또는 소상공인시장진흥공단 지역센터에서 조사 및 심사 결정기관연락처목록: 담당 시/"
WLF00000058,소상공인지원(융자),web_search,2026-07-28T13:29:47.132375+00:00,5,매출액 10% 감소 확인 서류,,,5,현금대여(융자),0,"신청기관연락처목록: 거주지 읍/면/동 주민센터, 소상공인시장진흥공단 지역센터에서 ‘서비스 신청’ 조사기관연락처목록: 담당 시/군/구청 또는 소상공인시장진흥공단 지역센터에서 조사 및 심사 결정기관연락처목록: 담당 시/"
WLF00000067,의료급여 장애인보조기기 지원,web_search,2026-07-28T13:29:47.132375+00:00,1,보조기기 급여신청서,,,6,현금지급,1,"신청기관연락처목록: 거주지 읍/면/동 주민센터, 시군구에서 ‘서비스 신청’ 조사기관연락처목록: 담당 시/군/구청 또는 시군구에서 조사 및 심사 결정기관연락처목록: 담당 시/군/구청 또는 시군구에서 보장 결정 지급기관"
WLF00000067,의료급여 장애인보조기기 지원,web_search,2026-07-28T13:29:47.132375+00:00,2,보조기기 처방전,,,6,현금지급,1,"신청기관연락처목록: 거주지 읍/면/동 주민센터, 시군구에서 ‘서비스 신청’ 조사기관연락처목록: 담당 시/군/구청 또는 시군구에서 조사 및 심사 결정기관연락처목록: 담당 시/군/구청 또는 시군구에서 보장 결정 지급기관"
WLF00000067,의료급여 장애인보조기기 지원,web_search,2026-07-28T13:29:47.132375+00:00,3,보조기기급여비 지급청구서,,,6,현금지급,1,"신청기관연락처목록: 거주지 읍/면/동 주민센터, 시군구에서 ‘서비스 신청’ 조사기관연락처목록: 담당 시/군/구청 또는 시군구에서 조사 및 심사 결정기관연락처목록: 담당 시/군/구청 또는 시군구에서 보장 결정 지급기관"
WLF00000067,의료급여 장애인보조기기 지원,web_search,2026-07-28T13:29:47.132375+00:00,4,보조기기 검수확인서,,,6,현금지급,1,"신청기관연락처목록: 거주지 읍/면/동 주민센터, 시군구에서 ‘서비스 신청’ 조사기관연락처목록: 담당 시/군/구청 또는 시군구에서 조사 및 심사 결정기관연락처목록: 담당 시/군/구청 또는 시군구에서 보장 결정 지급기관"
WLF00000067,의료급여 장애인보조기기 지원,web_search,2026-07-28T13:29:47.132375+00:00,5,세금계산서,,,6,현금지급,1,"신청기관연락처목록: 거주지 읍/면/동 주민센터, 시군구에서 ‘서비스 신청’ 조사기관연락처목록: 담당 시/군/구청 또는 시군구에서 조사 및 심사 결정기관연락처목록: 담당 시/군/구청 또는 시군구에서 보장 결정 지급기관"
WLF00000067,의료급여 장애인보조기기 지원,web_search,2026-07-28T13:29:47.132375+00:00,6,제작·판매자 증명서류,,,6,현금지급,1,"신청기관연락처목록: 거주지 읍/면/동 주민센터, 시군구에서 ‘서비스 신청’ 조사기관연락처목록: 담당 시/군/구청 또는 시군구에서 조사 및 심사 결정기관연락처목록: 담당 시/군/구청 또는 시군구에서 보장 결정 지급기관"
WLF00000088,석면피해구제급여,web_search,2026-07-28T13:34:47.114419+00:00,1,석면피해인정 신청서,,,8,현금지급,0,"신청기관연락처목록: 거주지 읍/면/동 주민센터, 시군구에서 ‘서비스 신청’ 조사기관연락처목록: 담당 시/군/구청 또는 한국환경산업기술원에서 조사 및 심사 결정기관연락처목록: 담당 시/군/구청 또는 중앙환경분쟁조정피해"
WLF00000088,석면피해구제급여,web_search,2026-07-28T13:34:47.114419+00:00,2,진단서,,,8,현금지급,0,"신청기관연락처목록: 거주지 읍/면/동 주민센터, 시군구에서 ‘서비스 신청’ 조사기관연락처목록: 담당 시/군/구청 또는 한국환경산업기술원에서 조사 및 심사 결정기관연락처목록: 담당 시/군/구청 또는 중앙환경분쟁조정피해"
WLF00000088,석면피해구제급여,web_search,2026-07-28T13:34:47.114419+00:00,3,조직병리검사 결과서,,,8,현금지급,0,"신청기관연락처목록: 거주지 읍/면/동 주민센터, 시군구에서 ‘서비스 신청’ 조사기관연락처목록: 담당 시/군/구청 또는 한국환경산업기술원에서 조사 및 심사 결정기관연락처목록: 담당 시/군/구청 또는 중앙환경분쟁조정피해"
WLF00000088,석면피해구제급여,web_search,2026-07-28T13:34:47.114419+00:00,4,컴퓨터 단층촬영(CT) 사진,,,8,현금지급,0,"신청기관연락처목록: 거주지 읍/면/동 주민센터, 시군구에서 ‘서비스 신청’ 조사기관연락처목록: 담당 시/군/구청 또는 한국환경산업기술원에서 조사 및 심사 결정기관연락처목록: 담당 시/군/구청 또는 중앙환경분쟁조정피해"
WLF00000088,석면피해구제급여,web_search,2026-07-28T13:34:47.114419+00:00,5,폐기능 장해 검사서류,,,8,현금지급,0,"신청기관연락처목록: 거주지 읍/면/동 주민센터, 시군구에서 ‘서비스 신청’ 조사기관연락처목록: 담당 시/군/구청 또는 한국환경산업기술원에서 조사 및 심사 결정기관연락처목록: 담당 시/군/구청 또는 중앙환경분쟁조정피해"
WLF00000088,석면피해구제급여,web_search,2026-07-28T13:34:47.114419+00:00,6,주민등록표등본,https://www.gov.kr/mw/AA020InfoCappView.do?CappBizCD=13100000015,certificate_issuance,8,현금지급,0,"신청기관연락처목록: 거주지 읍/면/동 주민센터, 시군구에서 ‘서비스 신청’ 조사기관연락처목록: 담당 시/군/구청 또는 한국환경산업기술원에서 조사 및 심사 결정기관연락처목록: 담당 시/군/구청 또는 중앙환경분쟁조정피해"
WLF00000088,석면피해구제급여,web_search,2026-07-28T13:34:47.114419+00:00,7,석면노출정도 확인 질문서,,,8,현금지급,0,"신청기관연락처목록: 거주지 읍/면/동 주민센터, 시군구에서 ‘서비스 신청’ 조사기관연락처목록: 담당 시/군/구청 또는 한국환경산업기술원에서 조사 및 심사 결정기관연락처목록: 담당 시/군/구청 또는 중앙환경분쟁조정피해"
WLF00000088,석면피해구제급여,web_search,2026-07-28T13:34:47.114419+00:00,8,대리인 확인서류,,,8,현금지급,0,"신청기관연락처목록: 거주지 읍/면/동 주민센터, 시군구에서 ‘서비스 신청’ 조사기관연락처목록: 담당 시/군/구청 또는 한국환경산업기술원에서 조사 및 심사 결정기관연락처목록: 담당 시/군/구청 또는 중앙환경분쟁조정피해"
WLF00000091,한부모가족복지시설 지원,web_search,2026-07-28T13:34:47.114419+00:00,1,시설입소이용신청서,,,4,"시설입소, 기타",1,"신청기관연락처목록: 거주지 읍/면/동 주민센터, 시군구에서 ‘서비스 신청’ 조사기관연락처목록: 담당 시/군/구청 또는 시군구에서 조사 및 심사 결정기관연락처목록: 담당 시/군/구청 또는 시군구에서 보장 결정 지급기관"
WLF00000091,한부모가족복지시설 지원,web_search,2026-07-28T13:34:47.114419+00:00,2,한부모가족증명서,https://www.gov.kr/mw/AA020InfoCappView.do?CappBizCD=10601000001,certificate_issuance,4,"시설입소, 기타",1,"신청기관연락처목록: 거주지 읍/면/동 주민센터, 시군구에서 ‘서비스 신청’ 조사기관연락처목록: 담당 시/군/구청 또는 시군구에서 조사 및 심사 결정기관연락처목록: 담당 시/군/구청 또는 시군구에서 보장 결정 지급기관"
WLF00000091,한부모가족복지시설 지원,web_search,2026-07-28T13:34:47.114419+00:00,3,가족관계증명서,https://efamily.scourt.go.kr,certificate_issuance,4,"시설입소, 기타",1,"신청기관연락처목록: 거주지 읍/면/동 주민센터, 시군구에서 ‘서비스 신청’ 조사기관연락처목록: 담당 시/군/구청 또는 시군구에서 조사 및 심사 결정기관연락처목록: 담당 시/군/구청 또는 시군구에서 보장 결정 지급기관"
WLF00000091,한부모가족복지시설 지원,web_search,2026-07-28T13:34:47.114419+00:00,4,혼인관계증명서,https://efamily.scourt.go.kr,certificate_issuance,4,"시설입소, 기타",1,"신청기관연락처목록: 거주지 읍/면/동 주민센터, 시군구에서 ‘서비스 신청’ 조사기관연락처목록: 담당 시/군/구청 또는 시군구에서 조사 및 심사 결정기관연락처목록: 담당 시/군/구청 또는 시군구에서 보장 결정 지급기관"
WLF00000100,"자산형성지원사업(희망저축계좌Ⅰ, Ⅱ)",web_search,2026-07-28T14:52:33.826706+00:00,1,자산형성지원사업 참여(변경)신청서,,,8,현금지급,1,"신청기관연락처목록: 거주지 읍/면/동 주민센터, 읍면동 주민센터에서 ‘서비스 신청’ 신청기관연락처목록: 거주지 읍/면/동 주민센터, 복지로(www.bokjiro.go.kr) 에서 ‘서비스 신청’ 조사기관연락처목록: "
WLF00000100,"자산형성지원사업(희망저축계좌Ⅰ, Ⅱ)",web_search,2026-07-28T14:52:33.826706+00:00,2,저축 동의서,,,8,현금지급,1,"신청기관연락처목록: 거주지 읍/면/동 주민센터, 읍면동 주민센터에서 ‘서비스 신청’ 신청기관연락처목록: 거주지 읍/면/동 주민센터, 복지로(www.bokjiro.go.kr) 에서 ‘서비스 신청’ 조사기관연락처목록: "
WLF00000100,"자산형성지원사업(희망저축계좌Ⅰ, Ⅱ)",web_search,2026-07-28T14:52:33.826706+00:00,3,자산형성지원사업 참여를 위한 개인정보 수집·이용·제공 동의서,,,8,현금지급,1,"신청기관연락처목록: 거주지 읍/면/동 주민센터, 읍면동 주민센터에서 ‘서비스 신청’ 신청기관연락처목록: 거주지 읍/면/동 주민센터, 복지로(www.bokjiro.go.kr) 에서 ‘서비스 신청’ 조사기관연락처목록: "
WLF00000100,"자산형성지원사업(희망저축계좌Ⅰ, Ⅱ)",web_search,2026-07-28T14:52:33.826706+00:00,4,희망저축계좌 II 자가진단표(가입희망자 작성용),,,8,현금지급,1,"신청기관연락처목록: 거주지 읍/면/동 주민센터, 읍면동 주민센터에서 ‘서비스 신청’ 신청기관연락처목록: 거주지 읍/면/동 주민센터, 복지로(www.bokjiro.go.kr) 에서 ‘서비스 신청’ 조사기관연락처목록: "
WLF00000100,"자산형성지원사업(희망저축계좌Ⅰ, Ⅱ)",web_search,2026-07-28T14:52:33.826706+00:00,5,금융정보 등 제공 동의서,,,8,현금지급,1,"신청기관연락처목록: 거주지 읍/면/동 주민센터, 읍면동 주민센터에서 ‘서비스 신청’ 신청기관연락처목록: 거주지 읍/면/동 주민센터, 복지로(www.bokjiro.go.kr) 에서 ‘서비스 신청’ 조사기관연락처목록: "
WLF00000100,"자산형성지원사업(희망저축계좌Ⅰ, Ⅱ)",web_search,2026-07-28T14:52:33.826706+00:00,6,근로활동 및 소득신고서,,,8,현금지급,1,"신청기관연락처목록: 거주지 읍/면/동 주민센터, 읍면동 주민센터에서 ‘서비스 신청’ 신청기관연락처목록: 거주지 읍/면/동 주민센터, 복지로(www.bokjiro.go.kr) 에서 ‘서비스 신청’ 조사기관연락처목록: "
WLF00000100,"자산형성지원사업(희망저축계좌Ⅰ, Ⅱ)",web_search,2026-07-28T14:52:33.826706+00:00,7,재직증명서 또는 사업자등록증·사업활동증빙서류 등 근로 여부 확인 서류,,,8,현금지급,1,"신청기관연락처목록: 거주지 읍/면/동 주민센터, 읍면동 주민센터에서 ‘서비스 신청’ 신청기관연락처목록: 거주지 읍/면/동 주민센터, 복지로(www.bokjiro.go.kr) 에서 ‘서비스 신청’ 조사기관연락처목록: "
WLF00000100,"자산형성지원사업(희망저축계좌Ⅰ, Ⅱ)",web_search,2026-07-28T14:52:33.826706+00:00,8,임대차계약서,,,8,현금지급,1,"신청기관연락처목록: 거주지 읍/면/동 주민센터, 읍면동 주민센터에서 ‘서비스 신청’ 신청기관연락처목록: 거주지 읍/면/동 주민센터, 복지로(www.bokjiro.go.kr) 에서 ‘서비스 신청’ 조사기관연락처목록: "
WLF00000101,"교통시설 이용지원(버스, 고속철도, 내항여객선)",web_search,2026-07-28T13:34:47.114419+00:00,1,"신분증서 (국가보훈등록증, 독립유공자증, 국가유공자증서 등)",,,1,기타,1,"신청기관연락처목록: 거주지 읍/면/동 주민센터, 지방보훈(지)청에서 ‘서비스 신청’ 조사기관연락처목록: 담당 시/군/구청 또는 지방보훈(지)청에서 조사 및 심사 결정기관연락처목록: 담당 시/군/구청 또는 민영버스, "
WLF00000750,애국지사특별예우금,web_search,2026-07-28T13:34:47.114419+00:00,1,신분증,,,1,현금지급,0,"신청기관연락처목록: 거주지 읍/면/동 주민센터, 보훈(지)청에서 ‘서비스 신청’ 조사기관연락처목록: 담당 시/군/구청 또는 보훈(지)청에서 조사 및 심사 결정기관연락처목록: 담당 시/군/구청 또는 보훈(지)청에서 보"
WLF00000753,저소득주민 명절위문금 지급,web_search,2026-07-28T13:34:47.114419+00:00,1,국가유공자(유족)증 또는 보훈보상대상자(유족)증,,,3,현금지급,1,
WLF00000753,저소득주민 명절위문금 지급,web_search,2026-07-28T13:34:47.114419+00:00,2,통장 사본 (본인 명의),,,3,현금지급,1,
WLF00000753,저소득주민 명절위문금 지급,web_search,2026-07-28T13:34:47.114419+00:00,3,신청서 (동에 비치),,,3,현금지급,1,
WLF00000781,여성청소년 생리용품 지원,web_search,2026-07-28T14:52:33.826706+00:00,1,신청인 신분증 사본,,,2,전자바우처(바우처),1,"신청기관연락처목록: 거주지 읍/면/동 주민센터, 읍면동 행정복지센터/주민센터 또는 복지로 웹사이트(PC/모바일앱)에서 ‘서비스 신청’ 조사기관연락처목록: 담당 시/군/구청 또는 주소지 관할 시군구에서 조사 및 심사 "
WLF00000781,여성청소년 생리용품 지원,web_search,2026-07-28T14:52:33.826706+00:00,2,대상자와 신청인의 관계 확인 서류,,,2,전자바우처(바우처),1,"신청기관연락처목록: 거주지 읍/면/동 주민센터, 읍면동 행정복지센터/주민센터 또는 복지로 웹사이트(PC/모바일앱)에서 ‘서비스 신청’ 조사기관연락처목록: 담당 시/군/구청 또는 주소지 관할 시군구에서 조사 및 심사 "
WLF00000816,저소득 한부모가정 위문 격려(설날 및 추석),web_search,2026-07-28T13:39:22.126501+00:00,1,한부모가족 증명서,https://www.gov.kr/mw/AA020InfoCappView.do?CappBizCD=10601000001,certificate_issuance,1,현금지급,1,별도 신청 없음
WLF00000867,방과후학교 자유수강권,web_search,2026-07-28T14:54:14.794749+00:00,1,사회보장급여 신청(변경)서,,,8,프로그램/서비스(서비스),1,"신청기관연락처목록: 거주지 읍/면/동 주민센터, 부모 또는 학생의 주민등록상 주소지 관할 읍면동 주민센터 또는 복지로 웹사이트(PC/모바일앱)에서 ‘서비스 신청’ 조사기관연락처목록: 담당 시/군/구청 또는 사회보장통"
WLF00000867,방과후학교 자유수강권,web_search,2026-07-28T14:54:14.794749+00:00,2,소득재산신고서,,,8,프로그램/서비스(서비스),1,"신청기관연락처목록: 거주지 읍/면/동 주민센터, 부모 또는 학생의 주민등록상 주소지 관할 읍면동 주민센터 또는 복지로 웹사이트(PC/모바일앱)에서 ‘서비스 신청’ 조사기관연락처목록: 담당 시/군/구청 또는 사회보장통"
WLF00000867,방과후학교 자유수강권,web_search,2026-07-28T14:54:14.794749+00:00,3,금융정보 등 제공동의서,,,8,프로그램/서비스(서비스),1,"신청기관연락처목록: 거주지 읍/면/동 주민센터, 부모 또는 학생의 주민등록상 주소지 관할 읍면동 주민센터 또는 복지로 웹사이트(PC/모바일앱)에서 ‘서비스 신청’ 조사기관연락처목록: 담당 시/군/구청 또는 사회보장통"
WLF00000867,방과후학교 자유수강권,web_search,2026-07-28T14:54:14.794749+00:00,4,주민등록등본,https://www.gov.kr/mw/AA020InfoCappView.do?CappBizCD=13100000015,certificate_issuance,8,프로그램/서비스(서비스),1,"신청기관연락처목록: 거주지 읍/면/동 주민센터, 부모 또는 학생의 주민등록상 주소지 관할 읍면동 주민센터 또는 복지로 웹사이트(PC/모바일앱)에서 ‘서비스 신청’ 조사기관연락처목록: 담당 시/군/구청 또는 사회보장통"
WLF00000867,방과후학교 자유수강권,web_search,2026-07-28T14:54:14.794749+00:00,5,건강보험료 영수증,,,8,프로그램/서비스(서비스),1,"신청기관연락처목록: 거주지 읍/면/동 주민센터, 부모 또는 학생의 주민등록상 주소지 관할 읍면동 주민센터 또는 복지로 웹사이트(PC/모바일앱)에서 ‘서비스 신청’ 조사기관연락처목록: 담당 시/군/구청 또는 사회보장통"
WLF00000867,방과후학교 자유수강권,web_search,2026-07-28T14:54:14.794749+00:00,6,실직급여수급증 사본,,,8,프로그램/서비스(서비스),1,"신청기관연락처목록: 거주지 읍/면/동 주민센터, 부모 또는 학생의 주민등록상 주소지 관할 읍면동 주민센터 또는 복지로 웹사이트(PC/모바일앱)에서 ‘서비스 신청’ 조사기관연락처목록: 담당 시/군/구청 또는 사회보장통"
WLF00000867,방과후학교 자유수강권,web_search,2026-07-28T14:54:14.794749+00:00,7,채권압류통지서,,,8,프로그램/서비스(서비스),1,"신청기관연락처목록: 거주지 읍/면/동 주민센터, 부모 또는 학생의 주민등록상 주소지 관할 읍면동 주민센터 또는 복지로 웹사이트(PC/모바일앱)에서 ‘서비스 신청’ 조사기관연락처목록: 담당 시/군/구청 또는 사회보장통"
WLF00000867,방과후학교 자유수강권,web_search,2026-07-28T14:54:14.794749+00:00,8,폐업확인서,,,8,프로그램/서비스(서비스),1,"신청기관연락처목록: 거주지 읍/면/동 주민센터, 부모 또는 학생의 주민등록상 주소지 관할 읍면동 주민센터 또는 복지로 웹사이트(PC/모바일앱)에서 ‘서비스 신청’ 조사기관연락처목록: 담당 시/군/구청 또는 사회보장통"
WLF00001020,북한이탈주민 자산형성지원제도(미래행복통장),web_search,2026-07-28T13:45:50.135552+00:00,1,주민등록초본,https://www.gov.kr/mw/AA020InfoCappView.do?CappBizCD=13100000015,certificate_issuance,6,현금지급,0,"신청기관연락처목록: 거주지 읍/면/동 주민센터, 남북하나재단에서 ‘서비스 신청’ 조사기관연락처목록: 담당 시/군/구청 또는 남북하나재단에서 조사 및 심사 결정기관연락처목록: 담당 시/군/구청 또는 남북하나재단에서 보"
WLF00001020,북한이탈주민 자산형성지원제도(미래행복통장),web_search,2026-07-28T13:45:50.135552+00:00,2,미래행복통장 신청서,,,6,현금지급,0,"신청기관연락처목록: 거주지 읍/면/동 주민센터, 남북하나재단에서 ‘서비스 신청’ 조사기관연락처목록: 담당 시/군/구청 또는 남북하나재단에서 조사 및 심사 결정기관연락처목록: 담당 시/군/구청 또는 남북하나재단에서 보"
WLF00001020,북한이탈주민 자산형성지원제도(미래행복통장),web_search,2026-07-28T13:45:50.135552+00:00,3,미래행복통장 약정서,,,6,현금지급,0,"신청기관연락처목록: 거주지 읍/면/동 주민센터, 남북하나재단에서 ‘서비스 신청’ 조사기관연락처목록: 담당 시/군/구청 또는 남북하나재단에서 조사 및 심사 결정기관연락처목록: 담당 시/군/구청 또는 남북하나재단에서 보"
WLF00001020,북한이탈주민 자산형성지원제도(미래행복통장),web_search,2026-07-28T13:45:50.135552+00:00,4,미래행복통장 개인정보 수집·이용 및 제공 동의서,,,6,현금지급,0,"신청기관연락처목록: 거주지 읍/면/동 주민센터, 남북하나재단에서 ‘서비스 신청’ 조사기관연락처목록: 담당 시/군/구청 또는 남북하나재단에서 조사 및 심사 결정기관연락처목록: 담당 시/군/구청 또는 남북하나재단에서 보"
WLF00001020,북한이탈주민 자산형성지원제도(미래행복통장),web_search,2026-07-28T13:45:50.135552+00:00,5,"재직증명서 (또는 사업자등록증명원, 농업인확인서 등)",,,6,현금지급,0,"신청기관연락처목록: 거주지 읍/면/동 주민센터, 남북하나재단에서 ‘서비스 신청’ 조사기관연락처목록: 담당 시/군/구청 또는 남북하나재단에서 조사 및 심사 결정기관연락처목록: 담당 시/군/구청 또는 남북하나재단에서 보"
WLF00001020,북한이탈주민 자산형성지원제도(미래행복통장),web_search,2026-07-28T13:45:50.135552+00:00,6,"소득 증빙서류 (공적증빙, 또는 근로소득 간이지급명세서 등)",,,6,현금지급,0,"신청기관연락처목록: 거주지 읍/면/동 주민센터, 남북하나재단에서 ‘서비스 신청’ 조사기관연락처목록: 담당 시/군/구청 또는 남북하나재단에서 조사 및 심사 결정기관연락처목록: 담당 시/군/구청 또는 남북하나재단에서 보"
WLF00001061,지역사회서비스 투자사업,web_search,2026-07-28T13:45:50.135552+00:00,1,신분증,,,4,전자바우처(바우처),0,"신청기관연락처목록: 거주지 읍/면/동 주민센터, 읍면동 주민센터에서 ‘서비스 신청’ 조사기관연락처목록: 담당 시/군/구청 또는 읍면동 주민센터에서 조사 및 심사 결정기관연락처목록: 담당 시/군/구청 또는 시군구청장에"
WLF00001061,지역사회서비스 투자사업,web_search,2026-07-28T13:45:50.135552+00:00,2,건강보험증,,,4,전자바우처(바우처),0,"신청기관연락처목록: 거주지 읍/면/동 주민센터, 읍면동 주민센터에서 ‘서비스 신청’ 조사기관연락처목록: 담당 시/군/구청 또는 읍면동 주민센터에서 조사 및 심사 결정기관연락처목록: 담당 시/군/구청 또는 시군구청장에"
WLF00001061,지역사회서비스 투자사업,web_search,2026-07-28T13:45:50.135552+00:00,3,사회보장급여(사회서비스이용권) 신청(변경)서,,,4,전자바우처(바우처),0,"신청기관연락처목록: 거주지 읍/면/동 주민센터, 읍면동 주민센터에서 ‘서비스 신청’ 조사기관연락처목록: 담당 시/군/구청 또는 읍면동 주민센터에서 조사 및 심사 결정기관연락처목록: 담당 시/군/구청 또는 시군구청장에"
WLF00001061,지역사회서비스 투자사업,web_search,2026-07-28T13:45:50.135552+00:00,4,사회서비스 이용자 준수사항 안내확인 동의서,,,4,전자바우처(바우처),0,"신청기관연락처목록: 거주지 읍/면/동 주민센터, 읍면동 주민센터에서 ‘서비스 신청’ 조사기관연락처목록: 담당 시/군/구청 또는 읍면동 주민센터에서 조사 및 심사 결정기관연락처목록: 담당 시/군/구청 또는 시군구청장에"
WLF00001076,서민금융 활성화 지원(햇살론youth 보증사업),web_search,2026-07-28T13:45:50.135552+00:00,1,실명확인증표,,,8,현금대여(융자),0,"신청기관연락처목록: 거주지 읍/면/동 주민센터, 신한은행, IBK기업은행, 전북은행, 광주은행, 토스뱅크, 하나은행, 제주은행에서 ‘서비스 신청’ 조사기관연락처목록: 담당 시/군/구청 또는 신한은행, IBK기업은행,"
WLF00001076,서민금융 활성화 지원(햇살론youth 보증사업),web_search,2026-07-28T13:45:50.135552+00:00,2,건강보험자격득실확인서,https://www.nhis.or.kr/nhis/index.do,certificate_issuance,8,현금대여(융자),0,"신청기관연락처목록: 거주지 읍/면/동 주민센터, 신한은행, IBK기업은행, 전북은행, 광주은행, 토스뱅크, 하나은행, 제주은행에서 ‘서비스 신청’ 조사기관연락처목록: 담당 시/군/구청 또는 신한은행, IBK기업은행,"
WLF00001076,서민금융 활성화 지원(햇살론youth 보증사업),web_search,2026-07-28T13:45:50.135552+00:00,3,건강보험료 납부확인서,https://www.nhis.or.kr/nhis/index.do,certificate_issuance,8,현금대여(융자),0,"신청기관연락처목록: 거주지 읍/면/동 주민센터, 신한은행, IBK기업은행, 전북은행, 광주은행, 토스뱅크, 하나은행, 제주은행에서 ‘서비스 신청’ 조사기관연락처목록: 담당 시/군/구청 또는 신한은행, IBK기업은행,"
WLF00001076,서민금융 활성화 지원(햇살론youth 보증사업),web_search,2026-07-28T13:45:50.135552+00:00,4,급여통장 거래내역서,,,8,현금대여(융자),0,"신청기관연락처목록: 거주지 읍/면/동 주민센터, 신한은행, IBK기업은행, 전북은행, 광주은행, 토스뱅크, 하나은행, 제주은행에서 ‘서비스 신청’ 조사기관연락처목록: 담당 시/군/구청 또는 신한은행, IBK기업은행,"
WLF00001076,서민금융 활성화 지원(햇살론youth 보증사업),web_search,2026-07-28T13:45:50.135552+00:00,5,연금산정용 가입내역 확인서,,,8,현금대여(융자),0,"신청기관연락처목록: 거주지 읍/면/동 주민센터, 신한은행, IBK기업은행, 전북은행, 광주은행, 토스뱅크, 하나은행, 제주은행에서 ‘서비스 신청’ 조사기관연락처목록: 담당 시/군/구청 또는 신한은행, IBK기업은행,"
WLF00001076,서민금융 활성화 지원(햇살론youth 보증사업),web_search,2026-07-28T13:45:50.135552+00:00,6,소득금액증명원,https://www.hometax.go.kr,certificate_issuance,8,현금대여(융자),0,"신청기관연락처목록: 거주지 읍/면/동 주민센터, 신한은행, IBK기업은행, 전북은행, 광주은행, 토스뱅크, 하나은행, 제주은행에서 ‘서비스 신청’ 조사기관연락처목록: 담당 시/군/구청 또는 신한은행, IBK기업은행,"
WLF00001076,서민금융 활성화 지원(햇살론youth 보증사업),web_search,2026-07-28T13:45:50.135552+00:00,7,근로소득원천징수영수증,,,8,현금대여(융자),0,"신청기관연락처목록: 거주지 읍/면/동 주민센터, 신한은행, IBK기업은행, 전북은행, 광주은행, 토스뱅크, 하나은행, 제주은행에서 ‘서비스 신청’ 조사기관연락처목록: 담당 시/군/구청 또는 신한은행, IBK기업은행,"
WLF00001076,서민금융 활성화 지원(햇살론youth 보증사업),web_search,2026-07-28T13:45:50.135552+00:00,8,기타 급여내역 확인서,,,8,현금대여(융자),0,"신청기관연락처목록: 거주지 읍/면/동 주민센터, 신한은행, IBK기업은행, 전북은행, 광주은행, 토스뱅크, 하나은행, 제주은행에서 ‘서비스 신청’ 조사기관연락처목록: 담당 시/군/구청 또는 신한은행, IBK기업은행,"
WLF00001085,산재근로자원직장복귀지원,web_search,2026-07-28T13:45:50.135552+00:00,1,직장복귀지원금 청구서류,,,3,현금지급,1,"신청기관연락처목록: 거주지 읍/면/동 주민센터, 근로복지공단에서 ‘서비스 신청’ 조사기관연락처목록: 담당 시/군/구청 또는 근로복지공단에서 조사 및 심사 결정기관연락처목록: 담당 시/군/구청 또는 근로복지공단에서 보"
WLF00001085,산재근로자원직장복귀지원,web_search,2026-07-28T13:45:50.135552+00:00,2,임금지급 확인서류,,,3,현금지급,1,"신청기관연락처목록: 거주지 읍/면/동 주민센터, 근로복지공단에서 ‘서비스 신청’ 조사기관연락처목록: 담당 시/군/구청 또는 근로복지공단에서 조사 및 심사 결정기관연락처목록: 담당 시/군/구청 또는 근로복지공단에서 보"
WLF00001085,산재근로자원직장복귀지원,web_search,2026-07-28T13:45:50.135552+00:00,3,통장사본,,,3,현금지급,1,"신청기관연락처목록: 거주지 읍/면/동 주민센터, 근로복지공단에서 ‘서비스 신청’ 조사기관연락처목록: 담당 시/군/구청 또는 근로복지공단에서 조사 및 심사 결정기관연락처목록: 담당 시/군/구청 또는 근로복지공단에서 보"
WLF00001089,교육급여(맞춤형 급여),web_search,2026-07-28T13:45:50.135552+00:00,1,사회보장급여 제공(변경)신청서,,,5,"전자바우처(바우처), 기타",0,"신청기관연락처목록: 거주지 읍/면/동 주민센터, 읍면동 또는 복지로 웹사이트(PC/모바일앱)에서 ‘서비스 신청’ 조사기관연락처목록: 담당 시/군/구청 또는 시군구에서 조사 및 심사 결정기관연락처목록: 담당 시/군/구"
WLF00001089,교육급여(맞춤형 급여),web_search,2026-07-28T13:45:50.135552+00:00,2,소득·재산 신고서,,,5,"전자바우처(바우처), 기타",0,"신청기관연락처목록: 거주지 읍/면/동 주민센터, 읍면동 또는 복지로 웹사이트(PC/모바일앱)에서 ‘서비스 신청’ 조사기관연락처목록: 담당 시/군/구청 또는 시군구에서 조사 및 심사 결정기관연락처목록: 담당 시/군/구"
WLF00001089,교육급여(맞춤형 급여),web_search,2026-07-28T13:45:50.135552+00:00,3,금융정보 등 제공 동의서,,,5,"전자바우처(바우처), 기타",0,"신청기관연락처목록: 거주지 읍/면/동 주민센터, 읍면동 또는 복지로 웹사이트(PC/모바일앱)에서 ‘서비스 신청’ 조사기관연락처목록: 담당 시/군/구청 또는 시군구에서 조사 및 심사 결정기관연락처목록: 담당 시/군/구"
WLF00001089,교육급여(맞춤형 급여),web_search,2026-07-28T13:45:50.135552+00:00,4,신분증,,,5,"전자바우처(바우처), 기타",0,"신청기관연락처목록: 거주지 읍/면/동 주민센터, 읍면동 또는 복지로 웹사이트(PC/모바일앱)에서 ‘서비스 신청’ 조사기관연락처목록: 담당 시/군/구청 또는 시군구에서 조사 및 심사 결정기관연락처목록: 담당 시/군/구"
WLF00001089,교육급여(맞춤형 급여),web_search,2026-07-28T13:45:50.135552+00:00,5,통장사본,,,5,"전자바우처(바우처), 기타",0,"신청기관연락처목록: 거주지 읍/면/동 주민센터, 읍면동 또는 복지로 웹사이트(PC/모바일앱)에서 ‘서비스 신청’ 조사기관연락처목록: 담당 시/군/구청 또는 시군구에서 조사 및 심사 결정기관연락처목록: 담당 시/군/구"
WLF00001097,농업인연금보험료지원,web_search,2026-07-28T13:45:50.135552+00:00,1,국민연금 농어업인 확인서,,,4,현금지급,2,"신청기관연락처목록: 거주지 읍/면/동 주민센터, 국민연금공단에서 ‘서비스 신청’ 조사기관연락처목록: 담당 시/군/구청 또는 국민연금공단에서 조사 및 심사 결정기관연락처목록: 담당 시/군/구청 또는 국민연금공단에서 보"
WLF00001097,농업인연금보험료지원,web_search,2026-07-28T13:45:50.135552+00:00,2,농지원부,,,4,현금지급,2,"신청기관연락처목록: 거주지 읍/면/동 주민센터, 국민연금공단에서 ‘서비스 신청’ 조사기관연락처목록: 담당 시/군/구청 또는 국민연금공단에서 조사 및 심사 결정기관연락처목록: 담당 시/군/구청 또는 국민연금공단에서 보"
WLF00001097,농업인연금보험료지원,web_search,2026-07-28T13:45:50.135552+00:00,3,축산업등록증,,,4,현금지급,2,"신청기관연락처목록: 거주지 읍/면/동 주민센터, 국민연금공단에서 ‘서비스 신청’ 조사기관연락처목록: 담당 시/군/구청 또는 국민연금공단에서 조사 및 심사 결정기관연락처목록: 담당 시/군/구청 또는 국민연금공단에서 보"
WLF00001097,농업인연금보험료지원,web_search,2026-07-28T13:45:50.135552+00:00,4,어업 관련 서류,,,4,현금지급,2,"신청기관연락처목록: 거주지 읍/면/동 주민센터, 국민연금공단에서 ‘서비스 신청’ 조사기관연락처목록: 담당 시/군/구청 또는 국민연금공단에서 조사 및 심사 결정기관연락처목록: 담당 시/군/구청 또는 국민연금공단에서 보"
WLF00001099,농업인건강보험료지원,web_search,2026-07-28T13:45:50.135552+00:00,1,농어업인 건강보험료 지원 신청(확인)서,,,2,감면,1,"신청기관연락처목록: 거주지 읍/면/동 주민센터, 국민건강보험공단에서 ‘서비스 신청’ 조사기관연락처목록: 담당 시/군/구청 또는 국민건강보험공단에서 조사 및 심사 결정기관연락처목록: 담당 시/군/구청 또는 국민건강보험"
WLF00001099,농업인건강보험료지원,web_search,2026-07-28T13:45:50.135552+00:00,2,신분증,,,2,감면,1,"신청기관연락처목록: 거주지 읍/면/동 주민센터, 국민건강보험공단에서 ‘서비스 신청’ 조사기관연락처목록: 담당 시/군/구청 또는 국민건강보험공단에서 조사 및 심사 결정기관연락처목록: 담당 시/군/구청 또는 국민건강보험"
WLF00001104,한부모가족자녀 교육비 지원,web_search,2026-07-28T13:45:50.135552+00:00,1,사회보장급여 신청(변경)서,,,5,현금지급,1,"신청기관연락처목록: 거주지 읍/면/동 주민센터, 읍면동 또는 복지로 웹사이트(PC/모바일앱)에서 ‘서비스 신청’ 조사기관연락처목록: 담당 시/군/구청 또는 시군구에서 조사 및 심사 결정기관연락처목록: 담당 시/군/구"
WLF00001104,한부모가족자녀 교육비 지원,web_search,2026-07-28T13:45:50.135552+00:00,2,소득·재산 신고서,,,5,현금지급,1,"신청기관연락처목록: 거주지 읍/면/동 주민센터, 읍면동 또는 복지로 웹사이트(PC/모바일앱)에서 ‘서비스 신청’ 조사기관연락처목록: 담당 시/군/구청 또는 시군구에서 조사 및 심사 결정기관연락처목록: 담당 시/군/구"
WLF00001104,한부모가족자녀 교육비 지원,web_search,2026-07-28T13:45:50.135552+00:00,3,금융정보 등 제공동의서,,,5,현금지급,1,"신청기관연락처목록: 거주지 읍/면/동 주민센터, 읍면동 또는 복지로 웹사이트(PC/모바일앱)에서 ‘서비스 신청’ 조사기관연락처목록: 담당 시/군/구청 또는 시군구에서 조사 및 심사 결정기관연락처목록: 담당 시/군/구"
WLF00001104,한부모가족자녀 교육비 지원,web_search,2026-07-28T13:45:50.135552+00:00,4,통장사본,,,5,현금지급,1,"신청기관연락처목록: 거주지 읍/면/동 주민센터, 읍면동 또는 복지로 웹사이트(PC/모바일앱)에서 ‘서비스 신청’ 조사기관연락처목록: 담당 시/군/구청 또는 시군구에서 조사 및 심사 결정기관연락처목록: 담당 시/군/구"
WLF00001104,한부모가족자녀 교육비 지원,web_search,2026-07-28T13:45:50.135552+00:00,5,신분증,,,5,현금지급,1,"신청기관연락처목록: 거주지 읍/면/동 주민센터, 읍면동 또는 복지로 웹사이트(PC/모바일앱)에서 ‘서비스 신청’ 조사기관연락처목록: 담당 시/군/구청 또는 시군구에서 조사 및 심사 결정기관연락처목록: 담당 시/군/구"
WLF00001112,긴급복지 교육지원,web_search,2026-07-28T13:45:50.135552+00:00,1,사회복지서비스 및 급여 제공(변경)신청서,,,3,현금지급,1,"조사기관연락처목록: 담당 시/군/구청 또는 시군구에서 조사 및 심사 결정기관연락처목록: 담당 시/군/구청 또는 시군구에서 보장 결정 이의신청접수기관연락처목록: 이의가 있을 경우, 담당 시/군/구청 또는 시군구에 이의"
WLF00001112,긴급복지 교육지원,web_search,2026-07-28T13:45:50.135552+00:00,2,소득재산 신고서,,,3,현금지급,1,"조사기관연락처목록: 담당 시/군/구청 또는 시군구에서 조사 및 심사 결정기관연락처목록: 담당 시/군/구청 또는 시군구에서 보장 결정 이의신청접수기관연락처목록: 이의가 있을 경우, 담당 시/군/구청 또는 시군구에 이의"
WLF00001112,긴급복지 교육지원,web_search,2026-07-28T13:45:50.135552+00:00,3,금융정보 등 제공 동의서,,,3,현금지급,1,"조사기관연락처목록: 담당 시/군/구청 또는 시군구에서 조사 및 심사 결정기관연락처목록: 담당 시/군/구청 또는 시군구에서 보장 결정 이의신청접수기관연락처목록: 이의가 있을 경우, 담당 시/군/구청 또는 시군구에 이의"
WLF00001120,교육복지우선지원사업,web_search,2026-07-28T13:50:44.211560+00:00,1,보호자 신청서 및 동의서,,,4,프로그램/서비스(서비스),1,"조사기관연락처목록: 담당 시/군/구청 또는 시도교육청에서 조사 및 심사 결정기관연락처목록: 담당 시/군/구청 또는 시도교육청에서 보장 결정 이의신청접수기관연락처목록: 이의가 있을 경우, 담당 시/군/구청 또는 시도교"
WLF00001120,교육복지우선지원사업,web_search,2026-07-28T13:50:44.211560+00:00,2,학교장(담임) 추천서,,,4,프로그램/서비스(서비스),1,"조사기관연락처목록: 담당 시/군/구청 또는 시도교육청에서 조사 및 심사 결정기관연락처목록: 담당 시/군/구청 또는 시도교육청에서 보장 결정 이의신청접수기관연락처목록: 이의가 있을 경우, 담당 시/군/구청 또는 시도교"
WLF00001120,교육복지우선지원사업,web_search,2026-07-28T13:50:44.211560+00:00,3,객관적 증빙 자료,,,4,프로그램/서비스(서비스),1,"조사기관연락처목록: 담당 시/군/구청 또는 시도교육청에서 조사 및 심사 결정기관연락처목록: 담당 시/군/구청 또는 시도교육청에서 보장 결정 이의신청접수기관연락처목록: 이의가 있을 경우, 담당 시/군/구청 또는 시도교"
WLF00001120,교육복지우선지원사업,web_search,2026-07-28T13:50:44.211560+00:00,4,교육(급여)비 신청 결과 자료,,,4,프로그램/서비스(서비스),1,"조사기관연락처목록: 담당 시/군/구청 또는 시도교육청에서 조사 및 심사 결정기관연락처목록: 담당 시/군/구청 또는 시도교육청에서 보장 결정 이의신청접수기관연락처목록: 이의가 있을 경우, 담당 시/군/구청 또는 시도교"
WLF00001124,진폐근로자보호,web_search,2026-07-28T13:50:44.211560+00:00,1,이직자 건강진단 신청서,,,1,현금지급,1,"신청기관연락처목록: 거주지 읍/면/동 주민센터, 근로복지공단에서 ‘서비스 신청’ 조사기관연락처목록: 담당 시/군/구청 또는 근로복지공단에서 조사 및 심사 결정기관연락처목록: 담당 시/군/구청 또는 근로복지공단에서 보"
WLF00001130,선천성 난청검사 및 보청기 지원,web_search,2026-07-28T13:50:44.211560+00:00,1,지원 신청서,,,8,현금지급,1,"신청기관연락처목록: 거주지 읍/면/동 주민센터, 보건소에서 ‘서비스 신청’ 조사기관연락처목록: 담당 시/군/구청 또는 보건소에서 조사 및 심사 결정기관연락처목록: 담당 시/군/구청 또는 보건소에서 보장 결정 지급기관"
WLF00001130,선천성 난청검사 및 보청기 지원,web_search,2026-07-28T13:50:44.211560+00:00,2,검사비 영수증,,,8,현금지급,1,"신청기관연락처목록: 거주지 읍/면/동 주민센터, 보건소에서 ‘서비스 신청’ 조사기관연락처목록: 담당 시/군/구청 또는 보건소에서 조사 및 심사 결정기관연락처목록: 담당 시/군/구청 또는 보건소에서 보장 결정 지급기관"
WLF00001130,선천성 난청검사 및 보청기 지원,web_search,2026-07-28T13:50:44.211560+00:00,3,검사비 세부내역서,,,8,현금지급,1,"신청기관연락처목록: 거주지 읍/면/동 주민센터, 보건소에서 ‘서비스 신청’ 조사기관연락처목록: 담당 시/군/구청 또는 보건소에서 조사 및 심사 결정기관연락처목록: 담당 시/군/구청 또는 보건소에서 보장 결정 지급기관"
WLF00001130,선천성 난청검사 및 보청기 지원,web_search,2026-07-28T13:50:44.211560+00:00,4,검사 결과지,,,8,현금지급,1,"신청기관연락처목록: 거주지 읍/면/동 주민센터, 보건소에서 ‘서비스 신청’ 조사기관연락처목록: 담당 시/군/구청 또는 보건소에서 조사 및 심사 결정기관연락처목록: 담당 시/군/구청 또는 보건소에서 보장 결정 지급기관"
WLF00001130,선천성 난청검사 및 보청기 지원,web_search,2026-07-28T13:50:44.211560+00:00,5,지원금 입금계좌 통장 사본,,,8,현금지급,1,"신청기관연락처목록: 거주지 읍/면/동 주민센터, 보건소에서 ‘서비스 신청’ 조사기관연락처목록: 담당 시/군/구청 또는 보건소에서 조사 및 심사 결정기관연락처목록: 담당 시/군/구청 또는 보건소에서 보장 결정 지급기관"
WLF00001130,선천성 난청검사 및 보청기 지원,web_search,2026-07-28T13:50:44.211560+00:00,6,주민등록등본,https://www.gov.kr/mw/AA020InfoCappView.do?CappBizCD=13100000015,certificate_issuance,8,현금지급,1,"신청기관연락처목록: 거주지 읍/면/동 주민센터, 보건소에서 ‘서비스 신청’ 조사기관연락처목록: 담당 시/군/구청 또는 보건소에서 조사 및 심사 결정기관연락처목록: 담당 시/군/구청 또는 보건소에서 보장 결정 지급기관"
WLF00001130,선천성 난청검사 및 보청기 지원,web_search,2026-07-28T13:50:44.211560+00:00,7,가족관계증명서,https://efamily.scourt.go.kr,certificate_issuance,8,현금지급,1,"신청기관연락처목록: 거주지 읍/면/동 주민센터, 보건소에서 ‘서비스 신청’ 조사기관연락처목록: 담당 시/군/구청 또는 보건소에서 조사 및 심사 결정기관연락처목록: 담당 시/군/구청 또는 보건소에서 보장 결정 지급기관"
WLF00001130,선천성 난청검사 및 보청기 지원,web_search,2026-07-28T13:50:44.211560+00:00,8,건강보험증 사본,,,8,현금지급,1,"신청기관연락처목록: 거주지 읍/면/동 주민센터, 보건소에서 ‘서비스 신청’ 조사기관연락처목록: 담당 시/군/구청 또는 보건소에서 조사 및 심사 결정기관연락처목록: 담당 시/군/구청 또는 보건소에서 보장 결정 지급기관"
WLF00001133,장애인 건강검진기관 지원,web_search,2026-07-28T13:50:44.211560+00:00,1,장애인 건강검진기관 지정신청서,,,4,기타,0,"신청기관연락처목록: 거주지 읍/면/동 주민센터, 장애인 건강검진기관에서 ‘서비스 신청’ 조사기관연락처목록: 담당 시/군/구청 또는 장애인 건강검진기관에서 조사 및 심사 결정기관연락처목록: 담당 시/군/구청 또는 장애"
WLF00001133,장애인 건강검진기관 지원,web_search,2026-07-28T13:50:44.211560+00:00,2,인력·시설 및 장비 현황에 관한 서류,,,4,기타,0,"신청기관연락처목록: 거주지 읍/면/동 주민센터, 장애인 건강검진기관에서 ‘서비스 신청’ 조사기관연락처목록: 담당 시/군/구청 또는 장애인 건강검진기관에서 조사 및 심사 결정기관연락처목록: 담당 시/군/구청 또는 장애"
WLF00001133,장애인 건강검진기관 지원,web_search,2026-07-28T13:50:44.211560+00:00,3,장애인 건강검진을 보조하는 인력의 채용 관련 사실 증명서류,,,4,기타,0,"신청기관연락처목록: 거주지 읍/면/동 주민센터, 장애인 건강검진기관에서 ‘서비스 신청’ 조사기관연락처목록: 담당 시/군/구청 또는 장애인 건강검진기관에서 조사 및 심사 결정기관연락처목록: 담당 시/군/구청 또는 장애"
WLF00001133,장애인 건강검진기관 지원,web_search,2026-07-28T13:50:44.211560+00:00,4,그 밖에 보건복지부장관이 필요하다고 인정하는 서류,,,4,기타,0,"신청기관연락처목록: 거주지 읍/면/동 주민센터, 장애인 건강검진기관에서 ‘서비스 신청’ 조사기관연락처목록: 담당 시/군/구청 또는 장애인 건강검진기관에서 조사 및 심사 결정기관연락처목록: 담당 시/군/구청 또는 장애"
WLF00001135,해산급여,web_search,2026-07-28T13:50:44.211560+00:00,1,복지대상자 해산급여·장제급여 지원신청서,,,3,현금지급,1,"신청기관연락처목록: 거주지 읍/면/동 주민센터, 읍면동 또는 복지로 웹사이트(PC/모바일앱)에서 ‘서비스 신청’ 조사기관연락처목록: 담당 시/군/구청 또는 시군구 에서 조사 및 심사 결정기관연락처목록: 담당 시/군/"
WLF00001135,해산급여,web_search,2026-07-28T13:50:44.211560+00:00,2,사산 시 사실확인서 또는 인우증명서,,,3,현금지급,1,"신청기관연락처목록: 거주지 읍/면/동 주민센터, 읍면동 또는 복지로 웹사이트(PC/모바일앱)에서 ‘서비스 신청’ 조사기관연락처목록: 담당 시/군/구청 또는 시군구 에서 조사 및 심사 결정기관연락처목록: 담당 시/군/"
WLF00001135,해산급여,web_search,2026-07-28T13:50:44.211560+00:00,3,신분증,,,3,현금지급,1,"신청기관연락처목록: 거주지 읍/면/동 주민센터, 읍면동 또는 복지로 웹사이트(PC/모바일앱)에서 ‘서비스 신청’ 조사기관연락처목록: 담당 시/군/구청 또는 시군구 에서 조사 및 심사 결정기관연락처목록: 담당 시/군/"
WLF00001137,독립유공자 손자녀 가계지원비,web_search,2026-07-28T13:50:44.211560+00:00,1,상훈수여증명서,,,5,현금지급,0,"신청기관연락처목록: 거주지 읍/면/동 주민센터, 보훈(지)청에서 ‘서비스 신청’ 조사기관연락처목록: 담당 시/군/구청 또는 보훈(지)청에서 조사 및 심사 결정기관연락처목록: 담당 시/군/구청 또는 보훈(지)청에서 보"
WLF00001137,독립유공자 손자녀 가계지원비,web_search,2026-07-28T13:50:44.211560+00:00,2,가족관계증명서,https://efamily.scourt.go.kr,certificate_issuance,5,현금지급,0,"신청기관연락처목록: 거주지 읍/면/동 주민센터, 보훈(지)청에서 ‘서비스 신청’ 조사기관연락처목록: 담당 시/군/구청 또는 보훈(지)청에서 조사 및 심사 결정기관연락처목록: 담당 시/군/구청 또는 보훈(지)청에서 보"
WLF00001137,독립유공자 손자녀 가계지원비,web_search,2026-07-28T13:50:44.211560+00:00,3,제적등본,,,5,현금지급,0,"신청기관연락처목록: 거주지 읍/면/동 주민센터, 보훈(지)청에서 ‘서비스 신청’ 조사기관연락처목록: 담당 시/군/구청 또는 보훈(지)청에서 조사 및 심사 결정기관연락처목록: 담당 시/군/구청 또는 보훈(지)청에서 보"
WLF00001137,독립유공자 손자녀 가계지원비,web_search,2026-07-28T13:50:44.211560+00:00,4,반명함사진 1매,,,5,현금지급,0,"신청기관연락처목록: 거주지 읍/면/동 주민센터, 보훈(지)청에서 ‘서비스 신청’ 조사기관연락처목록: 담당 시/군/구청 또는 보훈(지)청에서 조사 및 심사 결정기관연락처목록: 담당 시/군/구청 또는 보훈(지)청에서 보"
WLF00001137,독립유공자 손자녀 가계지원비,web_search,2026-07-28T13:50:44.211560+00:00,5,주민등록증 (신분증),,,5,현금지급,0,"신청기관연락처목록: 거주지 읍/면/동 주민센터, 보훈(지)청에서 ‘서비스 신청’ 조사기관연락처목록: 담당 시/군/구청 또는 보훈(지)청에서 조사 및 심사 결정기관연락처목록: 담당 시/군/구청 또는 보훈(지)청에서 보"
WLF00001148,근로·자녀장려금,web_search,2026-07-28T13:55:45.159455+00:00,1,급여 또는 사업소득 지급대장 사본,,,3,현금지급,0,"신청기관연락처목록: 거주지 읍/면/동 주민센터, 관할세무서에서 ‘서비스 신청’ 조사기관연락처목록: 담당 시/군/구청 또는 관할세무서에서 조사 및 심사 결정기관연락처목록: 담당 시/군/구청 또는 관할세무서에서 보장 결"
WLF00001148,근로·자녀장려금,web_search,2026-07-28T13:55:45.159455+00:00,2,건강보험료 납부확인서,https://www.nhis.or.kr/nhis/index.do,certificate_issuance,3,현금지급,0,"신청기관연락처목록: 거주지 읍/면/동 주민센터, 관할세무서에서 ‘서비스 신청’ 조사기관연락처목록: 담당 시/군/구청 또는 관할세무서에서 조사 및 심사 결정기관연락처목록: 담당 시/군/구청 또는 관할세무서에서 보장 결"
WLF00001148,근로·자녀장려금,web_search,2026-07-28T13:55:45.159455+00:00,3,국민연금보험료 납부증명서,,,3,현금지급,0,"신청기관연락처목록: 거주지 읍/면/동 주민센터, 관할세무서에서 ‘서비스 신청’ 조사기관연락처목록: 담당 시/군/구청 또는 관할세무서에서 조사 및 심사 결정기관연락처목록: 담당 시/군/구청 또는 관할세무서에서 보장 결"
WLF00001151,중도시각장애인재활훈련지원,web_search,2026-07-28T13:55:45.159455+00:00,1,지원신청서,,,1,프로그램/서비스(서비스),0,조사기관연락처목록: 담당 시/군/구청 또는 한국시각장애인연합회에서 조사 및 심사 결정기관연락처목록: 담당 시/군/구청 또는 한국시각장애인연합회에서 보장 결정 지급기관연락처목록: 담당 시/군/구청 또는 한국시각장애인연
WLF00001154,중증장애인근로자 출퇴근비용 지원 사업,web_search,2026-07-28T13:55:45.159455+00:00,1,중증장애인 근로자 출퇴근 교통비 지원 신청서,,,5,현금지급,0,"신청기관연락처목록: 거주지 읍/면/동 주민센터, 한국장애인고용공단에서 ‘서비스 신청’ 조사기관연락처목록: 담당 시/군/구청 또는 한국장애인고용공단에서 조사 및 심사 결정기관연락처목록: 담당 시/군/구청 또는 한국장애"
WLF00001154,중증장애인근로자 출퇴근비용 지원 사업,web_search,2026-07-28T13:55:45.159455+00:00,2,근로계약서 등 근로자임을 증명할 수 있는 서류 사본,,,5,현금지급,0,"신청기관연락처목록: 거주지 읍/면/동 주민센터, 한국장애인고용공단에서 ‘서비스 신청’ 조사기관연락처목록: 담당 시/군/구청 또는 한국장애인고용공단에서 조사 및 심사 결정기관연락처목록: 담당 시/군/구청 또는 한국장애"
WLF00001154,중증장애인근로자 출퇴근비용 지원 사업,web_search,2026-07-28T13:55:45.159455+00:00,3,신청인 명의의 통장 사본,,,5,현금지급,0,"신청기관연락처목록: 거주지 읍/면/동 주민센터, 한국장애인고용공단에서 ‘서비스 신청’ 조사기관연락처목록: 담당 시/군/구청 또는 한국장애인고용공단에서 조사 및 심사 결정기관연락처목록: 담당 시/군/구청 또는 한국장애"
WLF00001154,중증장애인근로자 출퇴근비용 지원 사업,web_search,2026-07-28T13:55:45.159455+00:00,4,장애인증명서,https://www.gov.kr,certificate_issuance,5,현금지급,0,"신청기관연락처목록: 거주지 읍/면/동 주민센터, 한국장애인고용공단에서 ‘서비스 신청’ 조사기관연락처목록: 담당 시/군/구청 또는 한국장애인고용공단에서 조사 및 심사 결정기관연락처목록: 담당 시/군/구청 또는 한국장애"
WLF00001154,중증장애인근로자 출퇴근비용 지원 사업,web_search,2026-07-28T13:55:45.159455+00:00,5,고용보험가입증명원,,,5,현금지급,0,"신청기관연락처목록: 거주지 읍/면/동 주민센터, 한국장애인고용공단에서 ‘서비스 신청’ 조사기관연락처목록: 담당 시/군/구청 또는 한국장애인고용공단에서 조사 및 심사 결정기관연락처목록: 담당 시/군/구청 또는 한국장애"
WLF00001156,재취업지원서비스 시행지원,web_search,2026-07-28T13:55:45.159455+00:00,1,기업컨설팅 신청서,,,5,기타,0,"신청기관연락처목록: 거주지 읍/면/동 주민센터, 노사발전재단에서 ‘서비스 신청’ 조사기관연락처목록: 담당 시/군/구청 또는 고용노동부에서 조사 및 심사 결정기관연락처목록: 담당 시/군/구청 또는 고용노동부에서 보장 "
WLF00001156,재취업지원서비스 시행지원,web_search,2026-07-28T13:55:45.159455+00:00,2,사업자등록증,,,5,기타,0,"신청기관연락처목록: 거주지 읍/면/동 주민센터, 노사발전재단에서 ‘서비스 신청’ 조사기관연락처목록: 담당 시/군/구청 또는 고용노동부에서 조사 및 심사 결정기관연락처목록: 담당 시/군/구청 또는 고용노동부에서 보장 "
WLF00001156,재취업지원서비스 시행지원,web_search,2026-07-28T13:55:45.159455+00:00,3,고용보험 완납증명원,,,5,기타,0,"신청기관연락처목록: 거주지 읍/면/동 주민센터, 노사발전재단에서 ‘서비스 신청’ 조사기관연락처목록: 담당 시/군/구청 또는 고용노동부에서 조사 및 심사 결정기관연락처목록: 담당 시/군/구청 또는 고용노동부에서 보장 "
WLF00001156,재취업지원서비스 시행지원,web_search,2026-07-28T13:55:45.159455+00:00,4,고용보험 월별 피보험자 수 증빙,,,5,기타,0,"신청기관연락처목록: 거주지 읍/면/동 주민센터, 노사발전재단에서 ‘서비스 신청’ 조사기관연락처목록: 담당 시/군/구청 또는 고용노동부에서 조사 및 심사 결정기관연락처목록: 담당 시/군/구청 또는 고용노동부에서 보장 "
WLF00001156,재취업지원서비스 시행지원,web_search,2026-07-28T13:55:45.159455+00:00,5,개인정보 활용동의서,,,5,기타,0,"신청기관연락처목록: 거주지 읍/면/동 주민센터, 노사발전재단에서 ‘서비스 신청’ 조사기관연락처목록: 담당 시/군/구청 또는 고용노동부에서 조사 및 심사 결정기관연락처목록: 담당 시/군/구청 또는 고용노동부에서 보장 "
WLF00001159,입원 및 격리치료명령 결핵환자 부양가족생활보호비 지원,web_search,2026-07-28T14:00:56.236617+00:00,1,부양가족생활보호비 지원 신청서,,,5,현금지급,1,"신청기관연락처목록: 거주지 읍/면/동 주민센터, 주소지 시군구 보건소에서 ‘서비스 신청’ 조사기관연락처목록: 담당 시/군/구청 또는 주소지 시군구 보건소에서 조사 및 심사 결정기관연락처목록: 담당 시/군/구청 또는 "
WLF00001159,입원 및 격리치료명령 결핵환자 부양가족생활보호비 지원,web_search,2026-07-28T14:00:56.236617+00:00,2,입금통장 사본,,,5,현금지급,1,"신청기관연락처목록: 거주지 읍/면/동 주민센터, 주소지 시군구 보건소에서 ‘서비스 신청’ 조사기관연락처목록: 담당 시/군/구청 또는 주소지 시군구 보건소에서 조사 및 심사 결정기관연락처목록: 담당 시/군/구청 또는 "
WLF00001159,입원 및 격리치료명령 결핵환자 부양가족생활보호비 지원,web_search,2026-07-28T14:00:56.236617+00:00,3,소득 조사 관련 서류,,,5,현금지급,1,"신청기관연락처목록: 거주지 읍/면/동 주민센터, 주소지 시군구 보건소에서 ‘서비스 신청’ 조사기관연락처목록: 담당 시/군/구청 또는 주소지 시군구 보건소에서 조사 및 심사 결정기관연락처목록: 담당 시/군/구청 또는 "
WLF00001159,입원 및 격리치료명령 결핵환자 부양가족생활보호비 지원,web_search,2026-07-28T14:00:56.236617+00:00,4,가족관계증명서,https://efamily.scourt.go.kr,certificate_issuance,5,현금지급,1,"신청기관연락처목록: 거주지 읍/면/동 주민센터, 주소지 시군구 보건소에서 ‘서비스 신청’ 조사기관연락처목록: 담당 시/군/구청 또는 주소지 시군구 보건소에서 조사 및 심사 결정기관연락처목록: 담당 시/군/구청 또는 "
WLF00001159,입원 및 격리치료명령 결핵환자 부양가족생활보호비 지원,web_search,2026-07-28T14:00:56.236617+00:00,5,주민등록등(초)본,https://www.gov.kr/mw/AA020InfoCappView.do?CappBizCD=13100000015,certificate_issuance,5,현금지급,1,"신청기관연락처목록: 거주지 읍/면/동 주민센터, 주소지 시군구 보건소에서 ‘서비스 신청’ 조사기관연락처목록: 담당 시/군/구청 또는 주소지 시군구 보건소에서 조사 및 심사 결정기관연락처목록: 담당 시/군/구청 또는 "
WLF00001161,표준모자보건수첩 제공,web_search,2026-07-28T13:55:45.159455+00:00,1,임신확인서,,,1,현물지급,1,"신청기관연락처목록: 거주지 읍/면/동 주민센터, 주소지 관할 보건소에서 ‘서비스 신청’ 조사기관연락처목록: 담당 시/군/구청 또는 주소지 관할 보건소에서 조사 및 심사 결정기관연락처목록: 담당 시/군/구청 또는 주소"
WLF00001163,직장어린이집 설치 지원,web_search,2026-07-28T14:00:56.236617+00:00,1,지원신청서(별지 제5호),,,4,현금지급,0,"신청기관연락처목록: 거주지 읍/면/동 주민센터, 근로복지공단 직장보육지원센터(직장어린이집 설치 및 교재교구지원)에서 ‘서비스 신청’ 조사기관연락처목록: 담당 시/군/구청 또는 근로복지공단 직장보육지원센터(직장어린이집"
WLF00001163,직장어린이집 설치 지원,web_search,2026-07-28T14:00:56.236617+00:00,2,직장어린이집 인가증 사본,,,4,현금지급,0,"신청기관연락처목록: 거주지 읍/면/동 주민센터, 근로복지공단 직장보육지원센터(직장어린이집 설치 및 교재교구지원)에서 ‘서비스 신청’ 조사기관연락처목록: 담당 시/군/구청 또는 근로복지공단 직장보육지원센터(직장어린이집"
WLF00001163,직장어린이집 설치 지원,web_search,2026-07-28T14:00:56.236617+00:00,3,사업주임을 증명하는 서류,,,4,현금지급,0,"신청기관연락처목록: 거주지 읍/면/동 주민센터, 근로복지공단 직장보육지원센터(직장어린이집 설치 및 교재교구지원)에서 ‘서비스 신청’ 조사기관연락처목록: 담당 시/군/구청 또는 근로복지공단 직장보육지원센터(직장어린이집"
WLF00001163,직장어린이집 설치 지원,web_search,2026-07-28T14:00:56.236617+00:00,4,보육아동 수를 증명할 수 있는 서류,,,4,현금지급,0,"신청기관연락처목록: 거주지 읍/면/동 주민센터, 근로복지공단 직장보육지원센터(직장어린이집 설치 및 교재교구지원)에서 ‘서비스 신청’ 조사기관연락처목록: 담당 시/군/구청 또는 근로복지공단 직장보육지원센터(직장어린이집"
WLF00001164,기초연금,web_search,2026-07-28T14:00:56.236617+00:00,1,신분증,,,5,현금지급,1,"신청기관연락처목록: 거주지 읍/면/동 주민센터, 전국 국민연금공단 지사 또는 복지로 웹사이트(PC/모바일앱)에서 ‘서비스 신청’ 신청기관연락처목록: 거주지 읍/면/동 주민센터, 전국 읍면동 주민센터 또는 행정복지센터"
WLF00001164,기초연금,web_search,2026-07-28T14:00:56.236617+00:00,2,본인 계좌 통장사본,,,5,현금지급,1,"신청기관연락처목록: 거주지 읍/면/동 주민센터, 전국 국민연금공단 지사 또는 복지로 웹사이트(PC/모바일앱)에서 ‘서비스 신청’ 신청기관연락처목록: 거주지 읍/면/동 주민센터, 전국 읍면동 주민센터 또는 행정복지센터"
WLF00001164,기초연금,web_search,2026-07-28T14:00:56.236617+00:00,3,금융정보 등 제공동의서,,,5,현금지급,1,"신청기관연락처목록: 거주지 읍/면/동 주민센터, 전국 국민연금공단 지사 또는 복지로 웹사이트(PC/모바일앱)에서 ‘서비스 신청’ 신청기관연락처목록: 거주지 읍/면/동 주민센터, 전국 읍면동 주민센터 또는 행정복지센터"
WLF00001164,기초연금,web_search,2026-07-28T14:00:56.236617+00:00,4,연금지급신청서 (또는 사회복지서비스 및 급여제공 신청서),,,5,현금지급,1,"신청기관연락처목록: 거주지 읍/면/동 주민센터, 전국 국민연금공단 지사 또는 복지로 웹사이트(PC/모바일앱)에서 ‘서비스 신청’ 신청기관연락처목록: 거주지 읍/면/동 주민센터, 전국 읍면동 주민센터 또는 행정복지센터"
WLF00001164,기초연금,web_search,2026-07-28T14:00:56.236617+00:00,5,소득·재산 신고서 (또는 소득재산 신고서),,,5,현금지급,1,"신청기관연락처목록: 거주지 읍/면/동 주민센터, 전국 국민연금공단 지사 또는 복지로 웹사이트(PC/모바일앱)에서 ‘서비스 신청’ 신청기관연락처목록: 거주지 읍/면/동 주민센터, 전국 읍면동 주민센터 또는 행정복지센터"
WLF00001169,의료급여 틀니·치과임플란트,web_search,2026-07-28T14:00:56.236617+00:00,1,의료급여 틀니 등록 신청서,,,2,현물지급,1,"신청기관연락처목록: 거주지 읍/면/동 주민센터, 의료급여기관이 국민건강보험공단 요양기관 정보마당에 전산 등록에서 ‘서비스 신청’ 신청기관연락처목록: 거주지 읍/면/동 주민센터, 보장기관(특별시장·광역시장·도지사, 시"
WLF00001169,의료급여 틀니·치과임플란트,web_search,2026-07-28T14:00:56.236617+00:00,2,의료급여 치과임플란트 등록 신청서,,,2,현물지급,1,"신청기관연락처목록: 거주지 읍/면/동 주민센터, 의료급여기관이 국민건강보험공단 요양기관 정보마당에 전산 등록에서 ‘서비스 신청’ 신청기관연락처목록: 거주지 읍/면/동 주민센터, 보장기관(특별시장·광역시장·도지사, 시"
WLF00001175,자립준비청년 자립수당 지급,web_search,2026-07-28T14:00:56.236617+00:00,1,보호종료아동 자립수당 지급 신청서,,,6,현금지급,2,"신청기관연락처목록: 거주지 읍/면/동 주민센터, 읍면동 행정복지센터 또는 복지로 웹사이트(PC/모바일앱)에서 ‘서비스 신청’ 조사기관연락처목록: 담당 시/군/구청 또는 시군구에서 조사 및 심사 결정기관연락처목록: 담"
WLF00001175,자립준비청년 자립수당 지급,web_search,2026-07-28T14:00:56.236617+00:00,2,신분증,,,6,현금지급,2,"신청기관연락처목록: 거주지 읍/면/동 주민센터, 읍면동 행정복지센터 또는 복지로 웹사이트(PC/모바일앱)에서 ‘서비스 신청’ 조사기관연락처목록: 담당 시/군/구청 또는 시군구에서 조사 및 심사 결정기관연락처목록: 담"
WLF00001175,자립준비청년 자립수당 지급,web_search,2026-07-28T14:00:56.236617+00:00,3,서민금융진흥원 사이버강의 이수증 또는 국민연금공단 종합재무상담 확인서,,,6,현금지급,2,"신청기관연락처목록: 거주지 읍/면/동 주민센터, 읍면동 행정복지센터 또는 복지로 웹사이트(PC/모바일앱)에서 ‘서비스 신청’ 조사기관연락처목록: 담당 시/군/구청 또는 시군구에서 조사 및 심사 결정기관연락처목록: 담"
WLF00001175,자립준비청년 자립수당 지급,web_search,2026-07-28T14:00:56.236617+00:00,4,보호종료 확인서,,,6,현금지급,2,"신청기관연락처목록: 거주지 읍/면/동 주민센터, 읍면동 행정복지센터 또는 복지로 웹사이트(PC/모바일앱)에서 ‘서비스 신청’ 조사기관연락처목록: 담당 시/군/구청 또는 시군구에서 조사 및 심사 결정기관연락처목록: 담"
WLF00001175,자립준비청년 자립수당 지급,web_search,2026-07-28T14:00:56.236617+00:00,5,통장사본,,,6,현금지급,2,"신청기관연락처목록: 거주지 읍/면/동 주민센터, 읍면동 행정복지센터 또는 복지로 웹사이트(PC/모바일앱)에서 ‘서비스 신청’ 조사기관연락처목록: 담당 시/군/구청 또는 시군구에서 조사 및 심사 결정기관연락처목록: 담"
WLF00001175,자립준비청년 자립수당 지급,web_search,2026-07-28T14:00:56.236617+00:00,6,"위임장 및 대리인 신분증, 관계 증빙서류",,,6,현금지급,2,"신청기관연락처목록: 거주지 읍/면/동 주민센터, 읍면동 행정복지센터 또는 복지로 웹사이트(PC/모바일앱)에서 ‘서비스 신청’ 조사기관연락처목록: 담당 시/군/구청 또는 시군구에서 조사 및 심사 결정기관연락처목록: 담"
WLF00001177,장기요양 본인부담금 감경,web_search,2026-07-28T14:00:56.236617+00:00,1,본인부담금 감경신청서,,,2,기타,2,"신청기관연락처목록: 거주지 읍/면/동 주민센터, 국민건강보험공단에서 ‘서비스 신청’ 조사기관연락처목록: 담당 시/군/구청 또는 국민건강보험공단에서 조사 및 심사 결정기관연락처목록: 담당 시/군/구청 또는 국민건강보험"
WLF00001177,장기요양 본인부담금 감경,web_search,2026-07-28T14:00:56.236617+00:00,2,장기요양인정서,,,2,기타,2,"신청기관연락처목록: 거주지 읍/면/동 주민센터, 국민건강보험공단에서 ‘서비스 신청’ 조사기관연락처목록: 담당 시/군/구청 또는 국민건강보험공단에서 조사 및 심사 결정기관연락처목록: 담당 시/군/구청 또는 국민건강보험"
WLF00001179,노인 무릎인공관절 수술 지원 사업,web_search,2026-07-28T14:00:56.236617+00:00,1,무릎관절증 의료지원 신청서,,,5,현물지급,2,"신청기관연락처목록: 거주지 읍/면/동 주민센터, 보건소에서 ‘서비스 신청’ 조사기관연락처목록: 담당 시/군/구청 또는 보건소에서 조사 및 심사 결정기관연락처목록: 담당 시/군/구청 또는 노인의료나눔재단에서 보장 결정"
WLF00001179,노인 무릎인공관절 수술 지원 사업,web_search,2026-07-28T14:00:56.236617+00:00,2,개인정보수집 및 이용·제공 동의서,,,5,현물지급,2,"신청기관연락처목록: 거주지 읍/면/동 주민센터, 보건소에서 ‘서비스 신청’ 조사기관연락처목록: 담당 시/군/구청 또는 보건소에서 조사 및 심사 결정기관연락처목록: 담당 시/군/구청 또는 노인의료나눔재단에서 보장 결정"
WLF00001179,노인 무릎인공관절 수술 지원 사업,web_search,2026-07-28T14:00:56.236617+00:00,3,진단서 또는 소견서,,,5,현물지급,2,"신청기관연락처목록: 거주지 읍/면/동 주민센터, 보건소에서 ‘서비스 신청’ 조사기관연락처목록: 담당 시/군/구청 또는 보건소에서 조사 및 심사 결정기관연락처목록: 담당 시/군/구청 또는 노인의료나눔재단에서 보장 결정"
WLF00001179,노인 무릎인공관절 수술 지원 사업,web_search,2026-07-28T14:00:56.236617+00:00,4,기초생활수급자·차상위계층 또는 한부모가족 증명서,https://www.gov.kr/mw/AA020InfoCappView.do?CappBizCD=10601000001,certificate_issuance,5,현물지급,2,"신청기관연락처목록: 거주지 읍/면/동 주민센터, 보건소에서 ‘서비스 신청’ 조사기관연락처목록: 담당 시/군/구청 또는 보건소에서 조사 및 심사 결정기관연락처목록: 담당 시/군/구청 또는 노인의료나눔재단에서 보장 결정"
WLF00001179,노인 무릎인공관절 수술 지원 사업,web_search,2026-07-28T14:00:56.236617+00:00,5,행정정보 공동이용 사전동의서,,,5,현물지급,2,"신청기관연락처목록: 거주지 읍/면/동 주민센터, 보건소에서 ‘서비스 신청’ 조사기관연락처목록: 담당 시/군/구청 또는 보건소에서 조사 및 심사 결정기관연락처목록: 담당 시/군/구청 또는 노인의료나눔재단에서 보장 결정"
WLF00001184,암환자의료비지원,web_search,2026-07-28T14:00:56.236617+00:00,1,암환자 의료비 등록 및 지원 신청서,,,7,현금지급,1,"신청기관연락처목록: 거주지 읍/면/동 주민센터, 보건소에서 ‘서비스 신청’ 조사기관연락처목록: 담당 시/군/구청 또는 시·군·구, 읍·면·동 사무소, 보건소에서 조사 및 심사 결정기관연락처목록: 담당 시/군/구청 또"
WLF00001184,암환자의료비지원,web_search,2026-07-28T14:00:56.236617+00:00,2,개인정보 이용·제공 동의서,,,7,현금지급,1,"신청기관연락처목록: 거주지 읍/면/동 주민센터, 보건소에서 ‘서비스 신청’ 조사기관연락처목록: 담당 시/군/구청 또는 시·군·구, 읍·면·동 사무소, 보건소에서 조사 및 심사 결정기관연락처목록: 담당 시/군/구청 또"
WLF00001184,암환자의료비지원,web_search,2026-07-28T14:00:56.236617+00:00,3,"진단서(최종진단, 상병명·상병코드·진단일자 기재)",,,7,현금지급,1,"신청기관연락처목록: 거주지 읍/면/동 주민센터, 보건소에서 ‘서비스 신청’ 조사기관연락처목록: 담당 시/군/구청 또는 시·군·구, 읍·면·동 사무소, 보건소에서 조사 및 심사 결정기관연락처목록: 담당 시/군/구청 또"
WLF00001184,암환자의료비지원,web_search,2026-07-28T14:00:56.236617+00:00,4,환자 통장 사본 및 신분증,,,7,현금지급,1,"신청기관연락처목록: 거주지 읍/면/동 주민센터, 보건소에서 ‘서비스 신청’ 조사기관연락처목록: 담당 시/군/구청 또는 시·군·구, 읍·면·동 사무소, 보건소에서 조사 및 심사 결정기관연락처목록: 담당 시/군/구청 또"
WLF00001184,암환자의료비지원,web_search,2026-07-28T14:00:56.236617+00:00,5,암 진료비 영수증 원본,,,7,현금지급,1,"신청기관연락처목록: 거주지 읍/면/동 주민센터, 보건소에서 ‘서비스 신청’ 조사기관연락처목록: 담당 시/군/구청 또는 시·군·구, 읍·면·동 사무소, 보건소에서 조사 및 심사 결정기관연락처목록: 담당 시/군/구청 또"
WLF00001184,암환자의료비지원,web_search,2026-07-28T14:00:56.236617+00:00,6,약제비 영수증 원본 및 처방전,,,7,현금지급,1,"신청기관연락처목록: 거주지 읍/면/동 주민센터, 보건소에서 ‘서비스 신청’ 조사기관연락처목록: 담당 시/군/구청 또는 시·군·구, 읍·면·동 사무소, 보건소에서 조사 및 심사 결정기관연락처목록: 담당 시/군/구청 또"
WLF00001184,암환자의료비지원,web_search,2026-07-28T14:00:56.236617+00:00,7,담당의사 소견서 (해당자에 한함),,,7,현금지급,1,"신청기관연락처목록: 거주지 읍/면/동 주민센터, 보건소에서 ‘서비스 신청’ 조사기관연락처목록: 담당 시/군/구청 또는 시·군·구, 읍·면·동 사무소, 보건소에서 조사 및 심사 결정기관연락처목록: 담당 시/군/구청 또"
WLF00002021,산모신생아 건강관리 지원사업,web_search,2026-07-28T14:54:14.794749+00:00,1,산모 및 배우자 신분증,,,7,전자바우처(바우처),1,- 신청방법: 직접 방문 또는 온라인(복지로) 신청- 신청기간: 출산예정일 40일전부터 출산후 30일까지 - 이용절차 : (대상자) 서비스 신청 → (보건소)서비스 유형 결정 및 자격 결정 여부 통지 → (대상자)제
WLF00002021,산모신생아 건강관리 지원사업,web_search,2026-07-28T14:54:14.794749+00:00,2,출산 또는 출산예정일 증빙자료 (임신확인서 또는 출생증명서 등),,,7,전자바우처(바우처),1,- 신청방법: 직접 방문 또는 온라인(복지로) 신청- 신청기간: 출산예정일 40일전부터 출산후 30일까지 - 이용절차 : (대상자) 서비스 신청 → (보건소)서비스 유형 결정 및 자격 결정 여부 통지 → (대상자)제
WLF00002021,산모신생아 건강관리 지원사업,web_search,2026-07-28T14:54:14.794749+00:00,3,가족관계증명서 (등본상 세대분리 시),https://efamily.scourt.go.kr,certificate_issuance,7,전자바우처(바우처),1,- 신청방법: 직접 방문 또는 온라인(복지로) 신청- 신청기간: 출산예정일 40일전부터 출산후 30일까지 - 이용절차 : (대상자) 서비스 신청 → (보건소)서비스 유형 결정 및 자격 결정 여부 통지 → (대상자)제
WLF00002021,산모신생아 건강관리 지원사업,web_search,2026-07-28T14:54:14.794749+00:00,4,휴직 또는 재직증명서 및 최근 월 급여명세서 (해당 시),,,7,전자바우처(바우처),1,- 신청방법: 직접 방문 또는 온라인(복지로) 신청- 신청기간: 출산예정일 40일전부터 출산후 30일까지 - 이용절차 : (대상자) 서비스 신청 → (보건소)서비스 유형 결정 및 자격 결정 여부 통지 → (대상자)제
WLF00002021,산모신생아 건강관리 지원사업,web_search,2026-07-28T14:54:14.794749+00:00,5,외국인등록증 (결혼이민산모 해당 시),,,7,전자바우처(바우처),1,- 신청방법: 직접 방문 또는 온라인(복지로) 신청- 신청기간: 출산예정일 40일전부터 출산후 30일까지 - 이용절차 : (대상자) 서비스 신청 → (보건소)서비스 유형 결정 및 자격 결정 여부 통지 → (대상자)제
WLF00002021,산모신생아 건강관리 지원사업,web_search,2026-07-28T14:54:14.794749+00:00,6,"예외지원 관련 증빙자료 (진단서, 장애인등록증 등 해당 시)",,,7,전자바우처(바우처),1,- 신청방법: 직접 방문 또는 온라인(복지로) 신청- 신청기간: 출산예정일 40일전부터 출산후 30일까지 - 이용절차 : (대상자) 서비스 신청 → (보건소)서비스 유형 결정 및 자격 결정 여부 통지 → (대상자)제
WLF00002021,산모신생아 건강관리 지원사업,web_search,2026-07-28T14:54:14.794749+00:00,7,"위임장 및 신청인-대리인 관계 증명서류, 대리인 신분증 (대리 신청 시)",,,7,전자바우처(바우처),1,- 신청방법: 직접 방문 또는 온라인(복지로) 신청- 신청기간: 출산예정일 40일전부터 출산후 30일까지 - 이용절차 : (대상자) 서비스 신청 → (보건소)서비스 유형 결정 및 자격 결정 여부 통지 → (대상자)제
WLF00002061,청소년 체험학습카드 지원 사업,web_search,2026-07-28T14:00:56.236617+00:00,1,신청서,,,2,기타,1,1. 각 동 주민센터 신청 → 카드발급 → 카드사용자 시스템 등록 → 카드사용2. 성동구청 홈페이지 신청 → 동 주민센터 방문하여 카드발급 → 카드사용자 시스템 등록 → 카드사용
WLF00002061,청소년 체험학습카드 지원 사업,web_search,2026-07-28T14:00:56.236617+00:00,2,신분증 (학생증 또는 재학증명서),,,2,기타,1,1. 각 동 주민센터 신청 → 카드발급 → 카드사용자 시스템 등록 → 카드사용2. 성동구청 홈페이지 신청 → 동 주민센터 방문하여 카드발급 → 카드사용자 시스템 등록 → 카드사용
WLF00002204,장애인가정 출산지원금 지원,web_search,2026-07-28T14:05:57.338179+00:00,1,서울특별시 강남구 장애인인가정 출산비용지원 신청서,https://www.bokjiro.go.kr/ssis-tbu/CmmFileUtil/siteQnaInfoDownload.do?atcflId=7305GOWF14GOWF147305&atcflSn=1,form_download,4,현금지급,1,주소지 관할 동 주민센터로 신청.
WLF00002204,장애인가정 출산지원금 지원,web_search,2026-07-28T14:05:57.338179+00:00,2,등록장애인 증명 서류,https://www.gov.kr,certificate_issuance,4,현금지급,1,주소지 관할 동 주민센터로 신청.
WLF00002204,장애인가정 출산지원금 지원,web_search,2026-07-28T14:05:57.338179+00:00,3,신생아 출생증명서 또는 출생신고서,,,4,현금지급,1,주소지 관할 동 주민센터로 신청.
WLF00002204,장애인가정 출산지원금 지원,web_search,2026-07-28T14:05:57.338179+00:00,4,주민등록등본,https://www.gov.kr/mw/AA020InfoCappView.do?CappBizCD=13100000015,certificate_issuance,4,현금지급,1,주소지 관할 동 주민센터로 신청.
WLF00002227,장애인 휠체어 보장구 수리비 지원,web_search,2026-07-28T14:05:57.338179+00:00,1,장애인 휠체어 수리신청서,,,4,현금지급,1,"1) 신청인은 강남구 휠체어 수리지정업체 4개소(엠코리아홈케어스,케어존,휠로피아,액티피아) 중 수리를 의뢰할 곳을 선택하여 동주민센터에 신청2) 신청에 의거 동주민센터에서 지정업체에 수리의뢰3) 지정업체에서 수리 후"
WLF00002227,장애인 휠체어 보장구 수리비 지원,web_search,2026-07-28T14:05:57.338179+00:00,2,수리의뢰서,,,4,현금지급,1,"1) 신청인은 강남구 휠체어 수리지정업체 4개소(엠코리아홈케어스,케어존,휠로피아,액티피아) 중 수리를 의뢰할 곳을 선택하여 동주민센터에 신청2) 신청에 의거 동주민센터에서 지정업체에 수리의뢰3) 지정업체에서 수리 후"
WLF00002227,장애인 휠체어 보장구 수리비 지원,web_search,2026-07-28T14:05:57.338179+00:00,3,개인정보 수집 및 이용동의서,,,4,현금지급,1,"1) 신청인은 강남구 휠체어 수리지정업체 4개소(엠코리아홈케어스,케어존,휠로피아,액티피아) 중 수리를 의뢰할 곳을 선택하여 동주민센터에 신청2) 신청에 의거 동주민센터에서 지정업체에 수리의뢰3) 지정업체에서 수리 후"
WLF00002227,장애인 휠체어 보장구 수리비 지원,web_search,2026-07-28T14:05:57.338179+00:00,4,장애인등록증,https://www.gov.kr,certificate_issuance,4,현금지급,1,"1) 신청인은 강남구 휠체어 수리지정업체 4개소(엠코리아홈케어스,케어존,휠로피아,액티피아) 중 수리를 의뢰할 곳을 선택하여 동주민센터에 신청2) 신청에 의거 동주민센터에서 지정업체에 수리의뢰3) 지정업체에서 수리 후"
WLF00002231,국가유공자 보훈예우수당,web_search,2026-07-28T14:05:57.338179+00:00,1,보훈예우수당 신청서,,,3,현금지급,1,
WLF00002231,국가유공자 보훈예우수당,web_search,2026-07-28T14:05:57.338179+00:00,2,국가유공자증 또는 유공자 확인서 사본,,,3,현금지급,1,
WLF00002231,국가유공자 보훈예우수당,web_search,2026-07-28T14:05:57.338179+00:00,3,통장사본 (신청인 명의),,,3,현금지급,1,
WLF00002326,입양축하금 지원,web_search,2026-07-28T14:11:19.301996+00:00,1,입양축하금 지원 신청서,,,4,현금지급,1,1) 신청방법 : 입양신고 후 6개월 이내에 입양축하금 신청(강서구청 아동청소년과)2) 지급시기 및 지급방법 - 지급시기 : 입양축하금 신청일로부터 15일 이내 - 지급방법 : 축하금 신청 계좌에 직접 입금
WLF00002326,입양축하금 지원,web_search,2026-07-28T14:11:19.301996+00:00,2,입양사실확인서,,,4,현금지급,1,1) 신청방법 : 입양신고 후 6개월 이내에 입양축하금 신청(강서구청 아동청소년과)2) 지급시기 및 지급방법 - 지급시기 : 입양축하금 신청일로부터 15일 이내 - 지급방법 : 축하금 신청 계좌에 직접 입금
WLF00002326,입양축하금 지원,web_search,2026-07-28T14:11:19.301996+00:00,3,예금통장 사본,,,4,현금지급,1,1) 신청방법 : 입양신고 후 6개월 이내에 입양축하금 신청(강서구청 아동청소년과)2) 지급시기 및 지급방법 - 지급시기 : 입양축하금 신청일로부터 15일 이내 - 지급방법 : 축하금 신청 계좌에 직접 입금
WLF00002326,입양축하금 지원,web_search,2026-07-28T14:11:19.301996+00:00,4,장애아동 증명서류,,,4,현금지급,1,1) 신청방법 : 입양신고 후 6개월 이내에 입양축하금 신청(강서구청 아동청소년과)2) 지급시기 및 지급방법 - 지급시기 : 입양축하금 신청일로부터 15일 이내 - 지급방법 : 축하금 신청 계좌에 직접 입금
WLF00002340,출산양육지원금 지급,web_search,2026-07-28T14:11:19.301996+00:00,1,출산양육지원금 지원신청서,,,2,현금지급,1,1) 신청기한 - 신생아 출생신고일로부터 6개월 이내 2) 신청장소 : 거주지(주민등록지) 동 주민센터
WLF00002340,출산양육지원금 지급,web_search,2026-07-28T14:11:19.301996+00:00,2,예금통장 사본,,,2,현금지급,1,1) 신청기한 - 신생아 출생신고일로부터 6개월 이내 2) 신청장소 : 거주지(주민등록지) 동 주민센터
WLF00002627,저소득주민 생활안정 지원(건강보험료),web_search,2026-07-28T14:16:21.278260+00:00,1,저소득주민 국민건강보험료 지원 신청서,https://www.bokjiro.go.kr/ssis-tbu/CmmFileUtil/siteQnaInfoDownload.do?atcflId=0737GOWF15GOWF150737&atcflSn=1,form_download,2,현물지급,1,
WLF00002627,저소득주민 생활안정 지원(건강보험료),web_search,2026-07-28T14:16:21.278260+00:00,2,국민건강보험료 고지서,,,2,현물지급,1,
WLF00002637,청년 임차보증금 이자지원사업,web_search,2026-07-28T14:16:21.278260+00:00,1,주민등록등본,https://www.gov.kr/mw/AA020InfoCappView.do?CappBizCD=13100000015,certificate_issuance,2,"현금대여(융자), 기타",1,서울주거포털에 온라인신청(상시접수)
WLF00002637,청년 임차보증금 이자지원사업,web_search,2026-07-28T14:16:21.278260+00:00,2,주거급여 비대상 증빙서류,,,2,"현금대여(융자), 기타",1,서울주거포털에 온라인신청(상시접수)
WLF00002664,장애인 특별지원(장애인 가정 출산지원금),web_search,2026-07-28T14:53:46.828259+00:00,1,신청자 신분증,,,5,현금지급,1,출산지원금: 거주지 동주민센터에 신청
WLF00002664,장애인 특별지원(장애인 가정 출산지원금),web_search,2026-07-28T14:53:46.828259+00:00,2,신청서,,,5,현금지급,1,출산지원금: 거주지 동주민센터에 신청
WLF00002664,장애인 특별지원(장애인 가정 출산지원금),web_search,2026-07-28T14:53:46.828259+00:00,3,출생증명서,,,5,현금지급,1,출산지원금: 거주지 동주민센터에 신청
WLF00002664,장애인 특별지원(장애인 가정 출산지원금),web_search,2026-07-28T14:53:46.828259+00:00,4,출생사실이 기재된 주민등록등본,https://www.gov.kr/mw/AA020InfoCappView.do?CappBizCD=13100000015,certificate_issuance,5,현금지급,1,출산지원금: 거주지 동주민센터에 신청
WLF00002664,장애인 특별지원(장애인 가정 출산지원금),web_search,2026-07-28T14:53:46.828259+00:00,5,통장사본,,,5,현금지급,1,출산지원금: 거주지 동주민센터에 신청
WLF00002667,출산축하금 지원,web_search,2026-07-28T14:21:19.484566+00:00,1,출산축하금 지원신청서,,,3,현금지급,1,1) 신청방법 : 출생신고일부터 6개월 이내에 주소지 동 주민센터 방문신청 또는 행복출산 온라인 신청 2) 지급시기 및 지급방법 - 지급일 : 매월1일부터 말일까지 신청분을 익월 15일에 지급 - 지급방법 : 신청인
WLF00002667,출산축하금 지원,web_search,2026-07-28T14:21:19.484566+00:00,2,신분증,,,3,현금지급,1,1) 신청방법 : 출생신고일부터 6개월 이내에 주소지 동 주민센터 방문신청 또는 행복출산 온라인 신청 2) 지급시기 및 지급방법 - 지급일 : 매월1일부터 말일까지 신청분을 익월 15일에 지급 - 지급방법 : 신청인
WLF00002667,출산축하금 지원,web_search,2026-07-28T14:21:19.484566+00:00,3,예금통장 사본,,,3,현금지급,1,1) 신청방법 : 출생신고일부터 6개월 이내에 주소지 동 주민센터 방문신청 또는 행복출산 온라인 신청 2) 지급시기 및 지급방법 - 지급일 : 매월1일부터 말일까지 신청분을 익월 15일에 지급 - 지급방법 : 신청인
WLF00003173,장애인스포츠강좌이용권 지원,web_search,2026-07-28T14:21:19.484566+00:00,1,장애인스포츠강좌이용권 신청서,,,5,"실물바우처, 전자바우처(바우처)",0,"신청기관연락처목록: 거주지 읍/면/동 주민센터, 국민체육진흥공단(온라인신청) 및 시군구 주민센터(방문신청)에서 ‘서비스 신청’ 조사기관연락처목록: 담당 시/군/구청 또는 기초 자치단체에서 조사 및 심사 결정기관연락처"
WLF00003173,장애인스포츠강좌이용권 지원,web_search,2026-07-28T14:21:19.484566+00:00,2,신분증,,,5,"실물바우처, 전자바우처(바우처)",0,"신청기관연락처목록: 거주지 읍/면/동 주민센터, 국민체육진흥공단(온라인신청) 및 시군구 주민센터(방문신청)에서 ‘서비스 신청’ 조사기관연락처목록: 담당 시/군/구청 또는 기초 자치단체에서 조사 및 심사 결정기관연락처"
WLF00003173,장애인스포츠강좌이용권 지원,web_search,2026-07-28T14:21:19.484566+00:00,3,수급자증명서,https://www.gov.kr/mw/AA020InfoCappView.do?CappBizCD=14600000280,certificate_issuance,5,"실물바우처, 전자바우처(바우처)",0,"신청기관연락처목록: 거주지 읍/면/동 주민센터, 국민체육진흥공단(온라인신청) 및 시군구 주민센터(방문신청)에서 ‘서비스 신청’ 조사기관연락처목록: 담당 시/군/구청 또는 기초 자치단체에서 조사 및 심사 결정기관연락처"
WLF00003173,장애인스포츠강좌이용권 지원,web_search,2026-07-28T14:21:19.484566+00:00,4,장애인등록증,https://www.gov.kr,certificate_issuance,5,"실물바우처, 전자바우처(바우처)",0,"신청기관연락처목록: 거주지 읍/면/동 주민센터, 국민체육진흥공단(온라인신청) 및 시군구 주민센터(방문신청)에서 ‘서비스 신청’ 조사기관연락처목록: 담당 시/군/구청 또는 기초 자치단체에서 조사 및 심사 결정기관연락처"
WLF00003173,장애인스포츠강좌이용권 지원,web_search,2026-07-28T14:21:19.484566+00:00,5,가족관계증명서,https://efamily.scourt.go.kr,certificate_issuance,5,"실물바우처, 전자바우처(바우처)",0,"신청기관연락처목록: 거주지 읍/면/동 주민센터, 국민체육진흥공단(온라인신청) 및 시군구 주민센터(방문신청)에서 ‘서비스 신청’ 조사기관연락처목록: 담당 시/군/구청 또는 기초 자치단체에서 조사 및 심사 결정기관연락처"
WLF00003177,복권기금 꿈사다리 장학사업,web_search,2026-07-28T14:21:19.484566+00:00,1,수급자격 증명서,,,6,전자바우처(바우처),0,"신청기관연락처목록: 거주지 읍/면/동 주민센터, 한국장학재단에서 ‘서비스 신청’ 조사기관연락처목록: 담당 시/군/구청 또는 한국장학재단에서 조사 및 심사 결정기관연락처목록: 담당 시/군/구청 또는 한국장학재단에서 보"
WLF00003177,복권기금 꿈사다리 장학사업,web_search,2026-07-28T14:21:19.484566+00:00,2,가족관계증명서(상세),https://efamily.scourt.go.kr,certificate_issuance,6,전자바우처(바우처),0,"신청기관연락처목록: 거주지 읍/면/동 주민센터, 한국장학재단에서 ‘서비스 신청’ 조사기관연락처목록: 담당 시/군/구청 또는 한국장학재단에서 조사 및 심사 결정기관연락처목록: 담당 시/군/구청 또는 한국장학재단에서 보"
WLF00003177,복권기금 꿈사다리 장학사업,web_search,2026-07-28T14:21:19.484566+00:00,3,나의 성장 기록(학업보고서),,,6,전자바우처(바우처),0,"신청기관연락처목록: 거주지 읍/면/동 주민센터, 한국장학재단에서 ‘서비스 신청’ 조사기관연락처목록: 담당 시/군/구청 또는 한국장학재단에서 조사 및 심사 결정기관연락처목록: 담당 시/군/구청 또는 한국장학재단에서 보"
WLF00003177,복권기금 꿈사다리 장학사업,web_search,2026-07-28T14:21:19.484566+00:00,4,제적증명서,,,6,전자바우처(바우처),0,"신청기관연락처목록: 거주지 읍/면/동 주민센터, 한국장학재단에서 ‘서비스 신청’ 조사기관연락처목록: 담당 시/군/구청 또는 한국장학재단에서 조사 및 심사 결정기관연락처목록: 담당 시/군/구청 또는 한국장학재단에서 보"
WLF00003177,복권기금 꿈사다리 장학사업,web_search,2026-07-28T14:21:19.484566+00:00,5,징계 관련 증빙서류,,,6,전자바우처(바우처),0,"신청기관연락처목록: 거주지 읍/면/동 주민센터, 한국장학재단에서 ‘서비스 신청’ 조사기관연락처목록: 담당 시/군/구청 또는 한국장학재단에서 조사 및 심사 결정기관연락처목록: 담당 시/군/구청 또는 한국장학재단에서 보"
WLF00003177,복권기금 꿈사다리 장학사업,web_search,2026-07-28T14:21:19.484566+00:00,6,장학생 포기확인서,,,6,전자바우처(바우처),0,"신청기관연락처목록: 거주지 읍/면/동 주민센터, 한국장학재단에서 ‘서비스 신청’ 조사기관연락처목록: 담당 시/군/구청 또는 한국장학재단에서 조사 및 심사 결정기관연락처목록: 담당 시/군/구청 또는 한국장학재단에서 보"
WLF00003178,긴급복지 해산비지원,web_search,2026-07-28T14:21:19.484566+00:00,1,현장확인서,,,8,현금지급,1,"조사기관연락처목록: 담당 시/군/구청 또는 시군구에서 조사 및 심사 결정기관연락처목록: 담당 시/군/구청 또는 시군구에서 보장 결정 이의신청접수기관연락처목록: 이의가 있을 경우, 담당 시/군/구청 또는 시군구에 이의"
WLF00003178,긴급복지 해산비지원,web_search,2026-07-28T14:21:19.484566+00:00,2,금융정보제공동의서,,,8,현금지급,1,"조사기관연락처목록: 담당 시/군/구청 또는 시군구에서 조사 및 심사 결정기관연락처목록: 담당 시/군/구청 또는 시군구에서 보장 결정 이의신청접수기관연락처목록: 이의가 있을 경우, 담당 시/군/구청 또는 시군구에 이의"
WLF00003178,긴급복지 해산비지원,web_search,2026-07-28T14:21:19.484566+00:00,3,소득재산신고서,,,8,현금지급,1,"조사기관연락처목록: 담당 시/군/구청 또는 시군구에서 조사 및 심사 결정기관연락처목록: 담당 시/군/구청 또는 시군구에서 보장 결정 이의신청접수기관연락처목록: 이의가 있을 경우, 담당 시/군/구청 또는 시군구에 이의"
WLF00003178,긴급복지 해산비지원,web_search,2026-07-28T14:21:19.484566+00:00,4,주거지 서류 (전·월세 계약서 등),,,8,현금지급,1,"조사기관연락처목록: 담당 시/군/구청 또는 시군구에서 조사 및 심사 결정기관연락처목록: 담당 시/군/구청 또는 시군구에서 보장 결정 이의신청접수기관연락처목록: 이의가 있을 경우, 담당 시/군/구청 또는 시군구에 이의"
WLF00003178,긴급복지 해산비지원,web_search,2026-07-28T14:21:19.484566+00:00,5,가족관계증명서 (상세),https://efamily.scourt.go.kr,certificate_issuance,8,현금지급,1,"조사기관연락처목록: 담당 시/군/구청 또는 시군구에서 조사 및 심사 결정기관연락처목록: 담당 시/군/구청 또는 시군구에서 보장 결정 이의신청접수기관연락처목록: 이의가 있을 경우, 담당 시/군/구청 또는 시군구에 이의"
WLF00003178,긴급복지 해산비지원,web_search,2026-07-28T14:21:19.484566+00:00,6,통장사본,,,8,현금지급,1,"조사기관연락처목록: 담당 시/군/구청 또는 시군구에서 조사 및 심사 결정기관연락처목록: 담당 시/군/구청 또는 시군구에서 보장 결정 이의신청접수기관연락처목록: 이의가 있을 경우, 담당 시/군/구청 또는 시군구에 이의"
WLF00003178,긴급복지 해산비지원,web_search,2026-07-28T14:21:19.484566+00:00,7,6개월분 통장 거래내역서 (가구원 전원),,,8,현금지급,1,"조사기관연락처목록: 담당 시/군/구청 또는 시군구에서 조사 및 심사 결정기관연락처목록: 담당 시/군/구청 또는 시군구에서 보장 결정 이의신청접수기관연락처목록: 이의가 있을 경우, 담당 시/군/구청 또는 시군구에 이의"
WLF00003178,긴급복지 해산비지원,web_search,2026-07-28T14:21:19.484566+00:00,8,위기상황별 증빙서류,,,8,현금지급,1,"조사기관연락처목록: 담당 시/군/구청 또는 시군구에서 조사 및 심사 결정기관연락처목록: 담당 시/군/구청 또는 시군구에서 보장 결정 이의신청접수기관연락처목록: 이의가 있을 경우, 담당 시/군/구청 또는 시군구에 이의"
WLF00003180,긴급복지 생계지원,web_search,2026-07-28T14:21:19.484566+00:00,1,현장확인서,,,6,현금지급,1,"조사기관연락처목록: 담당 시/군/구청 또는 시군구에서 조사 및 심사 결정기관연락처목록: 담당 시/군/구청 또는 시군구에서 보장 결정 이의신청접수기관연락처목록: 이의가 있을 경우, 담당 시/군/구청 또는 시군구에 이의"
WLF00003180,긴급복지 생계지원,web_search,2026-07-28T14:21:19.484566+00:00,2,소득·재산신고서,,,6,현금지급,1,"조사기관연락처목록: 담당 시/군/구청 또는 시군구에서 조사 및 심사 결정기관연락처목록: 담당 시/군/구청 또는 시군구에서 보장 결정 이의신청접수기관연락처목록: 이의가 있을 경우, 담당 시/군/구청 또는 시군구에 이의"
WLF00003180,긴급복지 생계지원,web_search,2026-07-28T14:21:19.484566+00:00,3,금융제공동의서,,,6,현금지급,1,"조사기관연락처목록: 담당 시/군/구청 또는 시군구에서 조사 및 심사 결정기관연락처목록: 담당 시/군/구청 또는 시군구에서 보장 결정 이의신청접수기관연락처목록: 이의가 있을 경우, 담당 시/군/구청 또는 시군구에 이의"
WLF00003180,긴급복지 생계지원,web_search,2026-07-28T14:21:19.484566+00:00,4,가구원 통장 거래내역서,,,6,현금지급,1,"조사기관연락처목록: 담당 시/군/구청 또는 시군구에서 조사 및 심사 결정기관연락처목록: 담당 시/군/구청 또는 시군구에서 보장 결정 이의신청접수기관연락처목록: 이의가 있을 경우, 담당 시/군/구청 또는 시군구에 이의"
WLF00003180,긴급복지 생계지원,web_search,2026-07-28T14:21:19.484566+00:00,5,전·월세계약서 또는 사용대차확인서,,,6,현금지급,1,"조사기관연락처목록: 담당 시/군/구청 또는 시군구에서 조사 및 심사 결정기관연락처목록: 담당 시/군/구청 또는 시군구에서 보장 결정 이의신청접수기관연락처목록: 이의가 있을 경우, 담당 시/군/구청 또는 시군구에 이의"
WLF00003180,긴급복지 생계지원,web_search,2026-07-28T14:21:19.484566+00:00,6,"위기사유 증빙서류(진단서, 입원확인서, 실종신고서 등)",,,6,현금지급,1,"조사기관연락처목록: 담당 시/군/구청 또는 시군구에서 조사 및 심사 결정기관연락처목록: 담당 시/군/구청 또는 시군구에서 보장 결정 이의신청접수기관연락처목록: 이의가 있을 경우, 담당 시/군/구청 또는 시군구에 이의"
WLF00003181,장애인의료비지원,web_search,2026-07-28T14:21:19.484566+00:00,1,의료급여증,,,2,현금지급,1,"신청기관연락처목록: 거주지 읍/면/동 주민센터, 의료기관(본인부담금 사전차감)에서 ‘서비스 신청’ 조사기관연락처목록: 담당 시/군/구청 또는 건강보험심사평가원에서 조사 및 심사 결정기관연락처목록: 담당 시/군/구청 "
WLF00003181,장애인의료비지원,web_search,2026-07-28T14:21:19.484566+00:00,2,장애인등록증,https://www.gov.kr,certificate_issuance,2,현금지급,1,"신청기관연락처목록: 거주지 읍/면/동 주민센터, 의료기관(본인부담금 사전차감)에서 ‘서비스 신청’ 조사기관연락처목록: 담당 시/군/구청 또는 건강보험심사평가원에서 조사 및 심사 결정기관연락처목록: 담당 시/군/구청 "
WLF00003190,의료급여(의료급여대지급금지원),web_search,2026-07-28T14:26:46.766033+00:00,1,급여비용대지급신청서,,,3,현금대여(융자),1,"신청기관연락처목록: 거주지 읍/면/동 주민센터, 시군구에서 ‘서비스 신청’ 조사기관연락처목록: 담당 시/군/구청 또는 시군구에서 조사 및 심사 결정기관연락처목록: 담당 시/군/구청 또는 시군구에서 보장 결정 이의신청"
WLF00003190,의료급여(의료급여대지급금지원),web_search,2026-07-28T14:26:46.766033+00:00,2,의료급여기관 확인서,,,3,현금대여(융자),1,"신청기관연락처목록: 거주지 읍/면/동 주민센터, 시군구에서 ‘서비스 신청’ 조사기관연락처목록: 담당 시/군/구청 또는 시군구에서 조사 및 심사 결정기관연락처목록: 담당 시/군/구청 또는 시군구에서 보장 결정 이의신청"
WLF00003190,의료급여(의료급여대지급금지원),web_search,2026-07-28T14:26:46.766033+00:00,3,신분증,,,3,현금대여(융자),1,"신청기관연락처목록: 거주지 읍/면/동 주민센터, 시군구에서 ‘서비스 신청’ 조사기관연락처목록: 담당 시/군/구청 또는 시군구에서 조사 및 심사 결정기관연락처목록: 담당 시/군/구청 또는 시군구에서 보장 결정 이의신청"
WLF00003191,노인맞춤돌봄서비스,web_search,2026-07-28T14:26:46.766033+00:00,1,노인맞춤돌봄서비스 신청서,,,4,프로그램/서비스(서비스),2,"신청기관연락처목록: 거주지 읍/면/동 주민센터, 주민센터 또는 복지로 웹사이트(PC/모바일앱)에서 ‘서비스 신청’ 조사기관연락처목록: 담당 시/군/구청 또는 주민센터에서 조사 및 심사 결정기관연락처목록: 담당 시/군"
WLF00003191,노인맞춤돌봄서비스,web_search,2026-07-28T14:26:46.766033+00:00,2,신분증,,,4,프로그램/서비스(서비스),2,"신청기관연락처목록: 거주지 읍/면/동 주민센터, 주민센터 또는 복지로 웹사이트(PC/모바일앱)에서 ‘서비스 신청’ 조사기관연락처목록: 담당 시/군/구청 또는 주민센터에서 조사 및 심사 결정기관연락처목록: 담당 시/군"
WLF00003191,노인맞춤돌봄서비스,web_search,2026-07-28T14:26:46.766033+00:00,3,위임장,,,4,프로그램/서비스(서비스),2,"신청기관연락처목록: 거주지 읍/면/동 주민센터, 주민센터 또는 복지로 웹사이트(PC/모바일앱)에서 ‘서비스 신청’ 조사기관연락처목록: 담당 시/군/구청 또는 주민센터에서 조사 및 심사 결정기관연락처목록: 담당 시/군"
WLF00003191,노인맞춤돌봄서비스,web_search,2026-07-28T14:26:46.766033+00:00,4,대리 신청자의 신분증,,,4,프로그램/서비스(서비스),2,"신청기관연락처목록: 거주지 읍/면/동 주민센터, 주민센터 또는 복지로 웹사이트(PC/모바일앱)에서 ‘서비스 신청’ 조사기관연락처목록: 담당 시/군/구청 또는 주민센터에서 조사 및 심사 결정기관연락처목록: 담당 시/군"
WLF00003193,제대군인 대부지원,web_search,2026-07-28T14:26:46.766033+00:00,1,제대군인 대부신청서,,,3,현금대여(융자),1,"신청기관연락처목록: 거주지 읍/면/동 주민센터, 위탁금융기관,보훈(지)청에서 ‘서비스 신청’ 조사기관연락처목록: 담당 시/군/구청 또는 위탁금융기관,보훈(지)청에서 조사 및 심사 결정기관연락처목록: 담당 시/군/구청"
WLF00003193,제대군인 대부지원,web_search,2026-07-28T14:26:46.766033+00:00,2,개인정보 이용 및 제공 사전 동의서,,,3,현금대여(융자),1,"신청기관연락처목록: 거주지 읍/면/동 주민센터, 위탁금융기관,보훈(지)청에서 ‘서비스 신청’ 조사기관연락처목록: 담당 시/군/구청 또는 위탁금융기관,보훈(지)청에서 조사 및 심사 결정기관연락처목록: 담당 시/군/구청"
WLF00003193,제대군인 대부지원,web_search,2026-07-28T14:26:46.766033+00:00,3,사진 (3×4cm) 1매,,,3,현금대여(융자),1,"신청기관연락처목록: 거주지 읍/면/동 주민센터, 위탁금융기관,보훈(지)청에서 ‘서비스 신청’ 조사기관연락처목록: 담당 시/군/구청 또는 위탁금융기관,보훈(지)청에서 조사 및 심사 결정기관연락처목록: 담당 시/군/구청"
WLF00003194,시설급여,web_search,2026-07-28T14:26:46.766033+00:00,1,입소·이용신청서,,,7,시설입소,2,"신청기관연락처목록: 거주지 읍/면/동 주민센터, 국민건강보험공단에서 ‘서비스 신청’ 조사기관연락처목록: 담당 시/군/구청 또는 국민건강보험공단에서 조사 및 심사 결정기관연락처목록: 담당 시/군/구청 또는 국민건강보험"
WLF00003194,시설급여,web_search,2026-07-28T14:26:46.766033+00:00,2,장기요양인정서,,,7,시설입소,2,"신청기관연락처목록: 거주지 읍/면/동 주민센터, 국민건강보험공단에서 ‘서비스 신청’ 조사기관연락처목록: 담당 시/군/구청 또는 국민건강보험공단에서 조사 및 심사 결정기관연락처목록: 담당 시/군/구청 또는 국민건강보험"
WLF00003194,시설급여,web_search,2026-07-28T14:26:46.766033+00:00,3,개인별장기요양이용계획서,,,7,시설입소,2,"신청기관연락처목록: 거주지 읍/면/동 주민센터, 국민건강보험공단에서 ‘서비스 신청’ 조사기관연락처목록: 담당 시/군/구청 또는 국민건강보험공단에서 조사 및 심사 결정기관연락처목록: 담당 시/군/구청 또는 국민건강보험"
WLF00003194,시설급여,web_search,2026-07-28T14:26:46.766033+00:00,4,주민등록초본,https://www.gov.kr/mw/AA020InfoCappView.do?CappBizCD=13100000015,certificate_issuance,7,시설입소,2,"신청기관연락처목록: 거주지 읍/면/동 주민센터, 국민건강보험공단에서 ‘서비스 신청’ 조사기관연락처목록: 담당 시/군/구청 또는 국민건강보험공단에서 조사 및 심사 결정기관연락처목록: 담당 시/군/구청 또는 국민건강보험"
WLF00003194,시설급여,web_search,2026-07-28T14:26:46.766033+00:00,5,가족관계증명서,https://efamily.scourt.go.kr,certificate_issuance,7,시설입소,2,"신청기관연락처목록: 거주지 읍/면/동 주민센터, 국민건강보험공단에서 ‘서비스 신청’ 조사기관연락처목록: 담당 시/군/구청 또는 국민건강보험공단에서 조사 및 심사 결정기관연락처목록: 담당 시/군/구청 또는 국민건강보험"
WLF00003194,시설급여,web_search,2026-07-28T14:26:46.766033+00:00,6,의사소견서 (진단서),,,7,시설입소,2,"신청기관연락처목록: 거주지 읍/면/동 주민센터, 국민건강보험공단에서 ‘서비스 신청’ 조사기관연락처목록: 담당 시/군/구청 또는 국민건강보험공단에서 조사 및 심사 결정기관연락처목록: 담당 시/군/구청 또는 국민건강보험"
WLF00003194,시설급여,web_search,2026-07-28T14:26:46.766033+00:00,7,건강진단서,,,7,시설입소,2,"신청기관연락처목록: 거주지 읍/면/동 주민센터, 국민건강보험공단에서 ‘서비스 신청’ 조사기관연락처목록: 담당 시/군/구청 또는 국민건강보험공단에서 조사 및 심사 결정기관연락처목록: 담당 시/군/구청 또는 국민건강보험"
WLF00003195,발달재활서비스,web_search,2026-07-28T14:26:46.766033+00:00,1,신분증,,,4,전자바우처(바우처),0,"신청기관연락처목록: 거주지 읍/면/동 주민센터, 읍면동 또는 복지로 웹사이트(PC/모바일앱)에서 ‘서비스 신청’ 조사기관연락처목록: 담당 시/군/구청 또는 읍면동에서 조사 및 심사 결정기관연락처목록: 담당 시/군/구"
WLF00003195,발달재활서비스,web_search,2026-07-28T14:26:46.766033+00:00,2,소득증명 자료,,,4,전자바우처(바우처),0,"신청기관연락처목록: 거주지 읍/면/동 주민센터, 읍면동 또는 복지로 웹사이트(PC/모바일앱)에서 ‘서비스 신청’ 조사기관연락처목록: 담당 시/군/구청 또는 읍면동에서 조사 및 심사 결정기관연락처목록: 담당 시/군/구"
WLF00003195,발달재활서비스,web_search,2026-07-28T14:26:46.766033+00:00,3,발달재활서비스 의뢰서,,,4,전자바우처(바우처),0,"신청기관연락처목록: 거주지 읍/면/동 주민센터, 읍면동 또는 복지로 웹사이트(PC/모바일앱)에서 ‘서비스 신청’ 조사기관연락처목록: 담당 시/군/구청 또는 읍면동에서 조사 및 심사 결정기관연락처목록: 담당 시/군/구"
WLF00003195,발달재활서비스,web_search,2026-07-28T14:26:46.766033+00:00,4,검사자료,,,4,전자바우처(바우처),0,"신청기관연락처목록: 거주지 읍/면/동 주민센터, 읍면동 또는 복지로 웹사이트(PC/모바일앱)에서 ‘서비스 신청’ 조사기관연락처목록: 담당 시/군/구청 또는 읍면동에서 조사 및 심사 결정기관연락처목록: 담당 시/군/구"
WLF00003207,영농도우미 지원,web_search,2026-07-28T14:26:46.766033+00:00,1,영농도우미 이용신청서,,,2,프로그램/서비스(서비스),1,"신청기관연락처목록: 거주지 읍/면/동 주민센터, 지역농협에서 ‘서비스 신청’ 조사기관연락처목록: 담당 시/군/구청 또는 농협중앙회에서 조사 및 심사 결정기관연락처목록: 담당 시/군/구청 또는 농협중앙회에서 보장 결정"
WLF00003207,영농도우미 지원,web_search,2026-07-28T14:26:46.766033+00:00,2,증빙서류,,,2,프로그램/서비스(서비스),1,"신청기관연락처목록: 거주지 읍/면/동 주민센터, 지역농협에서 ‘서비스 신청’ 조사기관연락처목록: 담당 시/군/구청 또는 농협중앙회에서 조사 및 심사 결정기관연락처목록: 담당 시/군/구청 또는 농협중앙회에서 보장 결정"
WLF00003211,장애인보조기기 교부,web_search,2026-07-28T14:26:46.766033+00:00,1,신분증,,,3,현물지급,1,"신청기관연락처목록: 거주지 읍/면/동 주민센터, 읍면동 또는 복지로 웹사이트(PC/모바일앱)에서 ‘서비스 신청’ 조사기관연락처목록: 담당 시/군/구청 또는 국민연금공단에서 조사 및 심사 조사기관연락처목록: 담당 시/"
WLF00003211,장애인보조기기 교부,web_search,2026-07-28T14:26:46.766033+00:00,2,장애인 등록 및 서비스 신청서,,,3,현물지급,1,"신청기관연락처목록: 거주지 읍/면/동 주민센터, 읍면동 또는 복지로 웹사이트(PC/모바일앱)에서 ‘서비스 신청’ 조사기관연락처목록: 담당 시/군/구청 또는 국민연금공단에서 조사 및 심사 조사기관연락처목록: 담당 시/"
WLF00003211,장애인보조기기 교부,web_search,2026-07-28T14:26:46.766033+00:00,3,통장사본,,,3,현물지급,1,"신청기관연락처목록: 거주지 읍/면/동 주민센터, 읍면동 또는 복지로 웹사이트(PC/모바일앱)에서 ‘서비스 신청’ 조사기관연락처목록: 담당 시/군/구청 또는 국민연금공단에서 조사 및 심사 조사기관연락처목록: 담당 시/"
WLF00003213,인플루엔자 국가예방접종 지원사업,web_search,2026-07-28T14:26:46.766033+00:00,1,"임신부임을 확인할 수 있는 서류 (예: 산모 수첩, 임신확인서 등)",,,1,기타,2,"조사기관연락처목록: 담당 시/군/구청 또는 시도 및 시군구에서 조사 및 심사 결정기관연락처목록: 담당 시/군/구청 또는 시도 및 시군구에서 보장 결정 이의신청접수기관연락처목록: 이의가 있을 경우, 담당 시/군/구청 "
WLF00003214,재해위로금지급,web_search,2026-07-28T14:26:46.766033+00:00,1,재해위로금 지급신청서,https://bokjiro.go.kr/ssis-tbu/CmmFileUtil/getDownload.do?atcflId=20230329UUWBM1008390028682421&atcflSn=1,form_download,2,현금지급,1,"신청기관연락처목록: 거주지 읍/면/동 주민센터, 국가보훈부(각 지방 보훈관서)에서 ‘서비스 신청’ 조사기관연락처목록: 담당 시/군/구청 또는 보훈지(방)청에서 조사 및 심사 결정기관연락처목록: 담당 시/군/구청 또는"
WLF00003214,재해위로금지급,web_search,2026-07-28T14:26:46.766033+00:00,2,개인정보 수집·이용 및 제공 사전동의서,,,2,현금지급,1,"신청기관연락처목록: 거주지 읍/면/동 주민센터, 국가보훈부(각 지방 보훈관서)에서 ‘서비스 신청’ 조사기관연락처목록: 담당 시/군/구청 또는 보훈지(방)청에서 조사 및 심사 결정기관연락처목록: 담당 시/군/구청 또는"
WLF00003223,고난도 보호대상아동 맞춤형 사례관리서비스,web_search,2026-07-28T14:26:46.766033+00:00,1,신청서,,,3,프로그램/서비스(서비스),3,"신청기관연락처목록: 거주지 읍/면/동 주민센터, 아동권리보장원(자립지원부)에서 ‘서비스 신청’ 조사기관연락처목록: 담당 시/군/구청 또는 아동권리보장원(자립지원부)에서 조사 및 심사 결정기관연락처목록: 담당 시/군/"
WLF00003223,고난도 보호대상아동 맞춤형 사례관리서비스,web_search,2026-07-28T14:26:46.766033+00:00,2,선별체크리스트,,,3,프로그램/서비스(서비스),3,"신청기관연락처목록: 거주지 읍/면/동 주민센터, 아동권리보장원(자립지원부)에서 ‘서비스 신청’ 조사기관연락처목록: 담당 시/군/구청 또는 아동권리보장원(자립지원부)에서 조사 및 심사 결정기관연락처목록: 담당 시/군/"
WLF00003223,고난도 보호대상아동 맞춤형 사례관리서비스,web_search,2026-07-28T14:26:46.766033+00:00,3,개인정보 수집·이용·제공동의서,,,3,프로그램/서비스(서비스),3,"신청기관연락처목록: 거주지 읍/면/동 주민센터, 아동권리보장원(자립지원부)에서 ‘서비스 신청’ 조사기관연락처목록: 담당 시/군/구청 또는 아동권리보장원(자립지원부)에서 조사 및 심사 결정기관연락처목록: 담당 시/군/"
WLF00003224,출산육아기 고용안정장려금,web_search,2026-07-28T14:32:12.057332+00:00,1,출산육아기 고용안정장려금 지급 신청서(대체인력 지원금),,,5,현금지급,1,"신청기관연락처목록: 거주지 읍/면/동 주민센터, 고용센터에서 ‘서비스 신청’ 조사기관연락처목록: 담당 시/군/구청 또는 고용센터에서 조사 및 심사 결정기관연락처목록: 담당 시/군/구청 또는 고용센터에서 보장 결정 지"
WLF00003224,출산육아기 고용안정장려금,web_search,2026-07-28T14:32:12.057332+00:00,2,근로계약서,,,5,현금지급,1,"신청기관연락처목록: 거주지 읍/면/동 주민센터, 고용센터에서 ‘서비스 신청’ 조사기관연락처목록: 담당 시/군/구청 또는 고용센터에서 조사 및 심사 결정기관연락처목록: 담당 시/군/구청 또는 고용센터에서 보장 결정 지"
WLF00003224,출산육아기 고용안정장려금,web_search,2026-07-28T14:32:12.057332+00:00,3,월별 임금대장,,,5,현금지급,1,"신청기관연락처목록: 거주지 읍/면/동 주민센터, 고용센터에서 ‘서비스 신청’ 조사기관연락처목록: 담당 시/군/구청 또는 고용센터에서 조사 및 심사 결정기관연락처목록: 담당 시/군/구청 또는 고용센터에서 보장 결정 지"
WLF00003224,출산육아기 고용안정장려금,web_search,2026-07-28T14:32:12.057332+00:00,4,임금지급증빙서류,,,5,현금지급,1,"신청기관연락처목록: 거주지 읍/면/동 주민센터, 고용센터에서 ‘서비스 신청’ 조사기관연락처목록: 담당 시/군/구청 또는 고용센터에서 조사 및 심사 결정기관연락처목록: 담당 시/군/구청 또는 고용센터에서 보장 결정 지"
WLF00003224,출산육아기 고용안정장려금,web_search,2026-07-28T14:32:12.057332+00:00,5,가족관계증명서 또는 주민등록등본,https://efamily.scourt.go.kr,certificate_issuance,5,현금지급,1,"신청기관연락처목록: 거주지 읍/면/동 주민센터, 고용센터에서 ‘서비스 신청’ 조사기관연락처목록: 담당 시/군/구청 또는 고용센터에서 조사 및 심사 결정기관연락처목록: 담당 시/군/구청 또는 고용센터에서 보장 결정 지"
WLF00003235,입양아동 양육수당 지원,web_search,2026-07-28T14:32:12.057332+00:00,1,입양아동 양육보조금 등 신청서,,,4,현금지급,1,"신청기관연락처목록: 거주지 읍/면/동 주민센터, 시군구에서 ‘서비스 신청’ 조사기관연락처목록: 담당 시/군/구청 또는 시군구에서 조사 및 심사 결정기관연락처목록: 담당 시/군/구청 또는 시군구에서 보장 결정 지급기관"
WLF00003235,입양아동 양육수당 지원,web_search,2026-07-28T14:32:12.057332+00:00,2,입양 사실 확인서,,,4,현금지급,1,"신청기관연락처목록: 거주지 읍/면/동 주민센터, 시군구에서 ‘서비스 신청’ 조사기관연락처목록: 담당 시/군/구청 또는 시군구에서 조사 및 심사 결정기관연락처목록: 담당 시/군/구청 또는 시군구에서 보장 결정 지급기관"
WLF00003235,입양아동 양육수당 지원,web_search,2026-07-28T14:32:12.057332+00:00,3,통장사본,,,4,현금지급,1,"신청기관연락처목록: 거주지 읍/면/동 주민센터, 시군구에서 ‘서비스 신청’ 조사기관연락처목록: 담당 시/군/구청 또는 시군구에서 조사 및 심사 결정기관연락처목록: 담당 시/군/구청 또는 시군구에서 보장 결정 지급기관"
WLF00003235,입양아동 양육수당 지원,web_search,2026-07-28T14:32:12.057332+00:00,4,신분증,,,4,현금지급,1,"신청기관연락처목록: 거주지 읍/면/동 주민센터, 시군구에서 ‘서비스 신청’ 조사기관연락처목록: 담당 시/군/구청 또는 시군구에서 조사 및 심사 결정기관연락처목록: 담당 시/군/구청 또는 시군구에서 보장 결정 지급기관"
WLF00003240,평생교육이용권 지원,web_search,2026-07-28T14:54:14.794749+00:00,1,평생교육이용권 발급 신청서,,,3,전자바우처(바우처),1,"신청기관연락처목록: 거주지 읍/면/동 주민센터, 17개 광역지자체에서 ‘서비스 신청’ 조사기관연락처목록: 담당 시/군/구청 또는 국가평생교육진흥원, 광역지자체에서 조사 및 심사 결정기관연락처목록: 담당 시/군/구청 "
WLF00003240,평생교육이용권 지원,web_search,2026-07-28T14:54:14.794749+00:00,2,개인정보 수집·이용 및 제공 동의서,,,3,전자바우처(바우처),1,"신청기관연락처목록: 거주지 읍/면/동 주민센터, 17개 광역지자체에서 ‘서비스 신청’ 조사기관연락처목록: 담당 시/군/구청 또는 국가평생교육진흥원, 광역지자체에서 조사 및 심사 결정기관연락처목록: 담당 시/군/구청 "
WLF00003240,평생교육이용권 지원,web_search,2026-07-28T14:54:14.794749+00:00,3,확약동의서 (필수사항 및 이용자 준수사항 확인서),,,3,전자바우처(바우처),1,"신청기관연락처목록: 거주지 읍/면/동 주민센터, 17개 광역지자체에서 ‘서비스 신청’ 조사기관연락처목록: 담당 시/군/구청 또는 국가평생교육진흥원, 광역지자체에서 조사 및 심사 결정기관연락처목록: 담당 시/군/구청 "
WLF00003247,재난적의료비 지원 사업,web_search,2026-07-28T14:32:12.057332+00:00,1,재난적의료비 지원신청서,,,8,현금지급,0,"신청기관연락처목록: 거주지 읍/면/동 주민센터, 국민건강보험공단에서 ‘서비스 신청’ 조사기관연락처목록: 담당 시/군/구청 또는 국민건강보험공단에서 조사 및 심사 결정기관연락처목록: 담당 시/군/구청 또는 국민건강보험"
WLF00003247,재난적의료비 지원 사업,web_search,2026-07-28T14:32:12.057332+00:00,2,신분증 사본,,,8,현금지급,0,"신청기관연락처목록: 거주지 읍/면/동 주민센터, 국민건강보험공단에서 ‘서비스 신청’ 조사기관연락처목록: 담당 시/군/구청 또는 국민건강보험공단에서 조사 및 심사 결정기관연락처목록: 담당 시/군/구청 또는 국민건강보험"
WLF00003247,재난적의료비 지원 사업,web_search,2026-07-28T14:32:12.057332+00:00,3,진단서,,,8,현금지급,0,"신청기관연락처목록: 거주지 읍/면/동 주민센터, 국민건강보험공단에서 ‘서비스 신청’ 조사기관연락처목록: 담당 시/군/구청 또는 국민건강보험공단에서 조사 및 심사 결정기관연락처목록: 담당 시/군/구청 또는 국민건강보험"
WLF00003247,재난적의료비 지원 사업,web_search,2026-07-28T14:32:12.057332+00:00,4,입(퇴)원확인서,,,8,현금지급,0,"신청기관연락처목록: 거주지 읍/면/동 주민센터, 국민건강보험공단에서 ‘서비스 신청’ 조사기관연락처목록: 담당 시/군/구청 또는 국민건강보험공단에서 조사 및 심사 결정기관연락처목록: 담당 시/군/구청 또는 국민건강보험"
WLF00003247,재난적의료비 지원 사업,web_search,2026-07-28T14:32:12.057332+00:00,5,가족관계증명서,https://efamily.scourt.go.kr,certificate_issuance,8,현금지급,0,"신청기관연락처목록: 거주지 읍/면/동 주민센터, 국민건강보험공단에서 ‘서비스 신청’ 조사기관연락처목록: 담당 시/군/구청 또는 국민건강보험공단에서 조사 및 심사 결정기관연락처목록: 담당 시/군/구청 또는 국민건강보험"
WLF00003247,재난적의료비 지원 사업,web_search,2026-07-28T14:32:12.057332+00:00,6,개인정보 수집·이용 및 제공 동의서,,,8,현금지급,0,"신청기관연락처목록: 거주지 읍/면/동 주민센터, 국민건강보험공단에서 ‘서비스 신청’ 조사기관연락처목록: 담당 시/군/구청 또는 국민건강보험공단에서 조사 및 심사 결정기관연락처목록: 담당 시/군/구청 또는 국민건강보험"
WLF00003247,재난적의료비 지원 사업,web_search,2026-07-28T14:32:12.057332+00:00,7,민간보험 가입(계약)서류 및 지급내역 확인서,,,8,현금지급,0,"신청기관연락처목록: 거주지 읍/면/동 주민센터, 국민건강보험공단에서 ‘서비스 신청’ 조사기관연락처목록: 담당 시/군/구청 또는 국민건강보험공단에서 조사 및 심사 결정기관연락처목록: 담당 시/군/구청 또는 국민건강보험"
WLF00003247,재난적의료비 지원 사업,web_search,2026-07-28T14:32:12.057332+00:00,8,타 의료비 지원금 수령내역 신고서,,,8,현금지급,0,"신청기관연락처목록: 거주지 읍/면/동 주민센터, 국민건강보험공단에서 ‘서비스 신청’ 조사기관연락처목록: 담당 시/군/구청 또는 국민건강보험공단에서 조사 및 심사 결정기관연락처목록: 담당 시/군/구청 또는 국민건강보험"
WLF00003249,장애인연금,web_search,2026-07-28T14:32:12.057332+00:00,1,사회보장급여 신청(변경)서,,,7,현금지급,1,"신청기관연락처목록: 거주지 읍/면/동 주민센터, 읍면동 또는 복지로 웹사이트(PC/모바일앱)에서 ‘서비스 신청’ 조사기관연락처목록: 담당 시/군/구청 또는 시군구에서 조사 및 심사 결정기관연락처목록: 담당 시/군/구"
WLF00003249,장애인연금,web_search,2026-07-28T14:32:12.057332+00:00,2,소득·재산 신고서,,,7,현금지급,1,"신청기관연락처목록: 거주지 읍/면/동 주민센터, 읍면동 또는 복지로 웹사이트(PC/모바일앱)에서 ‘서비스 신청’ 조사기관연락처목록: 담당 시/군/구청 또는 시군구에서 조사 및 심사 결정기관연락처목록: 담당 시/군/구"
WLF00003249,장애인연금,web_search,2026-07-28T14:32:12.057332+00:00,3,금융정보 등 제공 동의서,,,7,현금지급,1,"신청기관연락처목록: 거주지 읍/면/동 주민센터, 읍면동 또는 복지로 웹사이트(PC/모바일앱)에서 ‘서비스 신청’ 조사기관연락처목록: 담당 시/군/구청 또는 시군구에서 조사 및 심사 결정기관연락처목록: 담당 시/군/구"
WLF00003249,장애인연금,web_search,2026-07-28T14:32:12.057332+00:00,4,신분증 사본,,,7,현금지급,1,"신청기관연락처목록: 거주지 읍/면/동 주민센터, 읍면동 또는 복지로 웹사이트(PC/모바일앱)에서 ‘서비스 신청’ 조사기관연락처목록: 담당 시/군/구청 또는 시군구에서 조사 및 심사 결정기관연락처목록: 담당 시/군/구"
WLF00003249,장애인연금,web_search,2026-07-28T14:32:12.057332+00:00,5,위임장 및 대리인 신분증 사본,,,7,현금지급,1,"신청기관연락처목록: 거주지 읍/면/동 주민센터, 읍면동 또는 복지로 웹사이트(PC/모바일앱)에서 ‘서비스 신청’ 조사기관연락처목록: 담당 시/군/구청 또는 시군구에서 조사 및 심사 결정기관연락처목록: 담당 시/군/구"
WLF00003249,장애인연금,web_search,2026-07-28T14:32:12.057332+00:00,6,금융회사 계좌 통장사본,,,7,현금지급,1,"신청기관연락처목록: 거주지 읍/면/동 주민센터, 읍면동 또는 복지로 웹사이트(PC/모바일앱)에서 ‘서비스 신청’ 조사기관연락처목록: 담당 시/군/구청 또는 시군구에서 조사 및 심사 결정기관연락처목록: 담당 시/군/구"
WLF00003249,장애인연금,web_search,2026-07-28T14:32:12.057332+00:00,7,주택 및 건강보험료 정보 제공 동의서,,,7,현금지급,1,"신청기관연락처목록: 거주지 읍/면/동 주민센터, 읍면동 또는 복지로 웹사이트(PC/모바일앱)에서 ‘서비스 신청’ 조사기관연락처목록: 담당 시/군/구청 또는 시군구에서 조사 및 심사 결정기관연락처목록: 담당 시/군/구"
WLF00003253,가정양육수당 지원사업,web_search,2026-07-28T14:32:12.057332+00:00,1,사회보장급여 신청(변경)서,,,8,현금지급,1,"신청기관연락처목록: 거주지 읍/면/동 주민센터, 읍면동 또는 복지로 웹사이트(PC/모바일앱)에서 ‘서비스 신청’ 조사기관연락처목록: 담당 시/군/구청 또는 시군구에서 조사 및 심사 결정기관연락처목록: 담당 시/군/구"
WLF00003253,가정양육수당 지원사업,web_search,2026-07-28T14:32:12.057332+00:00,2,출산 서비스 통합처리 신청서,,,8,현금지급,1,"신청기관연락처목록: 거주지 읍/면/동 주민센터, 읍면동 또는 복지로 웹사이트(PC/모바일앱)에서 ‘서비스 신청’ 조사기관연락처목록: 담당 시/군/구청 또는 시군구에서 조사 및 심사 결정기관연락처목록: 담당 시/군/구"
WLF00003253,가정양육수당 지원사업,web_search,2026-07-28T14:32:12.057332+00:00,3,신분증,,,8,현금지급,1,"신청기관연락처목록: 거주지 읍/면/동 주민센터, 읍면동 또는 복지로 웹사이트(PC/모바일앱)에서 ‘서비스 신청’ 조사기관연락처목록: 담당 시/군/구청 또는 시군구에서 조사 및 심사 결정기관연락처목록: 담당 시/군/구"
WLF00003253,가정양육수당 지원사업,web_search,2026-07-28T14:32:12.057332+00:00,4,통장사본,,,8,현금지급,1,"신청기관연락처목록: 거주지 읍/면/동 주민센터, 읍면동 또는 복지로 웹사이트(PC/모바일앱)에서 ‘서비스 신청’ 조사기관연락처목록: 담당 시/군/구청 또는 시군구에서 조사 및 심사 결정기관연락처목록: 담당 시/군/구"
WLF00003253,가정양육수당 지원사업,web_search,2026-07-28T14:32:12.057332+00:00,5,난민인정 증명서,,,8,현금지급,1,"신청기관연락처목록: 거주지 읍/면/동 주민센터, 읍면동 또는 복지로 웹사이트(PC/모바일앱)에서 ‘서비스 신청’ 조사기관연락처목록: 담당 시/군/구청 또는 시군구에서 조사 및 심사 결정기관연락처목록: 담당 시/군/구"
WLF00003253,가정양육수당 지원사업,web_search,2026-07-28T14:32:12.057332+00:00,6,국내여권,,,8,현금지급,1,"신청기관연락처목록: 거주지 읍/면/동 주민센터, 읍면동 또는 복지로 웹사이트(PC/모바일앱)에서 ‘서비스 신청’ 조사기관연락처목록: 담당 시/군/구청 또는 시군구에서 조사 및 심사 결정기관연락처목록: 담당 시/군/구"
WLF00003253,가정양육수당 지원사업,web_search,2026-07-28T14:32:12.057332+00:00,7,외국여권,,,8,현금지급,1,"신청기관연락처목록: 거주지 읍/면/동 주민센터, 읍면동 또는 복지로 웹사이트(PC/모바일앱)에서 ‘서비스 신청’ 조사기관연락처목록: 담당 시/군/구청 또는 시군구에서 조사 및 심사 결정기관연락처목록: 담당 시/군/구"
WLF00003253,가정양육수당 지원사업,web_search,2026-07-28T14:32:12.057332+00:00,8,기본증명서(상세),https://efamily.scourt.go.kr,certificate_issuance,8,현금지급,1,"신청기관연락처목록: 거주지 읍/면/동 주민센터, 읍면동 또는 복지로 웹사이트(PC/모바일앱)에서 ‘서비스 신청’ 조사기관연락처목록: 담당 시/군/구청 또는 시군구에서 조사 및 심사 결정기관연락처목록: 담당 시/군/구"
WLF00003260,장애인활동지원,web_search,2026-07-28T14:32:12.057332+00:00,1,신분증,,,7,전자바우처(바우처),1,"신청기관연락처목록: 거주지 읍/면/동 주민센터, 읍면동 또는 복지로 웹사이트(PC/모바일앱)에서 ‘서비스 신청’ 조사기관연락처목록: 담당 시/군/구청 또는 읍면동에서 조사 및 심사 조사기관연락처목록: 담당 시/군/구"
WLF00003260,장애인활동지원,web_search,2026-07-28T14:32:12.057332+00:00,2,통장사본,,,7,전자바우처(바우처),1,"신청기관연락처목록: 거주지 읍/면/동 주민센터, 읍면동 또는 복지로 웹사이트(PC/모바일앱)에서 ‘서비스 신청’ 조사기관연락처목록: 담당 시/군/구청 또는 읍면동에서 조사 및 심사 조사기관연락처목록: 담당 시/군/구"
WLF00003260,장애인활동지원,web_search,2026-07-28T14:32:12.057332+00:00,3,건강보험증 사본,,,7,전자바우처(바우처),1,"신청기관연락처목록: 거주지 읍/면/동 주민센터, 읍면동 또는 복지로 웹사이트(PC/모바일앱)에서 ‘서비스 신청’ 조사기관연락처목록: 담당 시/군/구청 또는 읍면동에서 조사 및 심사 조사기관연락처목록: 담당 시/군/구"
WLF00003260,장애인활동지원,web_search,2026-07-28T14:32:12.057332+00:00,4,사회서비스 이용권 신청서 (신청서),,,7,전자바우처(바우처),1,"신청기관연락처목록: 거주지 읍/면/동 주민센터, 읍면동 또는 복지로 웹사이트(PC/모바일앱)에서 ‘서비스 신청’ 조사기관연락처목록: 담당 시/군/구청 또는 읍면동에서 조사 및 심사 조사기관연락처목록: 담당 시/군/구"
WLF00003260,장애인활동지원,web_search,2026-07-28T14:32:12.057332+00:00,5,바우처발급신청서,,,7,전자바우처(바우처),1,"신청기관연락처목록: 거주지 읍/면/동 주민센터, 읍면동 또는 복지로 웹사이트(PC/모바일앱)에서 ‘서비스 신청’ 조사기관연락처목록: 담당 시/군/구청 또는 읍면동에서 조사 및 심사 조사기관연락처목록: 담당 시/군/구"
WLF00003260,장애인활동지원,web_search,2026-07-28T14:32:12.057332+00:00,6,장애 정도 심사용 진단서,,,7,전자바우처(바우처),1,"신청기관연락처목록: 거주지 읍/면/동 주민센터, 읍면동 또는 복지로 웹사이트(PC/모바일앱)에서 ‘서비스 신청’ 조사기관연락처목록: 담당 시/군/구청 또는 읍면동에서 조사 및 심사 조사기관연락처목록: 담당 시/군/구"
WLF00003260,장애인활동지원,web_search,2026-07-28T14:32:12.057332+00:00,7,"대상자별 추가서류 (예: 장애유형별 소견서, 진단소견서 등)",,,7,전자바우처(바우처),1,"신청기관연락처목록: 거주지 읍/면/동 주민센터, 읍면동 또는 복지로 웹사이트(PC/모바일앱)에서 ‘서비스 신청’ 조사기관연락처목록: 담당 시/군/구청 또는 읍면동에서 조사 및 심사 조사기관연락처목록: 담당 시/군/구"
WLF00003265,장애수당,web_search,2026-07-28T14:38:03.506973+00:00,1,복지대상자보호(변경)/급여신청서,,,3,현금지급,1,"신청기관연락처목록: 거주지 읍/면/동 주민센터, 전국 읍·면·동 주민센터 또는 복지로 웹사이트(PC/모바일앱)에서 ‘서비스 신청’ 조사기관연락처목록: 담당 시/군/구청 또는 시·군·구에서 조사 및 심사 결정기관연락처"
WLF00003265,장애수당,web_search,2026-07-28T14:38:03.506973+00:00,2,은행통장 사본,,,3,현금지급,1,"신청기관연락처목록: 거주지 읍/면/동 주민센터, 전국 읍·면·동 주민센터 또는 복지로 웹사이트(PC/모바일앱)에서 ‘서비스 신청’ 조사기관연락처목록: 담당 시/군/구청 또는 시·군·구에서 조사 및 심사 결정기관연락처"
WLF00003265,장애수당,web_search,2026-07-28T14:38:03.506973+00:00,3,기타 소득·재산 관련 증빙 자료,,,3,현금지급,1,"신청기관연락처목록: 거주지 읍/면/동 주민센터, 전국 읍·면·동 주민센터 또는 복지로 웹사이트(PC/모바일앱)에서 ‘서비스 신청’ 조사기관연락처목록: 담당 시/군/구청 또는 시·군·구에서 조사 및 심사 결정기관연락처"
WLF00003266,직업훈련생계비대부,web_search,2026-07-28T14:32:12.057332+00:00,1,개인정보 수집·이용·제공 동의서,,,2,현금대여(융자),1,"이의신청접수기관연락처목록: 이의가 있을 경우, 담당 시/군/구청 또는 근로복지공단에 이의 신청 접수 신청기관연락처목록: 거주지 읍/면/동 주민센터, 근로복지공단에서 ‘서비스 신청’ 조사기관연락처목록: 담당 시/군/구"
WLF00003266,직업훈련생계비대부,web_search,2026-07-28T14:32:12.057332+00:00,2,소득금액증명원,https://www.hometax.go.kr,certificate_issuance,2,현금대여(융자),1,"이의신청접수기관연락처목록: 이의가 있을 경우, 담당 시/군/구청 또는 근로복지공단에 이의 신청 접수 신청기관연락처목록: 거주지 읍/면/동 주민센터, 근로복지공단에서 ‘서비스 신청’ 조사기관연락처목록: 담당 시/군/구"
WLF00003267,장제급여,web_search,2026-07-28T14:32:12.057332+00:00,1,복지대상자 장제급여 지원신청서,,,2,현금지급,1,"신청기관연락처목록: 거주지 읍/면/동 주민센터, 읍면동 또는 복지로 웹사이트(PC/모바일앱)에서 ‘서비스 신청’ 조사기관연락처목록: 담당 시/군/구청 또는 시군구에서 조사 및 심사 결정기관연락처목록: 담당 시/군/구"
WLF00003267,장제급여,web_search,2026-07-28T14:32:12.057332+00:00,2,사망신고서 또는 장제비용 지출 영수증 등 장례 실시 확인 서류,,,2,현금지급,1,"신청기관연락처목록: 거주지 읍/면/동 주민센터, 읍면동 또는 복지로 웹사이트(PC/모바일앱)에서 ‘서비스 신청’ 조사기관연락처목록: 담당 시/군/구청 또는 시군구에서 조사 및 심사 결정기관연락처목록: 담당 시/군/구"
WLF00003272,의사상자지원,web_search,2026-07-28T14:32:12.057332+00:00,1,의사상자보호신청서,,,6,현금지급,0,"신청기관연락처목록: 거주지 읍/면/동 주민센터, 시군구 에서 ‘서비스 신청’ 조사기관연락처목록: 담당 시/군/구청 또는 시도, 시군구, 보건복지부에서 조사 및 심사 결정기관연락처목록: 담당 시/군/구청 또는 보건복지"
WLF00003272,의사상자지원,web_search,2026-07-28T14:32:12.057332+00:00,2,진단서 (병원급 이상 의료기관 발행),,,6,현금지급,0,"신청기관연락처목록: 거주지 읍/면/동 주민센터, 시군구 에서 ‘서비스 신청’ 조사기관연락처목록: 담당 시/군/구청 또는 시도, 시군구, 보건복지부에서 조사 및 심사 결정기관연락처목록: 담당 시/군/구청 또는 보건복지"
WLF00003272,의사상자지원,web_search,2026-07-28T14:32:12.057332+00:00,3,사건사고 확인서류 (경찰관서 또는 소방관서 발행),,,6,현금지급,0,"신청기관연락처목록: 거주지 읍/면/동 주민센터, 시군구 에서 ‘서비스 신청’ 조사기관연락처목록: 담당 시/군/구청 또는 시도, 시군구, 보건복지부에서 조사 및 심사 결정기관연락처목록: 담당 시/군/구청 또는 보건복지"
WLF00003272,의사상자지원,web_search,2026-07-28T14:32:12.057332+00:00,4,가족관계증명서 또는 주민등록등본,https://efamily.scourt.go.kr,certificate_issuance,6,현금지급,0,"신청기관연락처목록: 거주지 읍/면/동 주민센터, 시군구 에서 ‘서비스 신청’ 조사기관연락처목록: 담당 시/군/구청 또는 시도, 시군구, 보건복지부에서 조사 및 심사 결정기관연락처목록: 담당 시/군/구청 또는 보건복지"
WLF00003272,의사상자지원,web_search,2026-07-28T14:32:12.057332+00:00,5,재산피해명세서 또는 수리견적서·영수증 (구조행위로 인한 물건 훼손 시),,,6,현금지급,0,"신청기관연락처목록: 거주지 읍/면/동 주민센터, 시군구 에서 ‘서비스 신청’ 조사기관연락처목록: 담당 시/군/구청 또는 시도, 시군구, 보건복지부에서 조사 및 심사 결정기관연락처목록: 담당 시/군/구청 또는 보건복지"
WLF00003272,의사상자지원,web_search,2026-07-28T14:32:12.057332+00:00,6,사실확인조사서 (시·군·구 작성),,,6,현금지급,0,"신청기관연락처목록: 거주지 읍/면/동 주민센터, 시군구 에서 ‘서비스 신청’ 조사기관연락처목록: 담당 시/군/구청 또는 시도, 시군구, 보건복지부에서 조사 및 심사 결정기관연락처목록: 담당 시/군/구청 또는 보건복지"
WLF00003275,범죄피해자에 대한 경제적 지원 사업,web_search,2026-07-28T14:38:03.506973+00:00,1,범죄피해자 경제적 지원 신청서,,,8,현금지급,0,"신청기관연락처목록: 거주지 읍/면/동 주민센터, 각 검찰청(지방검찰청 및 지청)에서 ‘서비스 신청’ 조사기관연락처목록: 담당 시/군/구청 또는 각 검찰청(지방검찰청 및 지청)에서 조사 및 심사 결정기관연락처목록: 담"
WLF00003275,범죄피해자에 대한 경제적 지원 사업,web_search,2026-07-28T14:38:03.506973+00:00,2,신분증명서류 (예: 주민등록증 사본),,,8,현금지급,0,"신청기관연락처목록: 거주지 읍/면/동 주민센터, 각 검찰청(지방검찰청 및 지청)에서 ‘서비스 신청’ 조사기관연락처목록: 담당 시/군/구청 또는 각 검찰청(지방검찰청 및 지청)에서 조사 및 심사 결정기관연락처목록: 담"
WLF00003275,범죄피해자에 대한 경제적 지원 사업,web_search,2026-07-28T14:38:03.506973+00:00,3,가족관계증명서 또는 위임장 등 (대리 신청 시),https://efamily.scourt.go.kr,certificate_issuance,8,현금지급,0,"신청기관연락처목록: 거주지 읍/면/동 주민센터, 각 검찰청(지방검찰청 및 지청)에서 ‘서비스 신청’ 조사기관연락처목록: 담당 시/군/구청 또는 각 검찰청(지방검찰청 및 지청)에서 조사 및 심사 결정기관연락처목록: 담"
WLF00003275,범죄피해자에 대한 경제적 지원 사업,web_search,2026-07-28T14:38:03.506973+00:00,4,통장사본,,,8,현금지급,0,"신청기관연락처목록: 거주지 읍/면/동 주민센터, 각 검찰청(지방검찰청 및 지청)에서 ‘서비스 신청’ 조사기관연락처목록: 담당 시/군/구청 또는 각 검찰청(지방검찰청 및 지청)에서 조사 및 심사 결정기관연락처목록: 담"
WLF00003275,범죄피해자에 대한 경제적 지원 사업,web_search,2026-07-28T14:38:03.506973+00:00,5,"공소장 사본, 판결문 사본 등 범죄피해사실 입증 서류",,,8,현금지급,0,"신청기관연락처목록: 거주지 읍/면/동 주민센터, 각 검찰청(지방검찰청 및 지청)에서 ‘서비스 신청’ 조사기관연락처목록: 담당 시/군/구청 또는 각 검찰청(지방검찰청 및 지청)에서 조사 및 심사 결정기관연락처목록: 담"
WLF00003275,범죄피해자에 대한 경제적 지원 사업,web_search,2026-07-28T14:38:03.506973+00:00,6,"치료비 관련 영수증, 상해진단서 등 (치료비 신청 시)",,,8,현금지급,0,"신청기관연락처목록: 거주지 읍/면/동 주민센터, 각 검찰청(지방검찰청 및 지청)에서 ‘서비스 신청’ 조사기관연락처목록: 담당 시/군/구청 또는 각 검찰청(지방검찰청 및 지청)에서 조사 및 심사 결정기관연락처목록: 담"
WLF00003275,범죄피해자에 대한 경제적 지원 사업,web_search,2026-07-28T14:38:03.506973+00:00,7,소득 및 재산 상황 파악 서류 (생계비 등 신청 시),,,8,현금지급,0,"신청기관연락처목록: 거주지 읍/면/동 주민센터, 각 검찰청(지방검찰청 및 지청)에서 ‘서비스 신청’ 조사기관연락처목록: 담당 시/군/구청 또는 각 검찰청(지방검찰청 및 지청)에서 조사 및 심사 결정기관연락처목록: 담"
WLF00003275,범죄피해자에 대한 경제적 지원 사업,web_search,2026-07-28T14:38:03.506973+00:00,8,재학증명서 등 (학자금 신청 시),,,8,현금지급,0,"신청기관연락처목록: 거주지 읍/면/동 주민센터, 각 검찰청(지방검찰청 및 지청)에서 ‘서비스 신청’ 조사기관연락처목록: 담당 시/군/구청 또는 각 검찰청(지방검찰청 및 지청)에서 조사 및 심사 결정기관연락처목록: 담"
WLF00003278,여성장애인 출산비용지원,web_search,2026-07-28T14:38:03.506973+00:00,1,신분증,,,5,현금지급,1,"신청기관연락처목록: 거주지 읍/면/동 주민센터, 읍면동 주민센터 또는 복지로 웹사이트(PC/모바일앱)에서 ‘서비스 신청’ 신청기관연락처목록: 거주지 읍/면/동 주민센터, 지침 중 붙임3 참조 또는 복지로 웹사이트(P"
WLF00003278,여성장애인 출산비용지원,web_search,2026-07-28T14:38:03.506973+00:00,2,여성장애인 출산비용 지원 신청서,https://bokjiro.go.kr/ssis-tbu/CmmFileUtil/getDownload.do?atcflId=20260413UUWBM1811450185975714&atcflSn=1,form_download,5,현금지급,1,"신청기관연락처목록: 거주지 읍/면/동 주민센터, 읍면동 주민센터 또는 복지로 웹사이트(PC/모바일앱)에서 ‘서비스 신청’ 신청기관연락처목록: 거주지 읍/면/동 주민센터, 지침 중 붙임3 참조 또는 복지로 웹사이트(P"
WLF00003278,여성장애인 출산비용지원,web_search,2026-07-28T14:38:03.506973+00:00,3,출생증명서 또는 의료기관 발행 사산(사태)진단서,,,5,현금지급,1,"신청기관연락처목록: 거주지 읍/면/동 주민센터, 읍면동 주민센터 또는 복지로 웹사이트(PC/모바일앱)에서 ‘서비스 신청’ 신청기관연락처목록: 거주지 읍/면/동 주민센터, 지침 중 붙임3 참조 또는 복지로 웹사이트(P"
WLF00003278,여성장애인 출산비용지원,web_search,2026-07-28T14:38:03.506973+00:00,4,주민등록등본(가족관계등록부),https://www.gov.kr/mw/AA020InfoCappView.do?CappBizCD=13100000015,certificate_issuance,5,현금지급,1,"신청기관연락처목록: 거주지 읍/면/동 주민센터, 읍면동 주민센터 또는 복지로 웹사이트(PC/모바일앱)에서 ‘서비스 신청’ 신청기관연락처목록: 거주지 읍/면/동 주민센터, 지침 중 붙임3 참조 또는 복지로 웹사이트(P"
WLF00003278,여성장애인 출산비용지원,web_search,2026-07-28T14:38:03.506973+00:00,5,여성장애인 본인 명의 계좌 통장 사본,,,5,현금지급,1,"신청기관연락처목록: 거주지 읍/면/동 주민센터, 읍면동 주민센터 또는 복지로 웹사이트(PC/모바일앱)에서 ‘서비스 신청’ 신청기관연락처목록: 거주지 읍/면/동 주민센터, 지침 중 붙임3 참조 또는 복지로 웹사이트(P"
WLF00003282,다문화가족 자녀 언어발달지원서비스,web_search,2026-07-28T14:38:03.506973+00:00,1,사상구가족센터 서비스 개인정보 수집·이용동의서,,,8,프로그램/서비스(서비스),1,"신청기관연락처목록: 거주지 읍/면/동 주민센터, 다문화가족지원센터에서 ‘서비스 신청’ 조사기관연락처목록: 담당 시/군/구청 또는 다문화가족지원센터에서 조사 및 심사 결정기관연락처목록: 담당 시/군/구청 또는 다문화가"
WLF00003282,다문화가족 자녀 언어발달지원서비스,web_search,2026-07-28T14:38:03.506973+00:00,2,사상구가족센터 서비스 민감정보 수집·이용동의서,,,8,프로그램/서비스(서비스),1,"신청기관연락처목록: 거주지 읍/면/동 주민센터, 다문화가족지원센터에서 ‘서비스 신청’ 조사기관연락처목록: 담당 시/군/구청 또는 다문화가족지원센터에서 조사 및 심사 결정기관연락처목록: 담당 시/군/구청 또는 다문화가"
WLF00003282,다문화가족 자녀 언어발달지원서비스,web_search,2026-07-28T14:38:03.506973+00:00,3,회원등록 신청서,,,8,프로그램/서비스(서비스),1,"신청기관연락처목록: 거주지 읍/면/동 주민센터, 다문화가족지원센터에서 ‘서비스 신청’ 조사기관연락처목록: 담당 시/군/구청 또는 다문화가족지원센터에서 조사 및 심사 결정기관연락처목록: 담당 시/군/구청 또는 다문화가"
WLF00003282,다문화가족 자녀 언어발달지원서비스,web_search,2026-07-28T14:38:03.506973+00:00,4,프로그램 신청서,,,8,프로그램/서비스(서비스),1,"신청기관연락처목록: 거주지 읍/면/동 주민센터, 다문화가족지원센터에서 ‘서비스 신청’ 조사기관연락처목록: 담당 시/군/구청 또는 다문화가족지원센터에서 조사 및 심사 결정기관연락처목록: 담당 시/군/구청 또는 다문화가"
WLF00003282,다문화가족 자녀 언어발달지원서비스,web_search,2026-07-28T14:38:03.506973+00:00,5,주민등록등본,https://www.gov.kr/mw/AA020InfoCappView.do?CappBizCD=13100000015,certificate_issuance,8,프로그램/서비스(서비스),1,"신청기관연락처목록: 거주지 읍/면/동 주민센터, 다문화가족지원센터에서 ‘서비스 신청’ 조사기관연락처목록: 담당 시/군/구청 또는 다문화가족지원센터에서 조사 및 심사 결정기관연락처목록: 담당 시/군/구청 또는 다문화가"
WLF00003282,다문화가족 자녀 언어발달지원서비스,web_search,2026-07-28T14:38:03.506973+00:00,6,가족관계증명서,https://efamily.scourt.go.kr,certificate_issuance,8,프로그램/서비스(서비스),1,"신청기관연락처목록: 거주지 읍/면/동 주민센터, 다문화가족지원센터에서 ‘서비스 신청’ 조사기관연락처목록: 담당 시/군/구청 또는 다문화가족지원센터에서 조사 및 심사 결정기관연락처목록: 담당 시/군/구청 또는 다문화가"
WLF00003282,다문화가족 자녀 언어발달지원서비스,web_search,2026-07-28T14:38:03.506973+00:00,7,외국인등록증 사본,,,8,프로그램/서비스(서비스),1,"신청기관연락처목록: 거주지 읍/면/동 주민센터, 다문화가족지원센터에서 ‘서비스 신청’ 조사기관연락처목록: 담당 시/군/구청 또는 다문화가족지원센터에서 조사 및 심사 결정기관연락처목록: 담당 시/군/구청 또는 다문화가"
WLF00003282,다문화가족 자녀 언어발달지원서비스,web_search,2026-07-28T14:38:03.506973+00:00,8,여권 사본,,,8,프로그램/서비스(서비스),1,"신청기관연락처목록: 거주지 읍/면/동 주민센터, 다문화가족지원센터에서 ‘서비스 신청’ 조사기관연락처목록: 담당 시/군/구청 또는 다문화가족지원센터에서 조사 및 심사 결정기관연락처목록: 담당 시/군/구청 또는 다문화가"
WLF00003283,아동통합서비스지원(드림스타트사업),web_search,2026-07-28T14:38:03.506973+00:00,1,신분증,,,3,프로그램/서비스(서비스),1,"신청기관연락처목록: 거주지 읍/면/동 주민센터, 시군구에서 ‘서비스 신청’ 조사기관연락처목록: 담당 시/군/구청 또는 시군구에서 조사 및 심사 결정기관연락처목록: 담당 시/군/구청 또는 시군구에서 보장 결정 지급기관"
WLF00003283,아동통합서비스지원(드림스타트사업),web_search,2026-07-28T14:38:03.506973+00:00,2,출생증명서,,,3,프로그램/서비스(서비스),1,"신청기관연락처목록: 거주지 읍/면/동 주민센터, 시군구에서 ‘서비스 신청’ 조사기관연락처목록: 담당 시/군/구청 또는 시군구에서 조사 및 심사 결정기관연락처목록: 담당 시/군/구청 또는 시군구에서 보장 결정 지급기관"
WLF00003283,아동통합서비스지원(드림스타트사업),web_search,2026-07-28T14:38:03.506973+00:00,3,통장사본,,,3,프로그램/서비스(서비스),1,"신청기관연락처목록: 거주지 읍/면/동 주민센터, 시군구에서 ‘서비스 신청’ 조사기관연락처목록: 담당 시/군/구청 또는 시군구에서 조사 및 심사 결정기관연락처목록: 담당 시/군/구청 또는 시군구에서 보장 결정 지급기관"
WLF00004637,TV수신료 면제,web_search,2026-07-28T14:38:03.506973+00:00,1,신분증,,,1,감면,0,"신청기관연락처목록: 거주지 읍/면/동 주민센터, KBS 수신료 콜센터 및 관할 사업지사에서 ‘서비스 신청’ 조사기관연락처목록: 담당 시/군/구청 또는 한국방송공사에서 조사 및 심사 결정기관연락처목록: 담당 시/군/구"
WLF00004647,국민연금 출산크레딧,web_search,2026-07-28T14:38:03.506973+00:00,1,가족관계증명서(상세),https://efamily.scourt.go.kr,certificate_issuance,1,현금지급,0,"신청기관연락처목록: 거주지 읍/면/동 주민센터, 국민연금공단에서 ‘서비스 신청’ 조사기관연락처목록: 담당 시/군/구청 또는 국민연금공단에서 조사 및 심사 결정기관연락처목록: 담당 시/군/구청 또는 국민연금공단에서 보"
WLF00004656,첫만남이용권,web_search,2026-07-28T14:38:03.506973+00:00,1,사회보장급여(사회서비스이용권) 신청(변경)서,,,8,"현금지급, 전자바우처(바우처)",1,"신청기관연락처목록: 거주지 읍/면/동 주민센터, 읍면동 행정복지센터 또는 복지로 웹사이트(PC/모바일앱)에서 ‘서비스 신청’ 조사기관연락처목록: 담당 시/군/구청 또는 읍면동 행정복지센터에서 조사 및 심사 결정기관연"
WLF00004656,첫만남이용권,web_search,2026-07-28T14:38:03.506973+00:00,2,출산서비스 통합처리 신청서,,,8,"현금지급, 전자바우처(바우처)",1,"신청기관연락처목록: 거주지 읍/면/동 주민센터, 읍면동 행정복지센터 또는 복지로 웹사이트(PC/모바일앱)에서 ‘서비스 신청’ 조사기관연락처목록: 담당 시/군/구청 또는 읍면동 행정복지센터에서 조사 및 심사 결정기관연"
WLF00004656,첫만남이용권,web_search,2026-07-28T14:38:03.506973+00:00,3,보호자 신분증,,,8,"현금지급, 전자바우처(바우처)",1,"신청기관연락처목록: 거주지 읍/면/동 주민센터, 읍면동 행정복지센터 또는 복지로 웹사이트(PC/모바일앱)에서 ‘서비스 신청’ 조사기관연락처목록: 담당 시/군/구청 또는 읍면동 행정복지센터에서 조사 및 심사 결정기관연"
WLF00004656,첫만남이용권,web_search,2026-07-28T14:38:03.506973+00:00,4,위임장,,,8,"현금지급, 전자바우처(바우처)",1,"신청기관연락처목록: 거주지 읍/면/동 주민센터, 읍면동 행정복지센터 또는 복지로 웹사이트(PC/모바일앱)에서 ‘서비스 신청’ 조사기관연락처목록: 담당 시/군/구청 또는 읍면동 행정복지센터에서 조사 및 심사 결정기관연"
WLF00004656,첫만남이용권,web_search,2026-07-28T14:38:03.506973+00:00,5,대리인 신분증,,,8,"현금지급, 전자바우처(바우처)",1,"신청기관연락처목록: 거주지 읍/면/동 주민센터, 읍면동 행정복지센터 또는 복지로 웹사이트(PC/모바일앱)에서 ‘서비스 신청’ 조사기관연락처목록: 담당 시/군/구청 또는 읍면동 행정복지센터에서 조사 및 심사 결정기관연"
WLF00004656,첫만남이용권,web_search,2026-07-28T14:38:03.506973+00:00,6,가족관계증명서,https://efamily.scourt.go.kr,certificate_issuance,8,"현금지급, 전자바우처(바우처)",1,"신청기관연락처목록: 거주지 읍/면/동 주민센터, 읍면동 행정복지센터 또는 복지로 웹사이트(PC/모바일앱)에서 ‘서비스 신청’ 조사기관연락처목록: 담당 시/군/구청 또는 읍면동 행정복지센터에서 조사 및 심사 결정기관연"
WLF00004656,첫만남이용권,web_search,2026-07-28T14:38:03.506973+00:00,7,시설입소증명서,,,8,"현금지급, 전자바우처(바우처)",1,"신청기관연락처목록: 거주지 읍/면/동 주민센터, 읍면동 행정복지센터 또는 복지로 웹사이트(PC/모바일앱)에서 ‘서비스 신청’ 조사기관연락처목록: 담당 시/군/구청 또는 읍면동 행정복지센터에서 조사 및 심사 결정기관연"
WLF00004656,첫만남이용권,web_search,2026-07-28T14:38:03.506973+00:00,8,디딤씨앗통장 사본,,,8,"현금지급, 전자바우처(바우처)",1,"신청기관연락처목록: 거주지 읍/면/동 주민센터, 읍면동 행정복지센터 또는 복지로 웹사이트(PC/모바일앱)에서 ‘서비스 신청’ 조사기관연락처목록: 담당 시/군/구청 또는 읍면동 행정복지센터에서 조사 및 심사 결정기관연"
WLF00004789,광진아이 첫돌사진 촬영비 지원사업,web_search,2026-07-28T14:38:03.506973+00:00,1,신청서,,,5,현금지급,1,1. 동 주민센터 방문 신청 2. 대상자 선정 3. 돌사진 촬영 및 청구서 제출 4. 청구서 확인 및 돌사진 촬영비(10만원) 지급
WLF00004789,광진아이 첫돌사진 촬영비 지원사업,web_search,2026-07-28T14:38:03.506973+00:00,2,청구서,,,5,현금지급,1,1. 동 주민센터 방문 신청 2. 대상자 선정 3. 돌사진 촬영 및 청구서 제출 4. 청구서 확인 및 돌사진 촬영비(10만원) 지급
WLF00004789,광진아이 첫돌사진 촬영비 지원사업,web_search,2026-07-28T14:38:03.506973+00:00,3,통장사본,,,5,현금지급,1,1. 동 주민센터 방문 신청 2. 대상자 선정 3. 돌사진 촬영 및 청구서 제출 4. 청구서 확인 및 돌사진 촬영비(10만원) 지급
WLF00004789,광진아이 첫돌사진 촬영비 지원사업,web_search,2026-07-28T14:38:03.506973+00:00,4,현금영수증 또는 카드매출전표,,,5,현금지급,1,1. 동 주민센터 방문 신청 2. 대상자 선정 3. 돌사진 촬영 및 청구서 제출 4. 청구서 확인 및 돌사진 촬영비(10만원) 지급
WLF00004789,광진아이 첫돌사진 촬영비 지원사업,web_search,2026-07-28T14:38:03.506973+00:00,5,돌사진,,,5,현금지급,1,1. 동 주민센터 방문 신청 2. 대상자 선정 3. 돌사진 촬영 및 청구서 제출 4. 청구서 확인 및 돌사진 촬영비(10만원) 지급
WLF00005023,청소년부모 아동양육비 지원사업,web_search,2026-07-28T14:38:03.506973+00:00,1,청소년부모 아동양육비 지원 신청(변경)서,,,3,현금지급,0,"신청기관연락처목록: 거주지 읍/면/동 주민센터, 읍･면･동 행정복지센터/주민센터에서 ‘서비스 신청’ 조사기관연락처목록: 담당 시/군/구청 또는 시군구에서 조사 및 심사 결정기관연락처목록: 담당 시/군/구청 또는 시군"
WLF00005023,청소년부모 아동양육비 지원사업,web_search,2026-07-28T14:38:03.506973+00:00,2,청소년부모 아동양육비 지원 신청 위임장 또는 법정대리인 동의서,,,3,현금지급,0,"신청기관연락처목록: 거주지 읍/면/동 주민센터, 읍･면･동 행정복지센터/주민센터에서 ‘서비스 신청’ 조사기관연락처목록: 담당 시/군/구청 또는 시군구에서 조사 및 심사 결정기관연락처목록: 담당 시/군/구청 또는 시군"
WLF00005023,청소년부모 아동양육비 지원사업,web_search,2026-07-28T14:38:03.506973+00:00,3,사실혼관계 확인서,,,3,현금지급,0,"신청기관연락처목록: 거주지 읍/면/동 주민센터, 읍･면･동 행정복지센터/주민센터에서 ‘서비스 신청’ 조사기관연락처목록: 담당 시/군/구청 또는 시군구에서 조사 및 심사 결정기관연락처목록: 담당 시/군/구청 또는 시군"
WLF00005168,보편적 산후조리비용지원,web_search,2026-07-28T14:38:03.506973+00:00,1,출산서비스 통합처리 신청서,,,3,현금지급,0,- 방문신청: 관할 동 주민센터 신청(출생신고 시 동시 신청)- 온라인신청: 정부24 '보조금24' 신청(온라인 출생신고일 경우 출생신고 완료 후 가능)
WLF00005168,보편적 산후조리비용지원,web_search,2026-07-28T14:38:03.506973+00:00,2,신분증,,,3,현금지급,0,- 방문신청: 관할 동 주민센터 신청(출생신고 시 동시 신청)- 온라인신청: 정부24 '보조금24' 신청(온라인 출생신고일 경우 출생신고 완료 후 가능)
WLF00005168,보편적 산후조리비용지원,web_search,2026-07-28T14:38:03.506973+00:00,3,통장사본,,,3,현금지급,0,- 방문신청: 관할 동 주민센터 신청(출생신고 시 동시 신청)- 온라인신청: 정부24 '보조금24' 신청(온라인 출생신고일 경우 출생신고 완료 후 가능)
WLF00005246,한부모가족 유급 자녀돌봄휴가비 지원,web_search,2026-07-28T14:38:03.506973+00:00,1,한부모가족 유급 자녀돌봄휴가 지원 신청서,,,7,현금지급,1,"성동구청 홈페이지, 관할주민센터, 이메일 접수"
WLF00005246,한부모가족 유급 자녀돌봄휴가비 지원,web_search,2026-07-28T14:38:03.506973+00:00,2,개인정보제공동의서,,,7,현금지급,1,"성동구청 홈페이지, 관할주민센터, 이메일 접수"
WLF00005246,한부모가족 유급 자녀돌봄휴가비 지원,web_search,2026-07-28T14:38:03.506973+00:00,3,자녀돌봄휴가 확인서 (사업주 작성) 혹은 자녀돌봄휴가 확약서,,,7,현금지급,1,"성동구청 홈페이지, 관할주민센터, 이메일 접수"
WLF00005246,한부모가족 유급 자녀돌봄휴가비 지원,web_search,2026-07-28T14:38:03.506973+00:00,4,"휴원증명서, 휴원통지서, 가정통신문 등 (자녀돌봄 사유 증빙 서류)",,,7,현금지급,1,"성동구청 홈페이지, 관할주민센터, 이메일 접수"
WLF00005246,한부모가족 유급 자녀돌봄휴가비 지원,web_search,2026-07-28T14:38:03.506973+00:00,5,입원확인서 등 (자녀 돌봄 사유 증빙 서류),,,7,현금지급,1,"성동구청 홈페이지, 관할주민센터, 이메일 접수"
WLF00005246,한부모가족 유급 자녀돌봄휴가비 지원,web_search,2026-07-28T14:38:03.506973+00:00,6,위임장,,,7,현금지급,1,"성동구청 홈페이지, 관할주민센터, 이메일 접수"
WLF00005246,한부모가족 유급 자녀돌봄휴가비 지원,web_search,2026-07-28T14:38:03.506973+00:00,7,가족관계증명서,https://efamily.scourt.go.kr,certificate_issuance,7,현금지급,1,"성동구청 홈페이지, 관할주민센터, 이메일 접수"
WLF00005414,강남구 신혼부부 청년 전월세 대출이자 지원사업,web_search,2026-07-28T14:38:03.506973+00:00,1,신혼부부 전월세 보증금 대출 이자 지원 신청서,,,8,현금지급,0,강남구청 주택과 방문 및 우편 신청
WLF00005414,강남구 신혼부부 청년 전월세 대출이자 지원사업,web_search,2026-07-28T14:38:03.506973+00:00,2,서약서 및 동의서,,,8,현금지급,0,강남구청 주택과 방문 및 우편 신청
WLF00005414,강남구 신혼부부 청년 전월세 대출이자 지원사업,web_search,2026-07-28T14:38:03.506973+00:00,3,혼인관계증명서,https://efamily.scourt.go.kr,certificate_issuance,8,현금지급,0,강남구청 주택과 방문 및 우편 신청
WLF00005414,강남구 신혼부부 청년 전월세 대출이자 지원사업,web_search,2026-07-28T14:38:03.506973+00:00,4,임대차계약서 사본,,,8,현금지급,0,강남구청 주택과 방문 및 우편 신청
WLF00005414,강남구 신혼부부 청년 전월세 대출이자 지원사업,web_search,2026-07-28T14:38:03.506973+00:00,5,금융거래확인서,,,8,현금지급,0,강남구청 주택과 방문 및 우편 신청
WLF00005414,강남구 신혼부부 청년 전월세 대출이자 지원사업,web_search,2026-07-28T14:38:03.506973+00:00,6,지방세 세목별(재산세) 미과세증명서,,,8,현금지급,0,강남구청 주택과 방문 및 우편 신청
WLF00005414,강남구 신혼부부 청년 전월세 대출이자 지원사업,web_search,2026-07-28T14:38:03.506973+00:00,7,소득금액증명원,https://www.hometax.go.kr,certificate_issuance,8,현금지급,0,강남구청 주택과 방문 및 우편 신청
WLF00005414,강남구 신혼부부 청년 전월세 대출이자 지원사업,web_search,2026-07-28T14:38:03.506973+00:00,8,신분증,,,8,현금지급,0,강남구청 주택과 방문 및 우편 신청
WLF00005441,서울특별시 서울형 키즈카페 시립 뚝섬 자벌레점 운영,web_search,2026-07-28T14:38:03.506973+00:00,1,신분증,,,2,기타,0,우리동네 키움포털(https://icare.seoul.go.kr/icare/index.do) 온라인 예약하여 예약일시에 방문하여 이용합니다.☆ 예약 취소- 예약 2일 전 홈페이지 취소 가능(예약1일전 전화 취소 가능
WLF00005441,서울특별시 서울형 키즈카페 시립 뚝섬 자벌레점 운영,web_search,2026-07-28T14:38:03.506973+00:00,2,주민등록등본,https://www.gov.kr/mw/AA020InfoCappView.do?CappBizCD=13100000015,certificate_issuance,2,기타,0,우리동네 키움포털(https://icare.seoul.go.kr/icare/index.do) 온라인 예약하여 예약일시에 방문하여 이용합니다.☆ 예약 취소- 예약 2일 전 홈페이지 취소 가능(예약1일전 전화 취소 가능
WLF00005442,긴급돌봄 지원사업,web_search,2026-07-28T14:38:03.506973+00:00,1,긴급돌봄 지원사업 신청서,,,6,전자바우처(바우처),1,"신청기관연락처목록: 거주지 읍/면/동 주민센터, 읍·면·동 행정복지센터 또는 복지로 웹사이트(PC/모바일앱)에서 ‘서비스 신청’ 조사기관연락처목록: 담당 시/군/구청 또는 읍·면·동 행정복지센터에서 조사 및 심사 결"
WLF00005442,긴급돌봄 지원사업,web_search,2026-07-28T14:38:03.506973+00:00,2,신분증,,,6,전자바우처(바우처),1,"신청기관연락처목록: 거주지 읍/면/동 주민센터, 읍·면·동 행정복지센터 또는 복지로 웹사이트(PC/모바일앱)에서 ‘서비스 신청’ 조사기관연락처목록: 담당 시/군/구청 또는 읍·면·동 행정복지센터에서 조사 및 심사 결"
WLF00005442,긴급돌봄 지원사업,web_search,2026-07-28T14:38:03.506973+00:00,3,긴급돌봄 지원사업 개인정보 수집·이용·제공 동의서,,,6,전자바우처(바우처),1,"신청기관연락처목록: 거주지 읍/면/동 주민센터, 읍·면·동 행정복지센터 또는 복지로 웹사이트(PC/모바일앱)에서 ‘서비스 신청’ 조사기관연락처목록: 담당 시/군/구청 또는 읍·면·동 행정복지센터에서 조사 및 심사 결"
WLF00005442,긴급돌봄 지원사업,web_search,2026-07-28T14:38:03.506973+00:00,4,대상자 요건 확인에 필요한 서류,,,6,전자바우처(바우처),1,"신청기관연락처목록: 거주지 읍/면/동 주민센터, 읍·면·동 행정복지센터 또는 복지로 웹사이트(PC/모바일앱)에서 ‘서비스 신청’ 조사기관연락처목록: 담당 시/군/구청 또는 읍·면·동 행정복지센터에서 조사 및 심사 결"
WLF00005442,긴급돌봄 지원사업,web_search,2026-07-28T14:38:03.506973+00:00,5,위임장,,,6,전자바우처(바우처),1,"신청기관연락처목록: 거주지 읍/면/동 주민센터, 읍·면·동 행정복지센터 또는 복지로 웹사이트(PC/모바일앱)에서 ‘서비스 신청’ 조사기관연락처목록: 담당 시/군/구청 또는 읍·면·동 행정복지센터에서 조사 및 심사 결"
WLF00005442,긴급돌봄 지원사업,web_search,2026-07-28T14:38:03.506973+00:00,6,대리 신청자 신분증,,,6,전자바우처(바우처),1,"신청기관연락처목록: 거주지 읍/면/동 주민센터, 읍·면·동 행정복지센터 또는 복지로 웹사이트(PC/모바일앱)에서 ‘서비스 신청’ 조사기관연락처목록: 담당 시/군/구청 또는 읍·면·동 행정복지센터에서 조사 및 심사 결"
WLF00005447,산재근로자 보험급여,web_search,2026-07-28T14:38:03.506973+00:00,1,본인 신분증,,,4,"현금지급, 현물지급",0,"신청기관연락처목록: 거주지 읍/면/동 주민센터, 근로복지공단에서 ‘서비스 신청’ 조사기관연락처목록: 담당 시/군/구청 또는 근로복지공단에서 조사 및 심사 결정기관연락처목록: 담당 시/군/구청 또는 근로복지공단에서 보"
WLF00005447,산재근로자 보험급여,web_search,2026-07-28T14:38:03.506973+00:00,2,가족관계증명서 또는 국민건강보험증 사본,https://efamily.scourt.go.kr,certificate_issuance,4,"현금지급, 현물지급",0,"신청기관연락처목록: 거주지 읍/면/동 주민센터, 근로복지공단에서 ‘서비스 신청’ 조사기관연락처목록: 담당 시/군/구청 또는 근로복지공단에서 조사 및 심사 결정기관연락처목록: 담당 시/군/구청 또는 근로복지공단에서 보"
WLF00005447,산재근로자 보험급여,web_search,2026-07-28T14:38:03.506973+00:00,3,대리인 신분증,,,4,"현금지급, 현물지급",0,"신청기관연락처목록: 거주지 읍/면/동 주민센터, 근로복지공단에서 ‘서비스 신청’ 조사기관연락처목록: 담당 시/군/구청 또는 근로복지공단에서 조사 및 심사 결정기관연락처목록: 담당 시/군/구청 또는 근로복지공단에서 보"
WLF00005447,산재근로자 보험급여,web_search,2026-07-28T14:38:03.506973+00:00,4,위임장,,,4,"현금지급, 현물지급",0,"신청기관연락처목록: 거주지 읍/면/동 주민센터, 근로복지공단에서 ‘서비스 신청’ 조사기관연락처목록: 담당 시/군/구청 또는 근로복지공단에서 조사 및 심사 결정기관연락처목록: 담당 시/군/구청 또는 근로복지공단에서 보"
WLF00005448,다문화가족 자녀 교육활동비 지원,web_search,2026-07-28T14:38:03.506973+00:00,1,다문화가족 자녀 교육활동비 지원 신청서,,,6,전자바우처(바우처),0,"신청기관연락처목록: 거주지 읍/면/동 주민센터, 전국 가족센터(다문화가족지원센터)에서 ‘서비스 신청’ 조사기관연락처목록: 담당 시/군/구청 또는 전국에서 조사 및 심사 결정기관연락처목록: 담당 시/군/구청 또는 전국"
WLF00005448,다문화가족 자녀 교육활동비 지원,web_search,2026-07-28T14:38:03.506973+00:00,2,가족관계증명서,https://efamily.scourt.go.kr,certificate_issuance,6,전자바우처(바우처),0,"신청기관연락처목록: 거주지 읍/면/동 주민센터, 전국 가족센터(다문화가족지원센터)에서 ‘서비스 신청’ 조사기관연락처목록: 담당 시/군/구청 또는 전국에서 조사 및 심사 결정기관연락처목록: 담당 시/군/구청 또는 전국"
WLF00005448,다문화가족 자녀 교육활동비 지원,web_search,2026-07-28T14:38:03.506973+00:00,3,주민등록등본,https://www.gov.kr/mw/AA020InfoCappView.do?CappBizCD=13100000015,certificate_issuance,6,전자바우처(바우처),0,"신청기관연락처목록: 거주지 읍/면/동 주민센터, 전국 가족센터(다문화가족지원센터)에서 ‘서비스 신청’ 조사기관연락처목록: 담당 시/군/구청 또는 전국에서 조사 및 심사 결정기관연락처목록: 담당 시/군/구청 또는 전국"
WLF00005448,다문화가족 자녀 교육활동비 지원,web_search,2026-07-28T14:38:03.506973+00:00,4,기본증명서,https://efamily.scourt.go.kr,certificate_issuance,6,전자바우처(바우처),0,"신청기관연락처목록: 거주지 읍/면/동 주민센터, 전국 가족센터(다문화가족지원센터)에서 ‘서비스 신청’ 조사기관연락처목록: 담당 시/군/구청 또는 전국에서 조사 및 심사 결정기관연락처목록: 담당 시/군/구청 또는 전국"
WLF00005448,다문화가족 자녀 교육활동비 지원,web_search,2026-07-28T14:38:03.506973+00:00,5,외국인등록증 또는 여권 사본,,,6,전자바우처(바우처),0,"신청기관연락처목록: 거주지 읍/면/동 주민센터, 전국 가족센터(다문화가족지원센터)에서 ‘서비스 신청’ 조사기관연락처목록: 담당 시/군/구청 또는 전국에서 조사 및 심사 결정기관연락처목록: 담당 시/군/구청 또는 전국"
WLF00005448,다문화가족 자녀 교육활동비 지원,web_search,2026-07-28T14:38:03.506973+00:00,6,건강보험료 납부확인서,https://www.nhis.or.kr/nhis/index.do,certificate_issuance,6,전자바우처(바우처),0,"신청기관연락처목록: 거주지 읍/면/동 주민센터, 전국 가족센터(다문화가족지원센터)에서 ‘서비스 신청’ 조사기관연락처목록: 담당 시/군/구청 또는 전국에서 조사 및 심사 결정기관연락처목록: 담당 시/군/구청 또는 전국"
WLF00005456,외국인 아동 보육료 지원,web_search,2026-07-28T14:38:03.506973+00:00,1,외국인등록증,,,1,현금지급,1,국민행복카드 결제 지원
WLF00005633,서대문구 공공산후조리원 이용료 감면,web_search,2026-07-28T14:43:37.654665+00:00,1,주민등록등본,https://www.gov.kr/mw/AA020InfoCappView.do?CappBizCD=13100000015,certificate_issuance,2,감면,1,"- 입소신청시기 : 분만 3개월전 (※ 9월 분만예정자, 6월 신청 ) - 입소자추첨비율 : 취약계층 70%, 일반 구민 30% (※타구민 : 공실발생시) - 예약신청방법 : 예약홈페이지를 통해 온라인 접수 ※ 다문"
WLF00005633,서대문구 공공산후조리원 이용료 감면,web_search,2026-07-28T14:43:37.654665+00:00,2,취약계층 확인서류,,,2,감면,1,"- 입소신청시기 : 분만 3개월전 (※ 9월 분만예정자, 6월 신청 ) - 입소자추첨비율 : 취약계층 70%, 일반 구민 30% (※타구민 : 공실발생시) - 예약신청방법 : 예약홈페이지를 통해 온라인 접수 ※ 다문"
WLF00005645,서대문구 아빠 육아휴직장려금 지원사업,web_search,2026-07-28T14:43:37.654665+00:00,1,아빠 육아휴직 장려금 지원 신청서,,,5,현금지급,0,정부24 온라인신청 또는 주소지 관할 동주민센터 방문신청 가능합니다.
WLF00005645,서대문구 아빠 육아휴직장려금 지원사업,web_search,2026-07-28T14:43:37.654665+00:00,2,육아휴직 확인서,,,5,현금지급,0,정부24 온라인신청 또는 주소지 관할 동주민센터 방문신청 가능합니다.
WLF00005645,서대문구 아빠 육아휴직장려금 지원사업,web_search,2026-07-28T14:43:37.654665+00:00,3,육아휴직급여 지급결정통지서,,,5,현금지급,0,정부24 온라인신청 또는 주소지 관할 동주민센터 방문신청 가능합니다.
WLF00005645,서대문구 아빠 육아휴직장려금 지원사업,web_search,2026-07-28T14:43:37.654665+00:00,4,신분증 사본 (대리 신청 시),,,5,현금지급,0,정부24 온라인신청 또는 주소지 관할 동주민센터 방문신청 가능합니다.
WLF00005645,서대문구 아빠 육아휴직장려금 지원사업,web_search,2026-07-28T14:43:37.654665+00:00,5,외국인등록사실증명원 (다문화가족 외국인 육아휴직자인 경우),,,5,현금지급,0,정부24 온라인신청 또는 주소지 관할 동주민센터 방문신청 가능합니다.
WLF00005849,서울형 가사서비스 지원사업,web_search,2026-07-28T14:43:37.654665+00:00,1,주민등록등본,https://www.gov.kr/mw/AA020InfoCappView.do?CappBizCD=13100000015,certificate_issuance,8,전자바우처(바우처),0,서울맘케어(www.seoulmomcare)로 온라인 신청하며자격기준이 확정되면 바우처에 70만원이 지급되어 선정된 제공업체에서 서비스를 이용받을 수 있음
WLF00005849,서울형 가사서비스 지원사업,web_search,2026-07-28T14:43:37.654665+00:00,2,임신확인서,,,8,전자바우처(바우처),0,서울맘케어(www.seoulmomcare)로 온라인 신청하며자격기준이 확정되면 바우처에 70만원이 지급되어 선정된 제공업체에서 서비스를 이용받을 수 있음
WLF00005849,서울형 가사서비스 지원사업,web_search,2026-07-28T14:43:37.654665+00:00,3,가족관계증명서,https://efamily.scourt.go.kr,certificate_issuance,8,전자바우처(바우처),0,서울맘케어(www.seoulmomcare)로 온라인 신청하며자격기준이 확정되면 바우처에 70만원이 지급되어 선정된 제공업체에서 서비스를 이용받을 수 있음
WLF00005849,서울형 가사서비스 지원사업,web_search,2026-07-28T14:43:37.654665+00:00,4,재직증명서,,,8,전자바우처(바우처),0,서울맘케어(www.seoulmomcare)로 온라인 신청하며자격기준이 확정되면 바우처에 70만원이 지급되어 선정된 제공업체에서 서비스를 이용받을 수 있음
WLF00005849,서울형 가사서비스 지원사업,web_search,2026-07-28T14:43:37.654665+00:00,5,건강보험납입증명서,,,8,전자바우처(바우처),0,서울맘케어(www.seoulmomcare)로 온라인 신청하며자격기준이 확정되면 바우처에 70만원이 지급되어 선정된 제공업체에서 서비스를 이용받을 수 있음
WLF00005849,서울형 가사서비스 지원사업,web_search,2026-07-28T14:43:37.654665+00:00,6,사업자등록증,,,8,전자바우처(바우처),0,서울맘케어(www.seoulmomcare)로 온라인 신청하며자격기준이 확정되면 바우처에 70만원이 지급되어 선정된 제공업체에서 서비스를 이용받을 수 있음
WLF00005849,서울형 가사서비스 지원사업,web_search,2026-07-28T14:43:37.654665+00:00,7,소득금액증명원,https://www.hometax.go.kr,certificate_issuance,8,전자바우처(바우처),0,서울맘케어(www.seoulmomcare)로 온라인 신청하며자격기준이 확정되면 바우처에 70만원이 지급되어 선정된 제공업체에서 서비스를 이용받을 수 있음
WLF00005849,서울형 가사서비스 지원사업,web_search,2026-07-28T14:43:37.654665+00:00,8,부가가치세과세표준증명원,,,8,전자바우처(바우처),0,서울맘케어(www.seoulmomcare)로 온라인 신청하며자격기준이 확정되면 바우처에 70만원이 지급되어 선정된 제공업체에서 서비스를 이용받을 수 있음
WLF00005852,중장년 경력지원제,web_search,2026-07-28T14:43:37.654665+00:00,1,중장년 경력지원제 참여 신청서,,,3,현금지급,0,"신청기관연락처목록: 거주지 읍/면/동 주민센터, 민간위탁기관에서 ‘서비스 신청’ 조사기관연락처목록: 담당 시/군/구청 또는 민간위탁기관에서 조사 및 심사 결정기관연락처목록: 담당 시/군/구청 또는 고용센터에서 보장 "
WLF00005852,중장년 경력지원제,web_search,2026-07-28T14:43:37.654665+00:00,2,개인정보 제공 동의서,,,3,현금지급,0,"신청기관연락처목록: 거주지 읍/면/동 주민센터, 민간위탁기관에서 ‘서비스 신청’ 조사기관연락처목록: 담당 시/군/구청 또는 민간위탁기관에서 조사 및 심사 결정기관연락처목록: 담당 시/군/구청 또는 고용센터에서 보장 "
WLF00005852,중장년 경력지원제,web_search,2026-07-28T14:43:37.654665+00:00,3,신분증,,,3,현금지급,0,"신청기관연락처목록: 거주지 읍/면/동 주민센터, 민간위탁기관에서 ‘서비스 신청’ 조사기관연락처목록: 담당 시/군/구청 또는 민간위탁기관에서 조사 및 심사 결정기관연락처목록: 담당 시/군/구청 또는 고용센터에서 보장 "
WLF00005856,양육비 선지급,web_search,2026-07-28T14:43:37.654665+00:00,1,선지급 신청서,,,8,현금지급,0,"신청기관연락처목록: 거주지 읍/면/동 주민센터, 양육비이행관리원에서 ‘서비스 신청’ 조사기관연락처목록: 담당 시/군/구청 또는 양육비이행관리원에서 조사 및 심사 결정기관연락처목록: 담당 시/군/구청 또는 양육비이행관"
WLF00005856,양육비 선지급,web_search,2026-07-28T14:43:37.654665+00:00,2,개인정보 수집·이용 동의서,,,8,현금지급,0,"신청기관연락처목록: 거주지 읍/면/동 주민센터, 양육비이행관리원에서 ‘서비스 신청’ 조사기관연락처목록: 담당 시/군/구청 또는 양육비이행관리원에서 조사 및 심사 결정기관연락처목록: 담당 시/군/구청 또는 양육비이행관"
WLF00005856,양육비 선지급,web_search,2026-07-28T14:43:37.654665+00:00,3,양육비부담조서 또는 조정조서 또는 판결문 및 송달·확정 관련 서류,,,8,현금지급,0,"신청기관연락처목록: 거주지 읍/면/동 주민센터, 양육비이행관리원에서 ‘서비스 신청’ 조사기관연락처목록: 담당 시/군/구청 또는 양육비이행관리원에서 조사 및 심사 결정기관연락처목록: 담당 시/군/구청 또는 양육비이행관"
WLF00005856,양육비 선지급,web_search,2026-07-28T14:43:37.654665+00:00,4,양육비 미이행 증명 서류 (예: 최근 3개월 통장 내역 등),,,8,현금지급,0,"신청기관연락처목록: 거주지 읍/면/동 주민센터, 양육비이행관리원에서 ‘서비스 신청’ 조사기관연락처목록: 담당 시/군/구청 또는 양육비이행관리원에서 조사 및 심사 결정기관연락처목록: 담당 시/군/구청 또는 양육비이행관"
WLF00005856,양육비 선지급,web_search,2026-07-28T14:43:37.654665+00:00,5,"양육비 이행확보 노력 증명 서류 (예: 법원 결정문, 접수증명원 등)",,,8,현금지급,0,"신청기관연락처목록: 거주지 읍/면/동 주민센터, 양육비이행관리원에서 ‘서비스 신청’ 조사기관연락처목록: 담당 시/군/구청 또는 양육비이행관리원에서 조사 및 심사 결정기관연락처목록: 담당 시/군/구청 또는 양육비이행관"
WLF00005856,양육비 선지급,web_search,2026-07-28T14:43:37.654665+00:00,6,통장 사본 (선지급금 수령용),,,8,현금지급,0,"신청기관연락처목록: 거주지 읍/면/동 주민센터, 양육비이행관리원에서 ‘서비스 신청’ 조사기관연락처목록: 담당 시/군/구청 또는 양육비이행관리원에서 조사 및 심사 결정기관연락처목록: 담당 시/군/구청 또는 양육비이행관"
WLF00005856,양육비 선지급,web_search,2026-07-28T14:43:37.654665+00:00,7,기본증명서 (신청인 및 자녀 각 1부),https://efamily.scourt.go.kr,certificate_issuance,8,현금지급,0,"신청기관연락처목록: 거주지 읍/면/동 주민센터, 양육비이행관리원에서 ‘서비스 신청’ 조사기관연락처목록: 담당 시/군/구청 또는 양육비이행관리원에서 조사 및 심사 결정기관연락처목록: 담당 시/군/구청 또는 양육비이행관"
WLF00005856,양육비 선지급,web_search,2026-07-28T14:43:37.654665+00:00,8,가족관계증명서 (신청인 및 자녀 각 1부),https://efamily.scourt.go.kr,certificate_issuance,8,현금지급,0,"신청기관연락처목록: 거주지 읍/면/동 주민센터, 양육비이행관리원에서 ‘서비스 신청’ 조사기관연락처목록: 담당 시/군/구청 또는 양육비이행관리원에서 조사 및 심사 결정기관연락처목록: 담당 시/군/구청 또는 양육비이행관"
WLF00005858,임신 사전건강관리 지원사업,web_search,2026-07-28T14:43:37.654665+00:00,1,임신 사전건강관리 지원 신청서,,,8,현금지급,1,"신청기관연락처목록: 거주지 읍/면/동 주민센터, 주소지 관할 보건소에서 ‘서비스 신청’ 조사기관연락처목록: 담당 시/군/구청 또는 주소지 관할 보건소에서 조사 및 심사 결정기관연락처목록: 담당 시/군/구청 또는 주소"
WLF00005858,임신 사전건강관리 지원사업,web_search,2026-07-28T14:43:37.654665+00:00,2,개인정보 수집·이용 및 제3자 제공 동의서,,,8,현금지급,1,"신청기관연락처목록: 거주지 읍/면/동 주민센터, 주소지 관할 보건소에서 ‘서비스 신청’ 조사기관연락처목록: 담당 시/군/구청 또는 주소지 관할 보건소에서 조사 및 심사 결정기관연락처목록: 담당 시/군/구청 또는 주소"
WLF00005858,임신 사전건강관리 지원사업,web_search,2026-07-28T14:43:37.654665+00:00,3,주민등록등본,https://www.gov.kr/mw/AA020InfoCappView.do?CappBizCD=13100000015,certificate_issuance,8,현금지급,1,"신청기관연락처목록: 거주지 읍/면/동 주민센터, 주소지 관할 보건소에서 ‘서비스 신청’ 조사기관연락처목록: 담당 시/군/구청 또는 주소지 관할 보건소에서 조사 및 심사 결정기관연락처목록: 담당 시/군/구청 또는 주소"
WLF00005858,임신 사전건강관리 지원사업,web_search,2026-07-28T14:43:37.654665+00:00,4,외국인등록사실증명 또는 국내거소신고사실증명,,,8,현금지급,1,"신청기관연락처목록: 거주지 읍/면/동 주민센터, 주소지 관할 보건소에서 ‘서비스 신청’ 조사기관연락처목록: 담당 시/군/구청 또는 주소지 관할 보건소에서 조사 및 심사 결정기관연락처목록: 담당 시/군/구청 또는 주소"
WLF00005858,임신 사전건강관리 지원사업,web_search,2026-07-28T14:43:37.654665+00:00,5,내국인 배우자의 주민등록등본,https://www.gov.kr/mw/AA020InfoCappView.do?CappBizCD=13100000015,certificate_issuance,8,현금지급,1,"신청기관연락처목록: 거주지 읍/면/동 주민센터, 주소지 관할 보건소에서 ‘서비스 신청’ 조사기관연락처목록: 담당 시/군/구청 또는 주소지 관할 보건소에서 조사 및 심사 결정기관연락처목록: 담당 시/군/구청 또는 주소"
WLF00005858,임신 사전건강관리 지원사업,web_search,2026-07-28T14:43:37.654665+00:00,6,혼인관계증명서 또는 청첩장 등 혼인 증빙서류,https://efamily.scourt.go.kr,certificate_issuance,8,현금지급,1,"신청기관연락처목록: 거주지 읍/면/동 주민센터, 주소지 관할 보건소에서 ‘서비스 신청’ 조사기관연락처목록: 담당 시/군/구청 또는 주소지 관할 보건소에서 조사 및 심사 결정기관연락처목록: 담당 시/군/구청 또는 주소"
WLF00005858,임신 사전건강관리 지원사업,web_search,2026-07-28T14:43:37.654665+00:00,7,임신 사전건강관리 지원사업 검사비 청구서,,,8,현금지급,1,"신청기관연락처목록: 거주지 읍/면/동 주민센터, 주소지 관할 보건소에서 ‘서비스 신청’ 조사기관연락처목록: 담당 시/군/구청 또는 주소지 관할 보건소에서 조사 및 심사 결정기관연락처목록: 담당 시/군/구청 또는 주소"
WLF00005858,임신 사전건강관리 지원사업,web_search,2026-07-28T14:43:37.654665+00:00,8,진료비 영수증 및 세부내역서,,,8,현금지급,1,"신청기관연락처목록: 거주지 읍/면/동 주민센터, 주소지 관할 보건소에서 ‘서비스 신청’ 조사기관연락처목록: 담당 시/군/구청 또는 주소지 관할 보건소에서 조사 및 심사 결정기관연락처목록: 담당 시/군/구청 또는 주소"
WLF00006008,용산구 청년 국가자격증 및 어학시험 응시료 지원,web_search,2026-07-28T14:43:37.654665+00:00,1,응시료 지원 신청서,,,2,현금지급,0,신청방법 : 이메일 접수(ysyouth@yongsan.go.kr)
WLF00006008,용산구 청년 국가자격증 및 어학시험 응시료 지원,web_search,2026-07-28T14:43:37.654665+00:00,2,개인정보 수집·이용·제공 동의서,,,2,현금지급,0,신청방법 : 이메일 접수(ysyouth@yongsan.go.kr)
WLF00006014,어르신 등 교통비 지원사업,web_search,2026-07-28T14:43:37.654665+00:00,1,신분증,,,3,현금지급,0,"- 회원가입 : 홈페이지(greenbus.gangnam.go.kr) 또는 주민센터 방문 신청- 지원방법 : 분기별(3/6/9/12월) 교통카드 이용금액 신청, 정산 후 계좌 환급- 활용카드 : 어르신(우대용 교통카드"
WLF00006014,어르신 등 교통비 지원사업,web_search,2026-07-28T14:43:37.654665+00:00,2,교통카드,,,3,현금지급,0,"- 회원가입 : 홈페이지(greenbus.gangnam.go.kr) 또는 주민센터 방문 신청- 지원방법 : 분기별(3/6/9/12월) 교통카드 이용금액 신청, 정산 후 계좌 환급- 활용카드 : 어르신(우대용 교통카드"
WLF00006014,어르신 등 교통비 지원사업,web_search,2026-07-28T14:43:37.654665+00:00,3,본인 명의 계좌정보,,,3,현금지급,0,"- 회원가입 : 홈페이지(greenbus.gangnam.go.kr) 또는 주민센터 방문 신청- 지원방법 : 분기별(3/6/9/12월) 교통카드 이용금액 신청, 정산 후 계좌 환급- 활용카드 : 어르신(우대용 교통카드"
WLF00006085,양천구 청년 국가자격시험 응시료 지원 사업,web_search,2026-07-28T14:43:37.654665+00:00,1,본인 초본,,,7,현금지급,0,- 양천구청 홈페이지에서 온라인 신청
WLF00006085,양천구 청년 국가자격시험 응시료 지원 사업,web_search,2026-07-28T14:43:37.654665+00:00,2,고용보험 자격이력내역서,,,7,현금지급,0,- 양천구청 홈페이지에서 온라인 신청
WLF00006085,양천구 청년 국가자격시험 응시료 지원 사업,web_search,2026-07-28T14:43:37.654665+00:00,3,사업자등록사실여부 사실증명,,,7,현금지급,0,- 양천구청 홈페이지에서 온라인 신청
WLF00006085,양천구 청년 국가자격시험 응시료 지원 사업,web_search,2026-07-28T14:43:37.654665+00:00,4,응시확인서 또는 성적표,,,7,현금지급,0,- 양천구청 홈페이지에서 온라인 신청
WLF00006085,양천구 청년 국가자격시험 응시료 지원 사업,web_search,2026-07-28T14:43:37.654665+00:00,5,응시료 결제영수증,,,7,현금지급,0,- 양천구청 홈페이지에서 온라인 신청
WLF00006085,양천구 청년 국가자격시험 응시료 지원 사업,web_search,2026-07-28T14:43:37.654665+00:00,6,본인 통장사본,,,7,현금지급,0,- 양천구청 홈페이지에서 온라인 신청
WLF00006085,양천구 청년 국가자격시험 응시료 지원 사업,web_search,2026-07-28T14:43:37.654665+00:00,7,병적증명서 또는 본인 초본 (병역사항 포함),,,7,현금지급,0,- 양천구청 홈페이지에서 온라인 신청
WLF00006194,중증장애인 세대 수도요금 감면,web_search,2026-07-28T14:43:37.654665+00:00,1,수도요금 감면(신규·해지) 신청서,https://www.bokjiro.go.kr/ssis-tbu/CmmFileUtil/siteQnaInfoDownload.do?atcflId=20251119UUWBM1006430161628294&atcflSn=1,form_download,3,감면,2,방문신청절차동주민센터·수도사업소 방문신청(자격확인 후 신청)⇒동주민센터 신청 건 관할 수도사업소 통보⇒중증장애인 거주 세대 수도요금에서 감면온라인신청절자아리수사이버고객센터(https://i121.seoul.go.kr
WLF00006194,중증장애인 세대 수도요금 감면,web_search,2026-07-28T14:43:37.654665+00:00,2,장애인등록증 또는 복지카드 사본,https://www.gov.kr,certificate_issuance,3,감면,2,방문신청절차동주민센터·수도사업소 방문신청(자격확인 후 신청)⇒동주민센터 신청 건 관할 수도사업소 통보⇒중증장애인 거주 세대 수도요금에서 감면온라인신청절자아리수사이버고객센터(https://i121.seoul.go.kr
WLF00006194,중증장애인 세대 수도요금 감면,web_search,2026-07-28T14:43:37.654665+00:00,3,신분증,,,3,감면,2,방문신청절차동주민센터·수도사업소 방문신청(자격확인 후 신청)⇒동주민센터 신청 건 관할 수도사업소 통보⇒중증장애인 거주 세대 수도요금에서 감면온라인신청절자아리수사이버고객센터(https://i121.seoul.go.kr
WLF00006215,청년내일채움공제,web_search,2026-07-28T14:43:37.654665+00:00,1,청년공제 지원금 신청서,,,8,현금지급,0,"신청기관연락처목록: 거주지 읍/면/동 주민센터, 전국 고용센터에서 ‘서비스 신청’ 조사기관연락처목록: 담당 시/군/구청 또는 전국 고용센터에서 조사 및 심사 결정기관연락처목록: 담당 시/군/구청 또는 전국 고용센터에"
WLF00006215,청년내일채움공제,web_search,2026-07-28T14:43:37.654665+00:00,2,근로계약서 사본,,,8,현금지급,0,"신청기관연락처목록: 거주지 읍/면/동 주민센터, 전국 고용센터에서 ‘서비스 신청’ 조사기관연락처목록: 담당 시/군/구청 또는 전국 고용센터에서 조사 및 심사 결정기관연락처목록: 담당 시/군/구청 또는 전국 고용센터에"
WLF00006215,청년내일채움공제,web_search,2026-07-28T14:43:37.654665+00:00,3,임금대장 또는 급여 이체내역 등 재직 및 임금지급 증빙자료,,,8,현금지급,0,"신청기관연락처목록: 거주지 읍/면/동 주민센터, 전국 고용센터에서 ‘서비스 신청’ 조사기관연락처목록: 담당 시/군/구청 또는 전국 고용센터에서 조사 및 심사 결정기관연락처목록: 담당 시/군/구청 또는 전국 고용센터에"
WLF00006215,청년내일채움공제,web_search,2026-07-28T14:43:37.654665+00:00,4,청년 확인서,,,8,현금지급,0,"신청기관연락처목록: 거주지 읍/면/동 주민센터, 전국 고용센터에서 ‘서비스 신청’ 조사기관연락처목록: 담당 시/군/구청 또는 전국 고용센터에서 조사 및 심사 결정기관연락처목록: 담당 시/군/구청 또는 전국 고용센터에"
WLF00006215,청년내일채움공제,web_search,2026-07-28T14:43:37.654665+00:00,5,기업 확인서,,,8,현금지급,0,"신청기관연락처목록: 거주지 읍/면/동 주민센터, 전국 고용센터에서 ‘서비스 신청’ 조사기관연락처목록: 담당 시/군/구청 또는 전국 고용센터에서 조사 및 심사 결정기관연락처목록: 담당 시/군/구청 또는 전국 고용센터에"
WLF00006215,청년내일채움공제,web_search,2026-07-28T14:43:37.654665+00:00,6,사업자등록증 사본 (기업),,,8,현금지급,0,"신청기관연락처목록: 거주지 읍/면/동 주민센터, 전국 고용센터에서 ‘서비스 신청’ 조사기관연락처목록: 담당 시/군/구청 또는 전국 고용센터에서 조사 및 심사 결정기관연락처목록: 담당 시/군/구청 또는 전국 고용센터에"
WLF00006215,청년내일채움공제,web_search,2026-07-28T14:43:37.654665+00:00,7,4대 사회보험 가입자 가입내역 확인서 (청년),,,8,현금지급,0,"신청기관연락처목록: 거주지 읍/면/동 주민센터, 전국 고용센터에서 ‘서비스 신청’ 조사기관연락처목록: 담당 시/군/구청 또는 전국 고용센터에서 조사 및 심사 결정기관연락처목록: 담당 시/군/구청 또는 전국 고용센터에"
WLF00006215,청년내일채움공제,web_search,2026-07-28T14:43:37.654665+00:00,8,신분증 사본 (기업주 및 청년),,,8,현금지급,0,"신청기관연락처목록: 거주지 읍/면/동 주민센터, 전국 고용센터에서 ‘서비스 신청’ 조사기관연락처목록: 담당 시/군/구청 또는 전국 고용센터에서 조사 및 심사 결정기관연락처목록: 담당 시/군/구청 또는 전국 고용센터에"
WLF00006229,"국민내일배움카드제 직업훈련지원(훈련비, 훈련장려금)",web_search,2026-07-28T14:43:37.654665+00:00,1,국민내일배움카드 신청서,,,6,전자바우처(바우처),0,"신청기관연락처목록: 거주지 읍/면/동 주민센터, 고용노동부 소속기관(관할 고용복지플러스센터) 에서 ‘서비스 신청’ 조사기관연락처목록: 담당 시/군/구청 또는 고용노동부 소속기관(관할 고용복지플러스센터) 에서 조사 및"
WLF00006229,"국민내일배움카드제 직업훈련지원(훈련비, 훈련장려금)",web_search,2026-07-28T14:43:37.654665+00:00,2,개인정보 수집·이용 및 제공에 관한 동의서,,,6,전자바우처(바우처),0,"신청기관연락처목록: 거주지 읍/면/동 주민센터, 고용노동부 소속기관(관할 고용복지플러스센터) 에서 ‘서비스 신청’ 조사기관연락처목록: 담당 시/군/구청 또는 고용노동부 소속기관(관할 고용복지플러스센터) 에서 조사 및"
WLF00006229,"국민내일배움카드제 직업훈련지원(훈련비, 훈련장려금)",web_search,2026-07-28T14:43:37.654665+00:00,3,국민내일배움카드 신청자의 권리 및 의무사항 확인서,,,6,전자바우처(바우처),0,"신청기관연락처목록: 거주지 읍/면/동 주민센터, 고용노동부 소속기관(관할 고용복지플러스센터) 에서 ‘서비스 신청’ 조사기관연락처목록: 담당 시/군/구청 또는 고용노동부 소속기관(관할 고용복지플러스센터) 에서 조사 및"
WLF00006229,"국민내일배움카드제 직업훈련지원(훈련비, 훈련장려금)",web_search,2026-07-28T14:43:37.654665+00:00,4,이의심사 청구서,,,6,전자바우처(바우처),0,"신청기관연락처목록: 거주지 읍/면/동 주민센터, 고용노동부 소속기관(관할 고용복지플러스센터) 에서 ‘서비스 신청’ 조사기관연락처목록: 담당 시/군/구청 또는 고용노동부 소속기관(관할 고용복지플러스센터) 에서 조사 및"
WLF00006229,"국민내일배움카드제 직업훈련지원(훈련비, 훈련장려금)",web_search,2026-07-28T14:43:37.654665+00:00,5,신분증,,,6,전자바우처(바우처),0,"신청기관연락처목록: 거주지 읍/면/동 주민센터, 고용노동부 소속기관(관할 고용복지플러스센터) 에서 ‘서비스 신청’ 조사기관연락처목록: 담당 시/군/구청 또는 고용노동부 소속기관(관할 고용복지플러스센터) 에서 조사 및"
WLF00006229,"국민내일배움카드제 직업훈련지원(훈련비, 훈련장려금)",web_search,2026-07-28T14:43:37.654665+00:00,6,국민내일배움카드 발급 확인서,,,6,전자바우처(바우처),0,"신청기관연락처목록: 거주지 읍/면/동 주민센터, 고용노동부 소속기관(관할 고용복지플러스센터) 에서 ‘서비스 신청’ 조사기관연락처목록: 담당 시/군/구청 또는 고용노동부 소속기관(관할 고용복지플러스센터) 에서 조사 및"
WLF00006235,현장실습 기업현장 교육지원,web_search,2026-07-28T14:43:37.654665+00:00,1,기업현장교사 자격 확인서,,,3,현금지급,0,"신청기관연락처목록: 거주지 읍/면/동 주민센터, 한국장학재단에서 ‘서비스 신청’ 조사기관연락처목록: 담당 시/군/구청 또는 한국장학재단에서 조사 및 심사 결정기관연락처목록: 담당 시/군/구청 또는 한국장학재단에서 보"
WLF00006235,현장실습 기업현장 교육지원,web_search,2026-07-28T14:43:37.654665+00:00,2,재직증명서,,,3,현금지급,0,"신청기관연락처목록: 거주지 읍/면/동 주민센터, 한국장학재단에서 ‘서비스 신청’ 조사기관연락처목록: 담당 시/군/구청 또는 한국장학재단에서 조사 및 심사 결정기관연락처목록: 담당 시/군/구청 또는 한국장학재단에서 보"
WLF00006235,현장실습 기업현장 교육지원,web_search,2026-07-28T14:43:37.654665+00:00,3,사업자등록증,,,3,현금지급,0,"신청기관연락처목록: 거주지 읍/면/동 주민센터, 한국장학재단에서 ‘서비스 신청’ 조사기관연락처목록: 담당 시/군/구청 또는 한국장학재단에서 조사 및 심사 결정기관연락처목록: 담당 시/군/구청 또는 한국장학재단에서 보"
WLF00006236,고교 취업연계 장려금,web_search,2026-07-28T14:43:37.654665+00:00,1,취업연계 장려금 신청서,,,5,현금지급,0,"신청기관연락처목록: 거주지 읍/면/동 주민센터, 한국장학재단에서 ‘서비스 신청’ 조사기관연락처목록: 담당 시/군/구청 또는 한국장학재단에서 조사 및 심사 결정기관연락처목록: 담당 시/군/구청 또는 한국장학재단에서 보"
WLF00006236,고교 취업연계 장려금,web_search,2026-07-28T14:43:37.654665+00:00,2,직업교육 위탁과정 교육 증빙서류,,,5,현금지급,0,"신청기관연락처목록: 거주지 읍/면/동 주민센터, 한국장학재단에서 ‘서비스 신청’ 조사기관연락처목록: 담당 시/군/구청 또는 한국장학재단에서 조사 및 심사 결정기관연락처목록: 담당 시/군/구청 또는 한국장학재단에서 보"
WLF00006236,고교 취업연계 장려금,web_search,2026-07-28T14:43:37.654665+00:00,3,본인 명의 계좌,,,5,현금지급,0,"신청기관연락처목록: 거주지 읍/면/동 주민센터, 한국장학재단에서 ‘서비스 신청’ 조사기관연락처목록: 담당 시/군/구청 또는 한국장학재단에서 조사 및 심사 결정기관연락처목록: 담당 시/군/구청 또는 한국장학재단에서 보"
WLF00006236,고교 취업연계 장려금,web_search,2026-07-28T14:43:37.654665+00:00,4,전자서명 인증서,,,5,현금지급,0,"신청기관연락처목록: 거주지 읍/면/동 주민센터, 한국장학재단에서 ‘서비스 신청’ 조사기관연락처목록: 담당 시/군/구청 또는 한국장학재단에서 조사 및 심사 결정기관연락처목록: 담당 시/군/구청 또는 한국장학재단에서 보"
WLF00006236,고교 취업연계 장려금,web_search,2026-07-28T14:43:37.654665+00:00,5,법정대리인 동의서 (미성년자 경우),,,5,현금지급,0,"신청기관연락처목록: 거주지 읍/면/동 주민센터, 한국장학재단에서 ‘서비스 신청’ 조사기관연락처목록: 담당 시/군/구청 또는 한국장학재단에서 조사 및 심사 결정기관연락처목록: 담당 시/군/구청 또는 한국장학재단에서 보"
WLF00006238,고령자 계속고용장려금,web_search,2026-07-28T14:43:37.654665+00:00,1,고령자 계속고용장려금 신청서,,,4,현금지급,0,"신청기관연락처목록: 거주지 읍/면/동 주민센터, 고용노동부 고용센터에서 ‘서비스 신청’ 조사기관연락처목록: 담당 시/군/구청 또는 고용노동부에서 조사 및 심사 결정기관연락처목록: 담당 시/군/구청 또는 고용노동부에서"
WLF00006238,고령자 계속고용장려금,web_search,2026-07-28T14:43:37.654665+00:00,2,"계속고용제도 도입 사실을 증명할 수 있는 서류 (취업규칙, 단체협약 등)",,,4,현금지급,0,"신청기관연락처목록: 거주지 읍/면/동 주민센터, 고용노동부 고용센터에서 ‘서비스 신청’ 조사기관연락처목록: 담당 시/군/구청 또는 고용노동부에서 조사 및 심사 결정기관연락처목록: 담당 시/군/구청 또는 고용노동부에서"
WLF00006238,고령자 계속고용장려금,web_search,2026-07-28T14:43:37.654665+00:00,3,계속고용된 근로자의 근로계약서 사본,,,4,현금지급,0,"신청기관연락처목록: 거주지 읍/면/동 주민센터, 고용노동부 고용센터에서 ‘서비스 신청’ 조사기관연락처목록: 담당 시/군/구청 또는 고용노동부에서 조사 및 심사 결정기관연락처목록: 담당 시/군/구청 또는 고용노동부에서"
WLF00006238,고령자 계속고용장려금,web_search,2026-07-28T14:43:37.654665+00:00,4,계속고용된 근로자의 월별 임금대장 및 임금지급 증빙서류,,,4,현금지급,0,"신청기관연락처목록: 거주지 읍/면/동 주민센터, 고용노동부 고용센터에서 ‘서비스 신청’ 조사기관연락처목록: 담당 시/군/구청 또는 고용노동부에서 조사 및 심사 결정기관연락처목록: 담당 시/군/구청 또는 고용노동부에서"
WLF00006239,영양플러스 사업,web_search,2026-07-28T14:49:02.647109+00:00,1,신분증,,,7,기타,0,"신청기관연락처목록: 거주지 읍/면/동 주민센터, 보건소에서 ‘서비스 신청’ 조사기관연락처목록: 담당 시/군/구청 또는 보건소에서 조사 및 심사 결정기관연락처목록: 담당 시/군/구청 또는 보건소에서 보장 결정 이의신청"
WLF00006239,영양플러스 사업,web_search,2026-07-28T14:49:02.647109+00:00,2,주민등록등본,https://www.gov.kr/mw/AA020InfoCappView.do?CappBizCD=13100000015,certificate_issuance,7,기타,0,"신청기관연락처목록: 거주지 읍/면/동 주민센터, 보건소에서 ‘서비스 신청’ 조사기관연락처목록: 담당 시/군/구청 또는 보건소에서 조사 및 심사 결정기관연락처목록: 담당 시/군/구청 또는 보건소에서 보장 결정 이의신청"
WLF00006239,영양플러스 사업,web_search,2026-07-28T14:49:02.647109+00:00,3,건강보험 자격확인서,,,7,기타,0,"신청기관연락처목록: 거주지 읍/면/동 주민센터, 보건소에서 ‘서비스 신청’ 조사기관연락처목록: 담당 시/군/구청 또는 보건소에서 조사 및 심사 결정기관연락처목록: 담당 시/군/구청 또는 보건소에서 보장 결정 이의신청"
WLF00006239,영양플러스 사업,web_search,2026-07-28T14:49:02.647109+00:00,4,건강보험료 납부 확인서,https://www.nhis.or.kr/nhis/index.do,certificate_issuance,7,기타,0,"신청기관연락처목록: 거주지 읍/면/동 주민센터, 보건소에서 ‘서비스 신청’ 조사기관연락처목록: 담당 시/군/구청 또는 보건소에서 조사 및 심사 결정기관연락처목록: 담당 시/군/구청 또는 보건소에서 보장 결정 이의신청"
WLF00006239,영양플러스 사업,web_search,2026-07-28T14:49:02.647109+00:00,5,산모수첩 또는 의사진단서·소견서(출산 전),,,7,기타,0,"신청기관연락처목록: 거주지 읍/면/동 주민센터, 보건소에서 ‘서비스 신청’ 조사기관연락처목록: 담당 시/군/구청 또는 보건소에서 조사 및 심사 결정기관연락처목록: 담당 시/군/구청 또는 보건소에서 보장 결정 이의신청"
WLF00006239,영양플러스 사업,web_search,2026-07-28T14:49:02.647109+00:00,6,출생증명서(출산 후),,,7,기타,0,"신청기관연락처목록: 거주지 읍/면/동 주민센터, 보건소에서 ‘서비스 신청’ 조사기관연락처목록: 담당 시/군/구청 또는 보건소에서 조사 및 심사 결정기관연락처목록: 담당 시/군/구청 또는 보건소에서 보장 결정 이의신청"
WLF00006239,영양플러스 사업,web_search,2026-07-28T14:49:02.647109+00:00,7,기초생활수급자 또는 차상위계층 증명서,,,7,기타,0,"신청기관연락처목록: 거주지 읍/면/동 주민센터, 보건소에서 ‘서비스 신청’ 조사기관연락처목록: 담당 시/군/구청 또는 보건소에서 조사 및 심사 결정기관연락처목록: 담당 시/군/구청 또는 보건소에서 보장 결정 이의신청"
WLF00006241,정신질환자 치료비 지원 사업,web_search,2026-07-28T14:43:37.654665+00:00,1,정신질환자 치료비 지원 신청서 (환자용 또는 의료기관용),,,8,현금지급,1,"신청기관연락처목록: 거주지 읍/면/동 주민센터, 정신건강복지센터에서 ‘서비스 신청’ 신청기관연락처목록: 거주지 읍/면/동 주민센터, 각 지자체 보건소에서 ‘서비스 신청’ 조사기관연락처목록: 담당 시/군/구청 또는 정"
WLF00006241,정신질환자 치료비 지원 사업,web_search,2026-07-28T14:43:37.654665+00:00,2,본인 확인서류 (주민등록등(초)본 또는 주민등록증 또는 운전면허증 등),,,8,현금지급,1,"신청기관연락처목록: 거주지 읍/면/동 주민센터, 정신건강복지센터에서 ‘서비스 신청’ 신청기관연락처목록: 거주지 읍/면/동 주민센터, 각 지자체 보건소에서 ‘서비스 신청’ 조사기관연락처목록: 담당 시/군/구청 또는 정"
WLF00006241,정신질환자 치료비 지원 사업,web_search,2026-07-28T14:43:37.654665+00:00,3,"외국인 추가 구비서류 (의료보험 납입증명서, 외국인등록증 등)",,,8,현금지급,1,"신청기관연락처목록: 거주지 읍/면/동 주민센터, 정신건강복지센터에서 ‘서비스 신청’ 신청기관연락처목록: 거주지 읍/면/동 주민센터, 각 지자체 보건소에서 ‘서비스 신청’ 조사기관연락처목록: 담당 시/군/구청 또는 정"
WLF00006241,정신질환자 치료비 지원 사업,web_search,2026-07-28T14:43:37.654665+00:00,4,행정정보공동이용 사전동의서,,,8,현금지급,1,"신청기관연락처목록: 거주지 읍/면/동 주민센터, 정신건강복지센터에서 ‘서비스 신청’ 신청기관연락처목록: 거주지 읍/면/동 주민센터, 각 지자체 보건소에서 ‘서비스 신청’ 조사기관연락처목록: 담당 시/군/구청 또는 정"
WLF00006241,정신질환자 치료비 지원 사업,web_search,2026-07-28T14:43:37.654665+00:00,5,개인정보 수집·이용·제공에 대한 동의서,,,8,현금지급,1,"신청기관연락처목록: 거주지 읍/면/동 주민센터, 정신건강복지센터에서 ‘서비스 신청’ 신청기관연락처목록: 거주지 읍/면/동 주민센터, 각 지자체 보건소에서 ‘서비스 신청’ 조사기관연락처목록: 담당 시/군/구청 또는 정"
WLF00006241,정신질환자 치료비 지원 사업,web_search,2026-07-28T14:43:37.654665+00:00,6,치료비 영수증·계산서 (의료기관용),,,8,현금지급,1,"신청기관연락처목록: 거주지 읍/면/동 주민센터, 정신건강복지센터에서 ‘서비스 신청’ 신청기관연락처목록: 거주지 읍/면/동 주민센터, 각 지자체 보건소에서 ‘서비스 신청’ 조사기관연락처목록: 담당 시/군/구청 또는 정"
WLF00006241,정신질환자 치료비 지원 사업,web_search,2026-07-28T14:43:37.654665+00:00,7,건강보험료 납부확인서 또는 건강보험 자격확인서 등 소득증빙서류,https://www.nhis.or.kr/nhis/index.do,certificate_issuance,8,현금지급,1,"신청기관연락처목록: 거주지 읍/면/동 주민센터, 정신건강복지센터에서 ‘서비스 신청’ 신청기관연락처목록: 거주지 읍/면/동 주민센터, 각 지자체 보건소에서 ‘서비스 신청’ 조사기관연락처목록: 담당 시/군/구청 또는 정"
WLF00006241,정신질환자 치료비 지원 사업,web_search,2026-07-28T14:43:37.654665+00:00,8,기납부한 환자 명의 통장 사본,,,8,현금지급,1,"신청기관연락처목록: 거주지 읍/면/동 주민센터, 정신건강복지센터에서 ‘서비스 신청’ 신청기관연락처목록: 거주지 읍/면/동 주민센터, 각 지자체 보건소에서 ‘서비스 신청’ 조사기관연락처목록: 담당 시/군/구청 또는 정"
WLF00006245,어업활동지원,web_search,2026-07-28T14:43:37.654665+00:00,1,신청서,,,5,프로그램/서비스(서비스),0,"신청기관연락처목록: 거주지 읍/면/동 주민센터, 제주특별자치도 수산정책과에서 ‘서비스 신청’ 신청기관연락처목록: 거주지 읍/면/동 주민센터, 경상남도 수산안전기술원 에서 ‘서비스 신청’ 신청기관연락처목록: 거주지 읍"
WLF00006245,어업활동지원,web_search,2026-07-28T14:43:37.654665+00:00,2,진단서,,,5,프로그램/서비스(서비스),0,"신청기관연락처목록: 거주지 읍/면/동 주민센터, 제주특별자치도 수산정책과에서 ‘서비스 신청’ 신청기관연락처목록: 거주지 읍/면/동 주민센터, 경상남도 수산안전기술원 에서 ‘서비스 신청’ 신청기관연락처목록: 거주지 읍"
WLF00006245,어업활동지원,web_search,2026-07-28T14:43:37.654665+00:00,3,입원확인서,,,5,프로그램/서비스(서비스),0,"신청기관연락처목록: 거주지 읍/면/동 주민센터, 제주특별자치도 수산정책과에서 ‘서비스 신청’ 신청기관연락처목록: 거주지 읍/면/동 주민센터, 경상남도 수산안전기술원 에서 ‘서비스 신청’ 신청기관연락처목록: 거주지 읍"
WLF00006245,어업활동지원,web_search,2026-07-28T14:43:37.654665+00:00,4,의사소견서,,,5,프로그램/서비스(서비스),0,"신청기관연락처목록: 거주지 읍/면/동 주민센터, 제주특별자치도 수산정책과에서 ‘서비스 신청’ 신청기관연락처목록: 거주지 읍/면/동 주민센터, 경상남도 수산안전기술원 에서 ‘서비스 신청’ 신청기관연락처목록: 거주지 읍"
WLF00006245,어업활동지원,web_search,2026-07-28T14:43:37.654665+00:00,5,진료기록,,,5,프로그램/서비스(서비스),0,"신청기관연락처목록: 거주지 읍/면/동 주민센터, 제주특별자치도 수산정책과에서 ‘서비스 신청’ 신청기관연락처목록: 거주지 읍/면/동 주민센터, 경상남도 수산안전기술원 에서 ‘서비스 신청’ 신청기관연락처목록: 거주지 읍"
WLF00006246,우수고등학교 해외유학 장학금(드림장학금),web_search,2026-07-28T14:43:37.654665+00:00,1,개인정보동의서 및 서약서,,,7,현금지급,0,"신청기관연락처목록: 거주지 읍/면/동 주민센터, 한국장학재단 홈페이지에서 ‘서비스 신청’ 조사기관연락처목록: 담당 시/군/구청 또는 한국장학재단 홈페이지에서 조사 및 심사 결정기관연락처목록: 담당 시/군/구청 또는 "
WLF00006246,우수고등학교 해외유학 장학금(드림장학금),web_search,2026-07-28T14:43:37.654665+00:00,2,지원자 서약서,,,7,현금지급,0,"신청기관연락처목록: 거주지 읍/면/동 주민센터, 한국장학재단 홈페이지에서 ‘서비스 신청’ 조사기관연락처목록: 담당 시/군/구청 또는 한국장학재단 홈페이지에서 조사 및 심사 결정기관연락처목록: 담당 시/군/구청 또는 "
WLF00006246,우수고등학교 해외유학 장학금(드림장학금),web_search,2026-07-28T14:43:37.654665+00:00,3,기초생활수급자 증명서 또는 차상위계층 관련 증명서(택1),https://www.gov.kr/mw/AA020InfoCappView.do?CappBizCD=14600000280,certificate_issuance,7,현금지급,0,"신청기관연락처목록: 거주지 읍/면/동 주민센터, 한국장학재단 홈페이지에서 ‘서비스 신청’ 조사기관연락처목록: 담당 시/군/구청 또는 한국장학재단 홈페이지에서 조사 및 심사 결정기관연락처목록: 담당 시/군/구청 또는 "
WLF00006246,우수고등학교 해외유학 장학금(드림장학금),web_search,2026-07-28T14:43:37.654665+00:00,4,학교생활기록부 사본 (원본대조필 포함),,,7,현금지급,0,"신청기관연락처목록: 거주지 읍/면/동 주민센터, 한국장학재단 홈페이지에서 ‘서비스 신청’ 조사기관연락처목록: 담당 시/군/구청 또는 한국장학재단 홈페이지에서 조사 및 심사 결정기관연락처목록: 담당 시/군/구청 또는 "
WLF00006246,우수고등학교 해외유학 장학금(드림장학금),web_search,2026-07-28T14:43:37.654665+00:00,5,자기소개서,,,7,현금지급,0,"신청기관연락처목록: 거주지 읍/면/동 주민센터, 한국장학재단 홈페이지에서 ‘서비스 신청’ 조사기관연락처목록: 담당 시/군/구청 또는 한국장학재단 홈페이지에서 조사 및 심사 결정기관연락처목록: 담당 시/군/구청 또는 "
WLF00006246,우수고등학교 해외유학 장학금(드림장학금),web_search,2026-07-28T14:43:37.654665+00:00,6,학교장 추천서,,,7,현금지급,0,"신청기관연락처목록: 거주지 읍/면/동 주민센터, 한국장학재단 홈페이지에서 ‘서비스 신청’ 조사기관연락처목록: 담당 시/군/구청 또는 한국장학재단 홈페이지에서 조사 및 심사 결정기관연락처목록: 담당 시/군/구청 또는 "
WLF00006246,우수고등학교 해외유학 장학금(드림장학금),web_search,2026-07-28T14:43:37.654665+00:00,7,교사의견서,,,7,현금지급,0,"신청기관연락처목록: 거주지 읍/면/동 주민센터, 한국장학재단 홈페이지에서 ‘서비스 신청’ 조사기관연락처목록: 담당 시/군/구청 또는 한국장학재단 홈페이지에서 조사 및 심사 결정기관연락처목록: 담당 시/군/구청 또는 "
WLF00006247,산재근로자 대체인력지원,web_search,2026-07-28T14:49:02.647109+00:00,1,대체인력지원금 청구서,,,5,현금지급,1,"신청기관연락처목록: 거주지 읍/면/동 주민센터, 근로복지공단에서 ‘서비스 신청’ 조사기관연락처목록: 담당 시/군/구청 또는 근로복지공단에서 조사 및 심사 결정기관연락처목록: 담당 시/군/구청 또는 근로복지공단에서 보"
WLF00006247,산재근로자 대체인력지원,web_search,2026-07-28T14:49:02.647109+00:00,2,대체인력·산재근로자 근로계약서,,,5,현금지급,1,"신청기관연락처목록: 거주지 읍/면/동 주민센터, 근로복지공단에서 ‘서비스 신청’ 조사기관연락처목록: 담당 시/군/구청 또는 근로복지공단에서 조사 및 심사 결정기관연락처목록: 담당 시/군/구청 또는 근로복지공단에서 보"
WLF00006247,산재근로자 대체인력지원,web_search,2026-07-28T14:49:02.647109+00:00,3,임금대장,,,5,현금지급,1,"신청기관연락처목록: 거주지 읍/면/동 주민센터, 근로복지공단에서 ‘서비스 신청’ 조사기관연락처목록: 담당 시/군/구청 또는 근로복지공단에서 조사 및 심사 결정기관연락처목록: 담당 시/군/구청 또는 근로복지공단에서 보"
WLF00006247,산재근로자 대체인력지원,web_search,2026-07-28T14:49:02.647109+00:00,4,출근부,,,5,현금지급,1,"신청기관연락처목록: 거주지 읍/면/동 주민센터, 근로복지공단에서 ‘서비스 신청’ 조사기관연락처목록: 담당 시/군/구청 또는 근로복지공단에서 조사 및 심사 결정기관연락처목록: 담당 시/군/구청 또는 근로복지공단에서 보"
WLF00006247,산재근로자 대체인력지원,web_search,2026-07-28T14:49:02.647109+00:00,5,통장사본,,,5,현금지급,1,"신청기관연락처목록: 거주지 읍/면/동 주민센터, 근로복지공단에서 ‘서비스 신청’ 조사기관연락처목록: 담당 시/군/구청 또는 근로복지공단에서 조사 및 심사 결정기관연락처목록: 담당 시/군/구청 또는 근로복지공단에서 보"
WLF00006248,직장인 든든한 점심밥,web_search,2026-07-28T14:43:37.654665+00:00,1,사업신청서,,,4,기타,1,"신청기관연락처목록: 거주지 읍/면/동 주민센터, 각 시도 담당과에서 ‘서비스 신청’ 조사기관연락처목록: 담당 시/군/구청 또는 각 시도 담당과에서 조사 및 심사 결정기관연락처목록: 담당 시/군/구청 또는 각 시도 담"
WLF00006248,직장인 든든한 점심밥,web_search,2026-07-28T14:43:37.654665+00:00,2,중소기업확인서,,,4,기타,1,"신청기관연락처목록: 거주지 읍/면/동 주민센터, 각 시도 담당과에서 ‘서비스 신청’ 조사기관연락처목록: 담당 시/군/구청 또는 각 시도 담당과에서 조사 및 심사 결정기관연락처목록: 담당 시/군/구청 또는 각 시도 담"
WLF00006248,직장인 든든한 점심밥,web_search,2026-07-28T14:43:37.654665+00:00,3,식대 지급 증빙서류,,,4,기타,1,"신청기관연락처목록: 거주지 읍/면/동 주민센터, 각 시도 담당과에서 ‘서비스 신청’ 조사기관연락처목록: 담당 시/군/구청 또는 각 시도 담당과에서 조사 및 심사 결정기관연락처목록: 담당 시/군/구청 또는 각 시도 담"
WLF00006248,직장인 든든한 점심밥,web_search,2026-07-28T14:43:37.654665+00:00,4,4대 보험 가입자 명부 또는 근로자 인적사항 자료,,,4,기타,1,"신청기관연락처목록: 거주지 읍/면/동 주민센터, 각 시도 담당과에서 ‘서비스 신청’ 조사기관연락처목록: 담당 시/군/구청 또는 각 시도 담당과에서 조사 및 심사 결정기관연락처목록: 담당 시/군/구청 또는 각 시도 담"
WLF00006252,근로지원인 지원,web_search,2026-07-28T14:43:37.654665+00:00,1,근로지원인 서비스 신청서,,,3,"현금지급, 프로그램/서비스(서비스)",0,"신청기관연락처목록: 거주지 읍/면/동 주민센터, 한국장애인고용공단에서 ‘서비스 신청’ 조사기관연락처목록: 담당 시/군/구청 또는 한국장애인고용공단에서 조사 및 심사 결정기관연락처목록: 담당 시/군/구청 또는 한국장애"
WLF00006252,근로지원인 지원,web_search,2026-07-28T14:43:37.654665+00:00,2,개인정보 수집·이용 및 제공 사전 동의서,,,3,"현금지급, 프로그램/서비스(서비스)",0,"신청기관연락처목록: 거주지 읍/면/동 주민센터, 한국장애인고용공단에서 ‘서비스 신청’ 조사기관연락처목록: 담당 시/군/구청 또는 한국장애인고용공단에서 조사 및 심사 결정기관연락처목록: 담당 시/군/구청 또는 한국장애"
WLF00006252,근로지원인 지원,web_search,2026-07-28T14:43:37.654665+00:00,3,장애인 근로자가 중증장애인 기준에 적합함을 인정할 수 있는 서류,,,3,"현금지급, 프로그램/서비스(서비스)",0,"신청기관연락처목록: 거주지 읍/면/동 주민센터, 한국장애인고용공단에서 ‘서비스 신청’ 조사기관연락처목록: 담당 시/군/구청 또는 한국장애인고용공단에서 조사 및 심사 결정기관연락처목록: 담당 시/군/구청 또는 한국장애"
WLF00006253,장애인고용개선장려금,web_search,2026-07-28T14:43:37.654665+00:00,1,장애인고용개선장려금 지급 신청서,,,6,현금지급,0,"신청기관연락처목록: 거주지 읍/면/동 주민센터, 한국장애인고용공단에서 ‘서비스 신청’ 조사기관연락처목록: 담당 시/군/구청 또는 한국장애인고용공단에서 조사 및 심사 결정기관연락처목록: 담당 시/군/구청 또는 한국장애"
WLF00006253,장애인고용개선장려금,web_search,2026-07-28T14:43:37.654665+00:00,2,장애인 근로자 명부,,,6,현금지급,0,"신청기관연락처목록: 거주지 읍/면/동 주민센터, 한국장애인고용공단에서 ‘서비스 신청’ 조사기관연락처목록: 담당 시/군/구청 또는 한국장애인고용공단에서 조사 및 심사 결정기관연락처목록: 담당 시/군/구청 또는 한국장애"
WLF00006253,장애인고용개선장려금,web_search,2026-07-28T14:43:37.654665+00:00,3,장애인 또는 중증장애인임을 인정할 수 있는 서류 사본,,,6,현금지급,0,"신청기관연락처목록: 거주지 읍/면/동 주민센터, 한국장애인고용공단에서 ‘서비스 신청’ 조사기관연락처목록: 담당 시/군/구청 또는 한국장애인고용공단에서 조사 및 심사 결정기관연락처목록: 담당 시/군/구청 또는 한국장애"
WLF00006253,장애인고용개선장려금,web_search,2026-07-28T14:43:37.654665+00:00,4,장애인 근로자의 근로계약서 사본,,,6,현금지급,0,"신청기관연락처목록: 거주지 읍/면/동 주민센터, 한국장애인고용공단에서 ‘서비스 신청’ 조사기관연락처목록: 담당 시/군/구청 또는 한국장애인고용공단에서 조사 및 심사 결정기관연락처목록: 담당 시/군/구청 또는 한국장애"
WLF00006253,장애인고용개선장려금,web_search,2026-07-28T14:43:37.654665+00:00,5,장애인 근로자의 월별 임금대장 사본,,,6,현금지급,0,"신청기관연락처목록: 거주지 읍/면/동 주민센터, 한국장애인고용공단에서 ‘서비스 신청’ 조사기관연락처목록: 담당 시/군/구청 또는 한국장애인고용공단에서 조사 및 심사 결정기관연락처목록: 담당 시/군/구청 또는 한국장애"
WLF00006253,장애인고용개선장려금,web_search,2026-07-28T14:43:37.654665+00:00,6,원천징수이행상황신고서 또는 전체 근로자의 월별 임금대장 사본,,,6,현금지급,0,"신청기관연락처목록: 거주지 읍/면/동 주민센터, 한국장애인고용공단에서 ‘서비스 신청’ 조사기관연락처목록: 담당 시/군/구청 또는 한국장애인고용공단에서 조사 및 심사 결정기관연락처목록: 담당 시/군/구청 또는 한국장애"
WLF00006257,장애인 건강보험료 경감,web_search,2026-07-28T14:49:02.647109+00:00,1,장애인등록증,https://www.gov.kr,certificate_issuance,1,기타,0,"신청기관연락처목록: 거주지 읍/면/동 주민센터, 국민건강보험공단에서 ‘서비스 신청’ 조사기관연락처목록: 담당 시/군/구청 또는 국민건강보험공단에서 조사 및 심사 결정기관연락처목록: 담당 시/군/구청 또는 국민건강보험"
WLF00006260,장애인 주택개조사업,web_search,2026-07-28T14:49:02.647109+00:00,1,장애인 주택개조사업 신청서,,,6,프로그램/서비스(서비스),0,조사기관연락처목록: 담당 시/군/구청 또는 시.군(각 광역 및 기초 지방정부)에서 조사 및 심사 결정기관연락처목록: 담당 시/군/구청 또는 시.군(각 광역 및 기초 지방정부)에서 보장 결정 지급기관연락처목록: 담당 
WLF00006260,장애인 주택개조사업,web_search,2026-07-28T14:49:02.647109+00:00,2,임대인 동의서,,,6,프로그램/서비스(서비스),0,조사기관연락처목록: 담당 시/군/구청 또는 시.군(각 광역 및 기초 지방정부)에서 조사 및 심사 결정기관연락처목록: 담당 시/군/구청 또는 시.군(각 광역 및 기초 지방정부)에서 보장 결정 지급기관연락처목록: 담당 
WLF00006260,장애인 주택개조사업,web_search,2026-07-28T14:49:02.647109+00:00,3,주민등록등본,https://www.gov.kr/mw/AA020InfoCappView.do?CappBizCD=13100000015,certificate_issuance,6,프로그램/서비스(서비스),0,조사기관연락처목록: 담당 시/군/구청 또는 시.군(각 광역 및 기초 지방정부)에서 조사 및 심사 결정기관연락처목록: 담당 시/군/구청 또는 시.군(각 광역 및 기초 지방정부)에서 보장 결정 지급기관연락처목록: 담당 
WLF00006260,장애인 주택개조사업,web_search,2026-07-28T14:49:02.647109+00:00,4,수급자증명서 또는 소득금액증명원,https://www.hometax.go.kr,certificate_issuance,6,프로그램/서비스(서비스),0,조사기관연락처목록: 담당 시/군/구청 또는 시.군(각 광역 및 기초 지방정부)에서 조사 및 심사 결정기관연락처목록: 담당 시/군/구청 또는 시.군(각 광역 및 기초 지방정부)에서 보장 결정 지급기관연락처목록: 담당 
WLF00006260,장애인 주택개조사업,web_search,2026-07-28T14:49:02.647109+00:00,5,건강보험 납부확인서 및 건강보험자격득실확인서,https://www.nhis.or.kr/nhis/index.do,certificate_issuance,6,프로그램/서비스(서비스),0,조사기관연락처목록: 담당 시/군/구청 또는 시.군(각 광역 및 기초 지방정부)에서 조사 및 심사 결정기관연락처목록: 담당 시/군/구청 또는 시.군(각 광역 및 기초 지방정부)에서 보장 결정 지급기관연락처목록: 담당 
WLF00006260,장애인 주택개조사업,web_search,2026-07-28T14:49:02.647109+00:00,6,장애인 증명서 또는 복지카드 사본,https://www.gov.kr,certificate_issuance,6,프로그램/서비스(서비스),0,조사기관연락처목록: 담당 시/군/구청 또는 시.군(각 광역 및 기초 지방정부)에서 조사 및 심사 결정기관연락처목록: 담당 시/군/구청 또는 시.군(각 광역 및 기초 지방정부)에서 보장 결정 지급기관연락처목록: 담당 
WLF00006264,생활안정자금(융자)(이차보전),web_search,2026-07-28T14:49:02.647109+00:00,1,생활안정자금(이차보전) 융자 추천신청서,,,4,기타,1,"신청기관연락처목록: 거주지 읍/면/동 주민센터, 근로복지공단에서 ‘서비스 신청’ 조사기관연락처목록: 담당 시/군/구청 또는 근로복지공단에서 조사 및 심사 결정기관연락처목록: 담당 시/군/구청 또는 근로복지공단에서 보"
WLF00006264,생활안정자금(융자)(이차보전),web_search,2026-07-28T14:49:02.647109+00:00,2,가족관계증명서,https://efamily.scourt.go.kr,certificate_issuance,4,기타,1,"신청기관연락처목록: 거주지 읍/면/동 주민센터, 근로복지공단에서 ‘서비스 신청’ 조사기관연락처목록: 담당 시/군/구청 또는 근로복지공단에서 조사 및 심사 결정기관연락처목록: 담당 시/군/구청 또는 근로복지공단에서 보"
WLF00006264,생활안정자금(융자)(이차보전),web_search,2026-07-28T14:49:02.647109+00:00,3,건강보험증 또는 의료급여증 사본,,,4,기타,1,"신청기관연락처목록: 거주지 읍/면/동 주민센터, 근로복지공단에서 ‘서비스 신청’ 조사기관연락처목록: 담당 시/군/구청 또는 근로복지공단에서 조사 및 심사 결정기관연락처목록: 담당 시/군/구청 또는 근로복지공단에서 보"
WLF00006264,생활안정자금(융자)(이차보전),web_search,2026-07-28T14:49:02.647109+00:00,4,소득금액증명자료,https://www.hometax.go.kr,certificate_issuance,4,기타,1,"신청기관연락처목록: 거주지 읍/면/동 주민센터, 근로복지공단에서 ‘서비스 신청’ 조사기관연락처목록: 담당 시/군/구청 또는 근로복지공단에서 조사 및 심사 결정기관연락처목록: 담당 시/군/구청 또는 근로복지공단에서 보"
WLF00006268,불법사금융예방대출,web_search,2026-07-28T14:49:02.647109+00:00,1,신분증,,,3,현금대여(융자),0,"신청기관연락처목록: 거주지 읍/면/동 주민센터, 서민금융진흥원에서 ‘서비스 신청’ 조사기관연락처목록: 담당 시/군/구청 또는 서민금융진흥원에서 조사 및 심사 결정기관연락처목록: 담당 시/군/구청 또는 서민금융진흥원에"
WLF00006268,불법사금융예방대출,web_search,2026-07-28T14:49:02.647109+00:00,2,본인 명의 휴대폰 또는 금융인증서/간편인증서 (비대면 신청 시),,,3,현금대여(융자),0,"신청기관연락처목록: 거주지 읍/면/동 주민센터, 서민금융진흥원에서 ‘서비스 신청’ 조사기관연락처목록: 담당 시/군/구청 또는 서민금융진흥원에서 조사 및 심사 결정기관연락처목록: 담당 시/군/구청 또는 서민금융진흥원에"
WLF00006268,불법사금융예방대출,web_search,2026-07-28T14:49:02.647109+00:00,3,예금주 본인명의 계좌 이용 시 필요한 서류 (센터 방문 시),,,3,현금대여(융자),0,"신청기관연락처목록: 거주지 읍/면/동 주민센터, 서민금융진흥원에서 ‘서비스 신청’ 조사기관연락처목록: 담당 시/군/구청 또는 서민금융진흥원에서 조사 및 심사 결정기관연락처목록: 담당 시/군/구청 또는 서민금융진흥원에"
WLF00006269,미소금융,web_search,2026-07-28T14:49:02.647109+00:00,1,신분증,,,8,현금대여(융자),0,"신청기관연락처목록: 거주지 읍/면/동 주민센터, 전국 미소금융 사업수행기관 38개에서 ‘서비스 신청’ 조사기관연락처목록: 담당 시/군/구청 또는 전국 미소금융 사업수행기관 38개에서 조사 및 심사 결정기관연락처목록:"
WLF00006269,미소금융,web_search,2026-07-28T14:49:02.647109+00:00,2,주민등록등본,https://www.gov.kr/mw/AA020InfoCappView.do?CappBizCD=13100000015,certificate_issuance,8,현금대여(융자),0,"신청기관연락처목록: 거주지 읍/면/동 주민센터, 전국 미소금융 사업수행기관 38개에서 ‘서비스 신청’ 조사기관연락처목록: 담당 시/군/구청 또는 전국 미소금융 사업수행기관 38개에서 조사 및 심사 결정기관연락처목록:"
WLF00006269,미소금융,web_search,2026-07-28T14:49:02.647109+00:00,3,주거래 통장,,,8,현금대여(융자),0,"신청기관연락처목록: 거주지 읍/면/동 주민센터, 전국 미소금융 사업수행기관 38개에서 ‘서비스 신청’ 조사기관연락처목록: 담당 시/군/구청 또는 전국 미소금융 사업수행기관 38개에서 조사 및 심사 결정기관연락처목록:"
WLF00006269,미소금융,web_search,2026-07-28T14:49:02.647109+00:00,4,금융거래 확인서,,,8,현금대여(융자),0,"신청기관연락처목록: 거주지 읍/면/동 주민센터, 전국 미소금융 사업수행기관 38개에서 ‘서비스 신청’ 조사기관연락처목록: 담당 시/군/구청 또는 전국 미소금융 사업수행기관 38개에서 조사 및 심사 결정기관연락처목록:"
WLF00006269,미소금융,web_search,2026-07-28T14:49:02.647109+00:00,5,근로소득원천징수영수증,,,8,현금대여(융자),0,"신청기관연락처목록: 거주지 읍/면/동 주민센터, 전국 미소금융 사업수행기관 38개에서 ‘서비스 신청’ 조사기관연락처목록: 담당 시/군/구청 또는 전국 미소금융 사업수행기관 38개에서 조사 및 심사 결정기관연락처목록:"
WLF00006269,미소금융,web_search,2026-07-28T14:49:02.647109+00:00,6,급여명세서,,,8,현금대여(융자),0,"신청기관연락처목록: 거주지 읍/면/동 주민센터, 전국 미소금융 사업수행기관 38개에서 ‘서비스 신청’ 조사기관연락처목록: 담당 시/군/구청 또는 전국 미소금융 사업수행기관 38개에서 조사 및 심사 결정기관연락처목록:"
WLF00006269,미소금융,web_search,2026-07-28T14:49:02.647109+00:00,7,근로소득 급여통장,,,8,현금대여(융자),0,"신청기관연락처목록: 거주지 읍/면/동 주민센터, 전국 미소금융 사업수행기관 38개에서 ‘서비스 신청’ 조사기관연락처목록: 담당 시/군/구청 또는 전국 미소금융 사업수행기관 38개에서 조사 및 심사 결정기관연락처목록:"
WLF00006269,미소금융,web_search,2026-07-28T14:49:02.647109+00:00,8,소득금액증명원,https://www.hometax.go.kr,certificate_issuance,8,현금대여(융자),0,"신청기관연락처목록: 거주지 읍/면/동 주민센터, 전국 미소금융 사업수행기관 38개에서 ‘서비스 신청’ 조사기관연락처목록: 담당 시/군/구청 또는 전국 미소금융 사업수행기관 38개에서 조사 및 심사 결정기관연락처목록:"
WLF00006270,중소기업 취업연계 장학사업 (희망사다리 I유형),web_search,2026-07-28T14:49:02.647109+00:00,1,취·창업지원금 사용계획서,,,6,기타,0,"신청기관연락처목록: 거주지 읍/면/동 주민센터, 한국장학재단에서 ‘서비스 신청’ 조사기관연락처목록: 담당 시/군/구청 또는 한국장학재단에서 조사 및 심사 결정기관연락처목록: 담당 시/군/구청 또는 한국장학재단에서 보"
WLF00006270,중소기업 취업연계 장학사업 (희망사다리 I유형),web_search,2026-07-28T14:49:02.647109+00:00,2,국민기초생활수급자증명서,https://www.gov.kr/mw/AA020InfoCappView.do?CappBizCD=14600000280,certificate_issuance,6,기타,0,"신청기관연락처목록: 거주지 읍/면/동 주민센터, 한국장학재단에서 ‘서비스 신청’ 조사기관연락처목록: 담당 시/군/구청 또는 한국장학재단에서 조사 및 심사 결정기관연락처목록: 담당 시/군/구청 또는 한국장학재단에서 보"
WLF00006270,중소기업 취업연계 장학사업 (희망사다리 I유형),web_search,2026-07-28T14:49:02.647109+00:00,3,한부모가족 증명서,https://www.gov.kr/mw/AA020InfoCappView.do?CappBizCD=10601000001,certificate_issuance,6,기타,0,"신청기관연락처목록: 거주지 읍/면/동 주민센터, 한국장학재단에서 ‘서비스 신청’ 조사기관연락처목록: 담당 시/군/구청 또는 한국장학재단에서 조사 및 심사 결정기관연락처목록: 담당 시/군/구청 또는 한국장학재단에서 보"
WLF00006270,중소기업 취업연계 장학사업 (희망사다리 I유형),web_search,2026-07-28T14:49:02.647109+00:00,4,장애인연금 수급자 확인서,,,6,기타,0,"신청기관연락처목록: 거주지 읍/면/동 주민센터, 한국장학재단에서 ‘서비스 신청’ 조사기관연락처목록: 담당 시/군/구청 또는 한국장학재단에서 조사 및 심사 결정기관연락처목록: 담당 시/군/구청 또는 한국장학재단에서 보"
WLF00006270,중소기업 취업연계 장학사업 (희망사다리 I유형),web_search,2026-07-28T14:49:02.647109+00:00,5,장애수당 수급자 확인서,,,6,기타,0,"신청기관연락처목록: 거주지 읍/면/동 주민센터, 한국장학재단에서 ‘서비스 신청’ 조사기관연락처목록: 담당 시/군/구청 또는 한국장학재단에서 조사 및 심사 결정기관연락처목록: 담당 시/군/구청 또는 한국장학재단에서 보"
WLF00006270,중소기업 취업연계 장학사업 (희망사다리 I유형),web_search,2026-07-28T14:49:02.647109+00:00,6,장애아동수당 수급자 확인서,,,6,기타,0,"신청기관연락처목록: 거주지 읍/면/동 주민센터, 한국장학재단에서 ‘서비스 신청’ 조사기관연락처목록: 담당 시/군/구청 또는 한국장학재단에서 조사 및 심사 결정기관연락처목록: 담당 시/군/구청 또는 한국장학재단에서 보"
WLF00006271,햇살론119,web_search,2026-07-28T14:49:02.647109+00:00,1,사업자등록증 (사본),,,7,현금대여(융자),0,"신청기관연락처목록: 거주지 읍/면/동 주민센터, IBK기업은행,경남은행,광주은행,국민은행,농협은행,부산은행,신한은행,아이엠뱅크,우리은행,전북은행,하나은행,수협은행,제주은행,카카오뱅크,케이뱅크,토스뱅크,SC제일은행에서"
WLF00006271,햇살론119,web_search,2026-07-28T14:49:02.647109+00:00,2,사업자등록 증명원,https://www.hometax.go.kr,certificate_issuance,7,현금대여(융자),0,"신청기관연락처목록: 거주지 읍/면/동 주민센터, IBK기업은행,경남은행,광주은행,국민은행,농협은행,부산은행,신한은행,아이엠뱅크,우리은행,전북은행,하나은행,수협은행,제주은행,카카오뱅크,케이뱅크,토스뱅크,SC제일은행에서"
WLF00006271,햇살론119,web_search,2026-07-28T14:49:02.647109+00:00,3,재무제표,,,7,현금대여(융자),0,"신청기관연락처목록: 거주지 읍/면/동 주민센터, IBK기업은행,경남은행,광주은행,국민은행,농협은행,부산은행,신한은행,아이엠뱅크,우리은행,전북은행,하나은행,수협은행,제주은행,카카오뱅크,케이뱅크,토스뱅크,SC제일은행에서"
WLF00006271,햇살론119,web_search,2026-07-28T14:49:02.647109+00:00,4,부가가치세 과세표준증명원,,,7,현금대여(융자),0,"신청기관연락처목록: 거주지 읍/면/동 주민센터, IBK기업은행,경남은행,광주은행,국민은행,농협은행,부산은행,신한은행,아이엠뱅크,우리은행,전북은행,하나은행,수협은행,제주은행,카카오뱅크,케이뱅크,토스뱅크,SC제일은행에서"
WLF00006271,햇살론119,web_search,2026-07-28T14:49:02.647109+00:00,5,부가가치세 면세사업자 수입금액증명,,,7,현금대여(융자),0,"신청기관연락처목록: 거주지 읍/면/동 주민센터, IBK기업은행,경남은행,광주은행,국민은행,농협은행,부산은행,신한은행,아이엠뱅크,우리은행,전북은행,하나은행,수협은행,제주은행,카카오뱅크,케이뱅크,토스뱅크,SC제일은행에서"
WLF00006271,햇살론119,web_search,2026-07-28T14:49:02.647109+00:00,6,간편장부소득금액계산서 (직전 사업년도 수입금액),,,7,현금대여(융자),0,"신청기관연락처목록: 거주지 읍/면/동 주민센터, IBK기업은행,경남은행,광주은행,국민은행,농협은행,부산은행,신한은행,아이엠뱅크,우리은행,전북은행,하나은행,수협은행,제주은행,카카오뱅크,케이뱅크,토스뱅크,SC제일은행에서"
WLF00006271,햇살론119,web_search,2026-07-28T14:49:02.647109+00:00,7,소득금액증명원 (세무서 발급),https://www.hometax.go.kr,certificate_issuance,7,현금대여(융자),0,"신청기관연락처목록: 거주지 읍/면/동 주민센터, IBK기업은행,경남은행,광주은행,국민은행,농협은행,부산은행,신한은행,아이엠뱅크,우리은행,전북은행,하나은행,수협은행,제주은행,카카오뱅크,케이뱅크,토스뱅크,SC제일은행에서"
WLF00006275,햇살론카드,web_search,2026-07-28T14:49:02.647109+00:00,1,재직증명서 또는 국민연금 가입자 증명서 또는 건강보험 자격득실확인서,https://www.nhis.or.kr/nhis/index.do,certificate_issuance,1,전자바우처(바우처),0,"신청기관연락처목록: 거주지 읍/면/동 주민센터, 롯데카드, 현대카드, 국민카드, 삼성카드, 신한카드, 우리카드, 하나카드에서 ‘서비스 신청’ 조사기관연락처목록: 담당 시/군/구청 또는 롯데카드, 현대카드, 국민카드,"
WLF00006279,LPG용기 사용가구 시설개선,web_search,2026-07-28T14:49:02.647109+00:00,1,LPG용기 사용가구 시설개선사업 신청서,,,1,기타,0,"신청기관연락처목록: 거주지 읍/면/동 주민센터, 전국 시군구 가스담당 부서에서 ‘서비스 신청’ 신청기관연락처목록: 거주지 읍/면/동 주민센터, 전국 읍면동 가스담당 부서에서 ‘서비스 신청’ 조사기관연락처목록: 담당 "
WLF00006285,영구 불임 예상 난자·정자 냉동 지원사업,web_search,2026-07-28T14:49:02.647109+00:00,1,영구 불임 예상 난자·정자 냉동 지원 신청서,,,8,현금지급,1,"신청기관연락처목록: 거주지 읍/면/동 주민센터, 시군구 보건소에서 ‘서비스 신청’ 조사기관연락처목록: 담당 시/군/구청 또는 시군구 보건소에서 조사 및 심사 결정기관연락처목록: 담당 시/군/구청 또는 시군구 보건소에"
WLF00006285,영구 불임 예상 난자·정자 냉동 지원사업,web_search,2026-07-28T14:49:02.647109+00:00,2,개인정보 수집·이용 및 행정정보 공동이용 동의서,,,8,현금지급,1,"신청기관연락처목록: 거주지 읍/면/동 주민센터, 시군구 보건소에서 ‘서비스 신청’ 조사기관연락처목록: 담당 시/군/구청 또는 시군구 보건소에서 조사 및 심사 결정기관연락처목록: 담당 시/군/구청 또는 시군구 보건소에"
WLF00006285,영구 불임 예상 난자·정자 냉동 지원사업,web_search,2026-07-28T14:49:02.647109+00:00,3,통장 사본 (신청인 본인 명의),,,8,현금지급,1,"신청기관연락처목록: 거주지 읍/면/동 주민센터, 시군구 보건소에서 ‘서비스 신청’ 조사기관연락처목록: 담당 시/군/구청 또는 시군구 보건소에서 조사 및 심사 결정기관연락처목록: 담당 시/군/구청 또는 시군구 보건소에"
WLF00006285,영구 불임 예상 난자·정자 냉동 지원사업,web_search,2026-07-28T14:49:02.647109+00:00,4,주민등록등본,https://www.gov.kr/mw/AA020InfoCappView.do?CappBizCD=13100000015,certificate_issuance,8,현금지급,1,"신청기관연락처목록: 거주지 읍/면/동 주민센터, 시군구 보건소에서 ‘서비스 신청’ 조사기관연락처목록: 담당 시/군/구청 또는 시군구 보건소에서 조사 및 심사 결정기관연락처목록: 담당 시/군/구청 또는 시군구 보건소에"
WLF00006285,영구 불임 예상 난자·정자 냉동 지원사업,web_search,2026-07-28T14:49:02.647109+00:00,5,건강보험증 사본 또는 건강보험자격확인서,,,8,현금지급,1,"신청기관연락처목록: 거주지 읍/면/동 주민센터, 시군구 보건소에서 ‘서비스 신청’ 조사기관연락처목록: 담당 시/군/구청 또는 시군구 보건소에서 조사 및 심사 결정기관연락처목록: 담당 시/군/구청 또는 시군구 보건소에"
WLF00006285,영구 불임 예상 난자·정자 냉동 지원사업,web_search,2026-07-28T14:49:02.647109+00:00,6,의사의 진단서 (모자보건법 시행령 제14조 해당 여부),,,8,현금지급,1,"신청기관연락처목록: 거주지 읍/면/동 주민센터, 시군구 보건소에서 ‘서비스 신청’ 조사기관연락처목록: 담당 시/군/구청 또는 시군구 보건소에서 조사 및 심사 결정기관연락처목록: 담당 시/군/구청 또는 시군구 보건소에"
WLF00006285,영구 불임 예상 난자·정자 냉동 지원사업,web_search,2026-07-28T14:49:02.647109+00:00,7,영구 불임 예상 난자·정자 동결·보존 확인서,,,8,현금지급,1,"신청기관연락처목록: 거주지 읍/면/동 주민센터, 시군구 보건소에서 ‘서비스 신청’ 조사기관연락처목록: 담당 시/군/구청 또는 시군구 보건소에서 조사 및 심사 결정기관연락처목록: 담당 시/군/구청 또는 시군구 보건소에"
WLF00006285,영구 불임 예상 난자·정자 냉동 지원사업,web_search,2026-07-28T14:49:02.647109+00:00,8,외래 진료비 계산서·영수증,,,8,현금지급,1,"신청기관연락처목록: 거주지 읍/면/동 주민센터, 시군구 보건소에서 ‘서비스 신청’ 조사기관연락처목록: 담당 시/군/구청 또는 시군구 보건소에서 조사 및 심사 결정기관연락처목록: 담당 시/군/구청 또는 시군구 보건소에"
WLF00006286,고졸 후학습자 장학사업(희망사다리Ⅱ유형),web_search,2026-07-28T14:49:02.647109+00:00,1,직업계고 고등학교 졸업증명서 (학과명 표시 필수),,,4,기타,0,"신청기관연락처목록: 거주지 읍/면/동 주민센터, 한국장학재단에서 ‘서비스 신청’ 조사기관연락처목록: 담당 시/군/구청 또는 한국장학재단에서 조사 및 심사 결정기관연락처목록: 담당 시/군/구청 또는 한국장학재단에서 보"
WLF00006286,고졸 후학습자 장학사업(희망사다리Ⅱ유형),web_search,2026-07-28T14:49:02.647109+00:00,2,일반계고 위탁과정 수료증,,,4,기타,0,"신청기관연락처목록: 거주지 읍/면/동 주민센터, 한국장학재단에서 ‘서비스 신청’ 조사기관연락처목록: 담당 시/군/구청 또는 한국장학재단에서 조사 및 심사 결정기관연락처목록: 담당 시/군/구청 또는 한국장학재단에서 보"
WLF00006286,고졸 후학습자 장학사업(희망사다리Ⅱ유형),web_search,2026-07-28T14:49:02.647109+00:00,3,대학졸업증명서 (전문학사 예외 선발 기준 해당자),,,4,기타,0,"신청기관연락처목록: 거주지 읍/면/동 주민센터, 한국장학재단에서 ‘서비스 신청’ 조사기관연락처목록: 담당 시/군/구청 또는 한국장학재단에서 조사 및 심사 결정기관연락처목록: 담당 시/군/구청 또는 한국장학재단에서 보"
WLF00006286,고졸 후학습자 장학사업(희망사다리Ⅱ유형),web_search,2026-07-28T14:49:02.647109+00:00,4,본인 명의의 가족관계증명서,https://efamily.scourt.go.kr,certificate_issuance,4,기타,0,"신청기관연락처목록: 거주지 읍/면/동 주민센터, 한국장학재단에서 ‘서비스 신청’ 조사기관연락처목록: 담당 시/군/구청 또는 한국장학재단에서 조사 및 심사 결정기관연락처목록: 담당 시/군/구청 또는 한국장학재단에서 보"
WLF00006289,위기임신 및 보호출산 지원,web_search,2026-07-28T14:49:02.647109+00:00,1,보호출산 신청서,,,4,기타,0,"신청기관연락처목록: 거주지 읍/면/동 주민센터, 위기임산부 지역상담기관에서 ‘서비스 신청’ 조사기관연락처목록: 담당 시/군/구청 또는 위기임산부 지역상담기관에서 조사 및 심사 결정기관연락처목록: 담당 시/군/구청 또"
WLF00006289,위기임신 및 보호출산 지원,web_search,2026-07-28T14:49:02.647109+00:00,2,상담사실 기술서,,,4,기타,0,"신청기관연락처목록: 거주지 읍/면/동 주민센터, 위기임산부 지역상담기관에서 ‘서비스 신청’ 조사기관연락처목록: 담당 시/군/구청 또는 위기임산부 지역상담기관에서 조사 및 심사 결정기관연락처목록: 담당 시/군/구청 또"
WLF00006289,위기임신 및 보호출산 지원,web_search,2026-07-28T14:49:02.647109+00:00,3,위기임부 해당 증명서류 (보호자 신청 시),,,4,기타,0,"신청기관연락처목록: 거주지 읍/면/동 주민센터, 위기임산부 지역상담기관에서 ‘서비스 신청’ 조사기관연락처목록: 담당 시/군/구청 또는 위기임산부 지역상담기관에서 조사 및 심사 결정기관연락처목록: 담당 시/군/구청 또"
WLF00006289,위기임신 및 보호출산 지원,web_search,2026-07-28T14:49:02.647109+00:00,4,보호자임을 증명하는 서류 (보호자 신청 시),,,4,기타,0,"신청기관연락처목록: 거주지 읍/면/동 주민센터, 위기임산부 지역상담기관에서 ‘서비스 신청’ 조사기관연락처목록: 담당 시/군/구청 또는 위기임산부 지역상담기관에서 조사 및 심사 결정기관연락처목록: 담당 시/군/구청 또"
WLF00006296,국가보훈대상자 친환경차량(전기･수소차) 지원,web_search,2026-07-28T14:49:02.647109+00:00,1,보철용 친환경 차량 구매보조금 지원 신청서,https://bokjiro.go.kr/ssis-tbu/CmmFileUtil/getDownload.do?atcflId=20260514UUWBM1800410191507602&atcflSn=1,form_download,3,"현금지급, 실물바우처",2,"신청기관연락처목록: 거주지 읍/면/동 주민센터, 보훈지(방)청에서 ‘서비스 신청’ 조사기관연락처목록: 담당 시/군/구청 또는 보훈지(방)청에서 조사 및 심사 결정기관연락처목록: 담당 시/군/구청 또는 보훈지(방)청에"
WLF00006296,국가보훈대상자 친환경차량(전기･수소차) 지원,web_search,2026-07-28T14:49:02.647109+00:00,2,자동차등록증 사본,,,3,"현금지급, 실물바우처",2,"신청기관연락처목록: 거주지 읍/면/동 주민센터, 보훈지(방)청에서 ‘서비스 신청’ 조사기관연락처목록: 담당 시/군/구청 또는 보훈지(방)청에서 조사 및 심사 결정기관연락처목록: 담당 시/군/구청 또는 보훈지(방)청에"
WLF00006296,국가보훈대상자 친환경차량(전기･수소차) 지원,web_search,2026-07-28T14:49:02.647109+00:00,3,이륜자동차사용신고필증 사본,,,3,"현금지급, 실물바우처",2,"신청기관연락처목록: 거주지 읍/면/동 주민센터, 보훈지(방)청에서 ‘서비스 신청’ 조사기관연락처목록: 담당 시/군/구청 또는 보훈지(방)청에서 조사 및 심사 결정기관연락처목록: 담당 시/군/구청 또는 보훈지(방)청에"
WLF00006298,자동차사고 피해자 지원사업,web_search,2026-07-28T14:49:02.647109+00:00,1,지원신청서,,,8,"프로그램/서비스(서비스), 자원봉사, 현물지급, 현금대여(융자), 현금지급",1,"신청기관연락처목록: 거주지 읍/면/동 주민센터, 자동차손해배상진흥원에서 ‘서비스 신청’ 조사기관연락처목록: 담당 시/군/구청 또는 자동차손해배상진흥원에서 조사 및 심사 결정기관연락처목록: 담당 시/군/구청 또는 자동"
WLF00006298,자동차사고 피해자 지원사업,web_search,2026-07-28T14:49:02.647109+00:00,2,주민등록등본,https://www.gov.kr/mw/AA020InfoCappView.do?CappBizCD=13100000015,certificate_issuance,8,"프로그램/서비스(서비스), 자원봉사, 현물지급, 현금대여(융자), 현금지급",1,"신청기관연락처목록: 거주지 읍/면/동 주민센터, 자동차손해배상진흥원에서 ‘서비스 신청’ 조사기관연락처목록: 담당 시/군/구청 또는 자동차손해배상진흥원에서 조사 및 심사 결정기관연락처목록: 담당 시/군/구청 또는 자동"
WLF00006298,자동차사고 피해자 지원사업,web_search,2026-07-28T14:49:02.647109+00:00,3,가족관계증명서,https://efamily.scourt.go.kr,certificate_issuance,8,"프로그램/서비스(서비스), 자원봉사, 현물지급, 현금대여(융자), 현금지급",1,"신청기관연락처목록: 거주지 읍/면/동 주민센터, 자동차손해배상진흥원에서 ‘서비스 신청’ 조사기관연락처목록: 담당 시/군/구청 또는 자동차손해배상진흥원에서 조사 및 심사 결정기관연락처목록: 담당 시/군/구청 또는 자동"
WLF00006298,자동차사고 피해자 지원사업,web_search,2026-07-28T14:49:02.647109+00:00,4,자동차사고증명서류,,,8,"프로그램/서비스(서비스), 자원봉사, 현물지급, 현금대여(융자), 현금지급",1,"신청기관연락처목록: 거주지 읍/면/동 주민센터, 자동차손해배상진흥원에서 ‘서비스 신청’ 조사기관연락처목록: 담당 시/군/구청 또는 자동차손해배상진흥원에서 조사 및 심사 결정기관연락처목록: 담당 시/군/구청 또는 자동"
WLF00006298,자동차사고 피해자 지원사업,web_search,2026-07-28T14:49:02.647109+00:00,5,생활형편증명서류,,,8,"프로그램/서비스(서비스), 자원봉사, 현물지급, 현금대여(융자), 현금지급",1,"신청기관연락처목록: 거주지 읍/면/동 주민센터, 자동차손해배상진흥원에서 ‘서비스 신청’ 조사기관연락처목록: 담당 시/군/구청 또는 자동차손해배상진흥원에서 조사 및 심사 결정기관연락처목록: 담당 시/군/구청 또는 자동"
WLF00006298,자동차사고 피해자 지원사업,web_search,2026-07-28T14:49:02.647109+00:00,6,사고당시 부양사실증명서류,,,8,"프로그램/서비스(서비스), 자원봉사, 현물지급, 현금대여(융자), 현금지급",1,"신청기관연락처목록: 거주지 읍/면/동 주민센터, 자동차손해배상진흥원에서 ‘서비스 신청’ 조사기관연락처목록: 담당 시/군/구청 또는 자동차손해배상진흥원에서 조사 및 심사 결정기관연락처목록: 담당 시/군/구청 또는 자동"
WLF00006298,자동차사고 피해자 지원사업,web_search,2026-07-28T14:49:02.647109+00:00,7,미부양사실확인서,,,8,"프로그램/서비스(서비스), 자원봉사, 현물지급, 현금대여(융자), 현금지급",1,"신청기관연락처목록: 거주지 읍/면/동 주민센터, 자동차손해배상진흥원에서 ‘서비스 신청’ 조사기관연락처목록: 담당 시/군/구청 또는 자동차손해배상진흥원에서 조사 및 심사 결정기관연락처목록: 담당 시/군/구청 또는 자동"
WLF00006298,자동차사고 피해자 지원사업,web_search,2026-07-28T14:49:02.647109+00:00,8,예금통장 사본,,,8,"프로그램/서비스(서비스), 자원봉사, 현물지급, 현금대여(융자), 현금지급",1,"신청기관연락처목록: 거주지 읍/면/동 주민센터, 자동차손해배상진흥원에서 ‘서비스 신청’ 조사기관연락처목록: 담당 시/군/구청 또는 자동차손해배상진흥원에서 조사 및 심사 결정기관연락처목록: 담당 시/군/구청 또는 자동"
WLF00006300,조산아 및 저체중출생아 본인부담금 경감,web_search,2026-07-28T14:49:02.647109+00:00,1,조산아 및 저체중출생아 외래진료비 본인부담률 경감신청서,,,4,기타,0,"신청기관연락처목록: 거주지 읍/면/동 주민센터, 국민건강보험공단에서 ‘서비스 신청’ 조사기관연락처목록: 담당 시/군/구청 또는 국민건강보험공단에서 조사 및 심사 결정기관연락처목록: 담당 시/군/구청 또는 국민건강보험"
WLF00006300,조산아 및 저체중출생아 본인부담금 경감,web_search,2026-07-28T14:49:02.647109+00:00,2,출생증명서,,,4,기타,0,"신청기관연락처목록: 거주지 읍/면/동 주민센터, 국민건강보험공단에서 ‘서비스 신청’ 조사기관연락처목록: 담당 시/군/구청 또는 국민건강보험공단에서 조사 및 심사 결정기관연락처목록: 담당 시/군/구청 또는 국민건강보험"
WLF00006300,조산아 및 저체중출생아 본인부담금 경감,web_search,2026-07-28T14:49:02.647109+00:00,3,주민등록등본,https://www.gov.kr/mw/AA020InfoCappView.do?CappBizCD=13100000015,certificate_issuance,4,기타,0,"신청기관연락처목록: 거주지 읍/면/동 주민센터, 국민건강보험공단에서 ‘서비스 신청’ 조사기관연락처목록: 담당 시/군/구청 또는 국민건강보험공단에서 조사 및 심사 결정기관연락처목록: 담당 시/군/구청 또는 국민건강보험"
WLF00006300,조산아 및 저체중출생아 본인부담금 경감,web_search,2026-07-28T14:49:02.647109+00:00,4,미숙아 등 출생보고서,,,4,기타,0,"신청기관연락처목록: 거주지 읍/면/동 주민센터, 국민건강보험공단에서 ‘서비스 신청’ 조사기관연락처목록: 담당 시/군/구청 또는 국민건강보험공단에서 조사 및 심사 결정기관연락처목록: 담당 시/군/구청 또는 국민건강보험"
WLF00006331,자살예방센터 운영,web_search,2026-07-28T14:49:02.647109+00:00,1,"신분증(주민등록증, 운전면허증 등)",,,4,기타,0,"신청기관연락처목록: 거주지 읍/면/동 주민센터, 광역자살예방센터, 지역자살예방센터, 정신건강복지센터(자살예방팀)에서 ‘서비스 신청’ 조사기관연락처목록: 담당 시/군/구청 또는 광역자살예방센터, 지역자살예방센터, 정신"
WLF00006331,자살예방센터 운영,web_search,2026-07-28T14:49:02.647109+00:00,2,응급실 경과 기록지 또는 초진기록지 또는 진단서,,,4,기타,0,"신청기관연락처목록: 거주지 읍/면/동 주민센터, 광역자살예방센터, 지역자살예방센터, 정신건강복지센터(자살예방팀)에서 ‘서비스 신청’ 조사기관연락처목록: 담당 시/군/구청 또는 광역자살예방센터, 지역자살예방센터, 정신"
WLF00006331,자살예방센터 운영,web_search,2026-07-28T14:49:02.647109+00:00,3,진료비 계산서 또는 영수증,,,4,기타,0,"신청기관연락처목록: 거주지 읍/면/동 주민센터, 광역자살예방센터, 지역자살예방센터, 정신건강복지센터(자살예방팀)에서 ‘서비스 신청’ 조사기관연락처목록: 담당 시/군/구청 또는 광역자살예방센터, 지역자살예방센터, 정신"
WLF00006331,자살예방센터 운영,web_search,2026-07-28T14:49:02.647109+00:00,4,지원 대상자 본인 명의 통장 사본,,,4,기타,0,"신청기관연락처목록: 거주지 읍/면/동 주민센터, 광역자살예방센터, 지역자살예방센터, 정신건강복지센터(자살예방팀)에서 ‘서비스 신청’ 조사기관연락처목록: 담당 시/군/구청 또는 광역자살예방센터, 지역자살예방센터, 정신"
WLF00006354,중장년 (재)취업 자격시험 응시료 지원,web_search,2026-07-28T14:51:36.574322+00:00,1,응시료 지원 신청서,,,7,현금지급,1,방문 또는 전용 E-mail(gbjob@gangbuk.go.kr)로 신청
WLF00006354,중장년 (재)취업 자격시험 응시료 지원,web_search,2026-07-28T14:51:36.574322+00:00,2,개인정보 수집·이용·제공 동의서,,,7,현금지급,1,방문 또는 전용 E-mail(gbjob@gangbuk.go.kr)로 신청
WLF00006354,중장년 (재)취업 자격시험 응시료 지원,web_search,2026-07-28T14:51:36.574322+00:00,3,응시 여부 확인자료(응시 사실 확인서 또는 성적표),,,7,현금지급,1,방문 또는 전용 E-mail(gbjob@gangbuk.go.kr)로 신청
WLF00006354,중장년 (재)취업 자격시험 응시료 지원,web_search,2026-07-28T14:51:36.574322+00:00,4,응시료 결제 영수증 또는 결제 내역,,,7,현금지급,1,방문 또는 전용 E-mail(gbjob@gangbuk.go.kr)로 신청
WLF00006354,중장년 (재)취업 자격시험 응시료 지원,web_search,2026-07-28T14:51:36.574322+00:00,5,통장 사본(신청자 본인 명의),,,7,현금지급,1,방문 또는 전용 E-mail(gbjob@gangbuk.go.kr)로 신청
WLF00006354,중장년 (재)취업 자격시험 응시료 지원,web_search,2026-07-28T14:51:36.574322+00:00,6,주민등록등본 또는 초본,https://www.gov.kr/mw/AA020InfoCappView.do?CappBizCD=13100000015,certificate_issuance,7,현금지급,1,방문 또는 전용 E-mail(gbjob@gangbuk.go.kr)로 신청
WLF00006354,중장년 (재)취업 자격시험 응시료 지원,web_search,2026-07-28T14:51:36.574322+00:00,7,건강보험자격득실확인서,https://www.nhis.or.kr/nhis/index.do,certificate_issuance,7,현금지급,1,방문 또는 전용 E-mail(gbjob@gangbuk.go.kr)로 신청
WLF00006492,서울형 산후조리경비 지원,web_search,2026-07-28T14:51:36.574322+00:00,1,가족관계증명서,https://efamily.scourt.go.kr,certificate_issuance,4,전자바우처(바우처),0,탄생육아 몽땅정보(umppa.seoul.go.kr)에서 온라인으로 산모 본인이 직접 신청해야합니다. ※ 본인 외 대리신청 불가
WLF00006492,서울형 산후조리경비 지원,web_search,2026-07-28T14:51:36.574322+00:00,2,진단서,,,4,전자바우처(바우처),0,탄생육아 몽땅정보(umppa.seoul.go.kr)에서 온라인으로 산모 본인이 직접 신청해야합니다. ※ 본인 외 대리신청 불가
WLF00006492,서울형 산후조리경비 지원,web_search,2026-07-28T14:51:36.574322+00:00,3,"의료기관 발급 진단서 또는 의사소견서, 확인서, 사산증명서",,,4,전자바우처(바우처),0,탄생육아 몽땅정보(umppa.seoul.go.kr)에서 온라인으로 산모 본인이 직접 신청해야합니다. ※ 본인 외 대리신청 불가
WLF00006492,서울형 산후조리경비 지원,web_search,2026-07-28T14:51:36.574322+00:00,4,외국인등록사실증명 또는 국내거소신고사실증명,,,4,전자바우처(바우처),0,탄생육아 몽땅정보(umppa.seoul.go.kr)에서 온라인으로 산모 본인이 직접 신청해야합니다. ※ 본인 외 대리신청 불가
WLF00006578,서울형 입원 생활비 지원 사업,web_search,2026-07-28T14:51:36.574322+00:00,1,서울형 입원 생활비 지원 신청서,,,8,현금지급,0,"ㅇ 서울형 입원 생활비 지원 사업 누리집(sickleave.seoul.go.kr)에서 온라인 및 모바일 신청하거나, 거주지 관할 동주민센터 또는 보건소에 직접 방문하여 신청가능합니다. (팩스 또는 등기우편도 가능)"
WLF00006578,서울형 입원 생활비 지원 사업,web_search,2026-07-28T14:51:36.574322+00:00,2,입·퇴원확인서 또는 진료확인서 등 의료기관 발급서류,,,8,현금지급,0,"ㅇ 서울형 입원 생활비 지원 사업 누리집(sickleave.seoul.go.kr)에서 온라인 및 모바일 신청하거나, 거주지 관할 동주민센터 또는 보건소에 직접 방문하여 신청가능합니다. (팩스 또는 등기우편도 가능)"
WLF00006578,서울형 입원 생활비 지원 사업,web_search,2026-07-28T14:51:36.574322+00:00,3,입원연계 외래 진료 확인 서류,,,8,현금지급,0,"ㅇ 서울형 입원 생활비 지원 사업 누리집(sickleave.seoul.go.kr)에서 온라인 및 모바일 신청하거나, 거주지 관할 동주민센터 또는 보건소에 직접 방문하여 신청가능합니다. (팩스 또는 등기우편도 가능)"
WLF00006578,서울형 입원 생활비 지원 사업,web_search,2026-07-28T14:51:36.574322+00:00,4,국민건강검진 확인서 또는 건강검진결과 통보서,,,8,현금지급,0,"ㅇ 서울형 입원 생활비 지원 사업 누리집(sickleave.seoul.go.kr)에서 온라인 및 모바일 신청하거나, 거주지 관할 동주민센터 또는 보건소에 직접 방문하여 신청가능합니다. (팩스 또는 등기우편도 가능)"
WLF00006578,서울형 입원 생활비 지원 사업,web_search,2026-07-28T14:51:36.574322+00:00,5,근로(사업)활동 및 소득신고서류,,,8,현금지급,0,"ㅇ 서울형 입원 생활비 지원 사업 누리집(sickleave.seoul.go.kr)에서 온라인 및 모바일 신청하거나, 거주지 관할 동주민센터 또는 보건소에 직접 방문하여 신청가능합니다. (팩스 또는 등기우편도 가능)"
WLF00006578,서울형 입원 생활비 지원 사업,web_search,2026-07-28T14:51:36.574322+00:00,6,사업자등록증 (사업소득자),,,8,현금지급,0,"ㅇ 서울형 입원 생활비 지원 사업 누리집(sickleave.seoul.go.kr)에서 온라인 및 모바일 신청하거나, 거주지 관할 동주민센터 또는 보건소에 직접 방문하여 신청가능합니다. (팩스 또는 등기우편도 가능)"
WLF00006578,서울형 입원 생활비 지원 사업,web_search,2026-07-28T14:51:36.574322+00:00,7,"임대차계약서 (주거용 또는 사업장, 해당자)",,,8,현금지급,0,"ㅇ 서울형 입원 생활비 지원 사업 누리집(sickleave.seoul.go.kr)에서 온라인 및 모바일 신청하거나, 거주지 관할 동주민센터 또는 보건소에 직접 방문하여 신청가능합니다. (팩스 또는 등기우편도 가능)"
WLF00006578,서울형 입원 생활비 지원 사업,web_search,2026-07-28T14:51:36.574322+00:00,8,거주지·사업장 사용 확인서 (임대차계약서 없는 경우),,,8,현금지급,0,"ㅇ 서울형 입원 생활비 지원 사업 누리집(sickleave.seoul.go.kr)에서 온라인 및 모바일 신청하거나, 거주지 관할 동주민센터 또는 보건소에 직접 방문하여 신청가능합니다. (팩스 또는 등기우편도 가능)"
WLF00006584,학자금대출 신용회복지원 사업,web_search,2026-07-28T14:51:36.574322+00:00,1,주민등록초본,https://www.gov.kr/mw/AA020InfoCappView.do?CappBizCD=13100000015,certificate_issuance,1,기타,0,서울시 청년몽땅정보통(youth.seoul.go.kr)에서 온라인 신청
WLF00006653,서울형 안심 산후조리원 운영 시범사업,web_search,2026-07-28T14:51:36.574322+00:00,1,주민등록등본,https://www.gov.kr/mw/AA020InfoCappView.do?CappBizCD=13100000015,certificate_issuance,1,감면,0,"1. 출산 예정월 6개월 전 서울특별시 공공서비스 예약 사이트에서 1차 사전 예약 신청 2. 온라인 신청자 대상 1~4순위자 순, 동일 순위내 접수시간 순으로 1차 예약 배정 3. 1차 예약 배정자 대상 산후조리원으"
WLF00006678,미취업청년 자격시험 응시료 지원사업,web_search,2026-07-28T14:51:36.574322+00:00,1,응시료 지원 신청서,,,3,현금지급,0,종로구청 홈페이지에서 관련 양식 다운로드 및 작성 후 담당자 이메일로 제출
WLF00006678,미취업청년 자격시험 응시료 지원사업,web_search,2026-07-28T14:51:36.574322+00:00,2,부정수급방지확약서 및 행정정보공동이용동의서,,,3,현금지급,0,종로구청 홈페이지에서 관련 양식 다운로드 및 작성 후 담당자 이메일로 제출
WLF00006678,미취업청년 자격시험 응시료 지원사업,web_search,2026-07-28T14:51:36.574322+00:00,3,신분증,,,3,현금지급,0,종로구청 홈페이지에서 관련 양식 다운로드 및 작성 후 담당자 이메일로 제출
WLF00006688,강동구 고등학생 교육 이용료 지원,web_search,2026-07-28T14:51:36.574322+00:00,1,신청서,,,4,현금지급,0,주소지 관할 동주민센터에 직접 방문하거나 이메일 신청(강동구 고등학생 교육 이용료 지원 검색하여 강동구청 홈페이지 참고)
WLF00006688,강동구 고등학생 교육 이용료 지원,web_search,2026-07-28T14:51:36.574322+00:00,2,당해 연도 결제 영수증,,,4,현금지급,0,주소지 관할 동주민센터에 직접 방문하거나 이메일 신청(강동구 고등학생 교육 이용료 지원 검색하여 강동구청 홈페이지 참고)
WLF00006688,강동구 고등학생 교육 이용료 지원,web_search,2026-07-28T14:51:36.574322+00:00,3,신분증 사본,,,4,현금지급,0,주소지 관할 동주민센터에 직접 방문하거나 이메일 신청(강동구 고등학생 교육 이용료 지원 검색하여 강동구청 홈페이지 참고)
WLF00006688,강동구 고등학생 교육 이용료 지원,web_search,2026-07-28T14:51:36.574322+00:00,4,통장사본,,,4,현금지급,0,주소지 관할 동주민센터에 직접 방문하거나 이메일 신청(강동구 고등학생 교육 이용료 지원 검색하여 강동구청 홈페이지 참고)
